index,HeartRate_bpm,Temperature_C,SpO2_percent,MotionLevel,State
1,74.0,36.6,100.0,3.0,Awake/Idle
2,74.0,36.8,99.0,1.0,Awake/Idle
3,60.0,36.5,97.0,1.0,Awake/Idle
4,65.0,36.6,96.0,3.0,Awake/Idle
5,65.0,36.5,100.0,1.0,Awake/Idle
6,61.0,36.7,95.0,2.0,Awake/Idle
7,68.0,36.9,97.0,2.0,Awake/Idle
8,70.0,36.6,95.0,1.0,Awake/Idle
9,76.0,36.9,97.0,1.0,Awake/Idle
10,72.0,36.8,95.0,1.0,Awake/Idle
11,76.0,36.6,95.0,1.0,Awake/Idle
12,71.0,36.8,99.0,1.0,Awake/Idle
13,77.0,36.6,99.0,3.0,Awake/Idle
14,70.0,36.9,96.0,2.0,Awake/Idle
15,65.0,37.0,96.0,2.0,Awake/Idle
16,67.0,36.9,96.0,2.0,Awake/Idle
17,63.0,36.7,99.0,2.0,Awake/Idle
18,62.0,36.8,98.0,3.0,Awake/Idle
19,65.0,36.6,100.0,2.0,Awake/Idle
20,65.0,36.7,95.0,1.0,Awake/Idle
21,78.0,36.8,98.0,3.0,Awake/Idle
22,78.0,36.6,100.0,1.0,Awake/Idle
23,79.0,36.5,97.0,1.0,Awake/Idle
24,65.0,36.9,100.0,2.0,Awake/Idle
25,63.0,36.6,97.0,1.0,Awake/Idle
26,71.0,36.6,96.0,1.0,Awake/Idle
27,70.0,36.8,98.0,3.0,Awake/Idle
28,66.0,36.6,99.0,2.0,Awake/Idle
29,62.0,36.7,98.0,2.0,Awake/Idle
30,63.0,37.0,98.0,1.0,Awake/Idle
31,68.0,36.9,97.0,3.0,Awake/Idle
32,70.0,36.7,97.0,1.0,Awake/Idle
33,66.0,36.6,96.0,2.0,Awake/Idle
34,65.0,36.8,98.0,3.0,Awake/Idle
35,69.0,36.9,96.0,2.0,Awake/Idle
36,66.0,36.6,99.0,1.0,Awake/Idle
37,68.0,36.8,100.0,2.0,Awake/Idle
38,76.0,36.8,99.0,2.0,Awake/Idle
39,61.0,36.7,95.0,3.0,Awake/Idle
40,77.0,36.5,99.0,1.0,Awake/Idle
41,63.0,36.7,100.0,3.0,Awake/Idle
42,62.0,36.8,95.0,3.0,Awake/Idle
43,78.0,36.7,96.0,1.0,Awake/Idle
44,61.0,36.8,99.0,1.0,Awake/Idle
45,75.0,37.0,97.0,2.0,Awake/Idle
46,79.0,36.8,98.0,2.0,Awake/Idle
47,74.0,36.6,100.0,1.0,Awake/Idle
48,78.0,36.6,100.0,3.0,Awake/Idle
49,66.0,36.7,97.0,3.0,Awake/Idle
50,72.0,36.5,98.0,2.0,Awake/Idle
51,71.0,36.9,98.0,3.0,Awake/Idle
52,74.0,36.7,97.0,3.0,Awake/Idle
53,75.0,37.0,96.0,1.0,Awake/Idle
54,75.0,36.8,95.0,2.0,Awake/Idle
55,64.0,36.6,99.0,1.0,Awake/Idle
56,80.0,37.0,95.0,3.0,Awake/Idle
57,75.0,36.6,96.0,1.0,Awake/Idle
58,65.0,36.6,97.0,3.0,Awake/Idle
59,72.0,36.5,98.0,1.0,Awake/Idle
60,68.0,36.5,97.0,3.0,Awake/Idle
61,63.0,36.6,96.0,3.0,Awake/Idle
62,61.0,37.0,98.0,3.0,Awake/Idle
63,68.0,36.5,96.0,2.0,Awake/Idle
64,75.0,36.7,98.0,2.0,Awake/Idle
65,77.0,36.6,96.0,3.0,Awake/Idle
66,75.0,36.7,96.0,2.0,Awake/Idle
67,60.0,36.8,98.0,2.0,Awake/Idle
68,67.0,36.5,96.0,2.0,Awake/Idle
69,79.0,36.9,95.0,1.0,Awake/Idle
70,61.0,36.9,98.0,2.0,Awake/Idle
71,79.0,36.7,95.0,1.0,Awake/Idle
72,73.0,36.7,95.0,1.0,Awake/Idle
73,61.0,36.7,100.0,1.0,Awake/Idle
74,80.0,36.6,98.0,2.0,Awake/Idle
75,69.0,36.7,98.0,1.0,Awake/Idle
76,74.0,36.6,96.0,1.0,Awake/Idle
77,69.0,36.6,95.0,2.0,Awake/Idle
78,71.0,36.7,99.0,1.0,Awake/Idle
79,66.0,36.7,99.0,1.0,Awake/Idle
80,67.0,36.9,95.0,2.0,Awake/Idle
81,66.0,36.9,100.0,3.0,Awake/Idle
82,80.0,36.6,99.0,2.0,Awake/Idle
83,75.0,36.7,100.0,2.0,Awake/Idle
84,70.0,36.9,100.0,3.0,Awake/Idle
85,64.0,36.7,98.0,1.0,Awake/Idle
86,61.0,36.9,95.0,3.0,Awake/Idle
87,60.0,36.7,100.0,3.0,Awake/Idle
88,71.0,36.5,97.0,3.0,Awake/Idle
89,63.0,36.8,97.0,2.0,Awake/Idle
90,65.0,37.0,98.0,1.0,Awake/Idle
91,66.0,36.9,96.0,3.0,Awake/Idle
92,79.0,36.9,98.0,1.0,Awake/Idle
93,70.0,36.9,96.0,3.0,Awake/Idle
94,72.0,36.9,99.0,1.0,Awake/Idle
95,80.0,36.8,95.0,3.0,Awake/Idle
96,75.0,36.7,100.0,1.0,Awake/Idle
97,68.0,36.6,100.0,1.0,Awake/Idle
98,76.0,36.9,97.0,2.0,Awake/Idle
99,67.0,37.0,100.0,2.0,Awake/Idle
100,65.0,36.9,99.0,1.0,Awake/Idle
101,71.0,36.8,97.0,2.0,Awake/Idle
102,65.0,36.9,98.0,1.0,Awake/Idle
103,78.0,36.7,95.0,2.0,Awake/Idle
104,74.0,36.8,97.0,2.0,Awake/Idle
105,80.0,36.8,96.0,1.0,Awake/Idle
106,63.0,37.0,100.0,1.0,Awake/Idle
107,78.0,36.9,97.0,1.0,Awake/Idle
108,65.0,37.0,98.0,1.0,Awake/Idle
109,76.0,36.5,99.0,2.0,Awake/Idle
110,63.0,36.9,96.0,2.0,Awake/Idle
111,72.0,36.9,97.0,1.0,Awake/Idle
112,79.0,36.8,95.0,2.0,Awake/Idle
113,80.0,36.9,96.0,2.0,Awake/Idle
114,67.0,36.8,99.0,1.0,Awake/Idle
115,78.0,36.6,96.0,1.0,Awake/Idle
116,71.0,36.8,98.0,2.0,Awake/Idle
117,74.0,36.7,97.0,1.0,Awake/Idle
118,76.0,36.7,100.0,1.0,Awake/Idle
119,61.0,36.7,100.0,3.0,Awake/Idle
120,68.0,36.8,95.0,1.0,Awake/Idle
121,65.0,36.5,96.0,2.0,Awake/Idle
122,71.0,36.6,97.0,1.0,Awake/Idle
123,63.0,37.0,96.0,2.0,Awake/Idle
124,69.0,36.9,95.0,2.0,Awake/Idle
125,77.0,37.0,98.0,1.0,Awake/Idle
126,74.0,36.9,99.0,1.0,Awake/Idle
127,66.0,36.9,98.0,3.0,Awake/Idle
128,77.0,36.8,97.0,1.0,Awake/Idle
129,74.0,36.8,95.0,2.0,Awake/Idle
130,65.0,36.6,97.0,3.0,Awake/Idle
131,70.0,36.6,100.0,3.0,Awake/Idle
132,75.0,36.9,96.0,3.0,Awake/Idle
133,63.0,36.7,99.0,1.0,Awake/Idle
134,76.0,36.7,100.0,2.0,Awake/Idle
135,67.0,36.6,96.0,2.0,Awake/Idle
136,73.0,37.0,98.0,1.0,Awake/Idle
137,75.0,36.8,98.0,1.0,Awake/Idle
138,73.0,36.8,97.0,1.0,Awake/Idle
139,65.0,36.9,95.0,3.0,Awake/Idle
140,67.0,36.9,100.0,2.0,Awake/Idle
141,80.0,36.6,98.0,3.0,Awake/Idle
142,64.0,36.5,97.0,1.0,Awake/Idle
143,79.0,36.6,100.0,1.0,Awake/Idle
144,62.0,36.9,99.0,2.0,Awake/Idle
145,79.0,36.8,99.0,2.0,Awake/Idle
146,71.0,36.7,95.0,3.0,Awake/Idle
147,67.0,36.8,100.0,3.0,Awake/Idle
148,75.0,36.9,96.0,3.0,Awake/Idle
149,66.0,36.5,98.0,3.0,Awake/Idle
150,76.0,36.6,95.0,3.0,Awake/Idle
151,68.0,36.6,97.0,2.0,Awake/Idle
152,68.0,36.7,98.0,1.0,Awake/Idle
153,69.0,36.9,96.0,1.0,Awake/Idle
154,78.0,36.7,98.0,3.0,Awake/Idle
155,64.0,37.0,97.0,2.0,Awake/Idle
156,69.0,36.8,99.0,3.0,Awake/Idle
157,62.0,36.8,97.0,3.0,Awake/Idle
158,68.0,36.5,98.0,3.0,Awake/Idle
159,72.0,37.0,98.0,2.0,Awake/Idle
160,62.0,36.7,97.0,1.0,Awake/Idle
161,60.0,36.6,95.0,1.0,Awake/Idle
162,62.0,36.7,99.0,2.0,Awake/Idle
163,62.0,36.7,99.0,3.0,Awake/Idle
164,68.0,36.7,99.0,3.0,Awake/Idle
165,79.0,37.0,100.0,2.0,Awake/Idle
166,60.0,36.5,100.0,1.0,Awake/Idle
167,76.0,36.6,96.0,3.0,Awake/Idle
168,72.0,36.5,98.0,2.0,Awake/Idle
169,78.0,36.7,98.0,2.0,Awake/Idle
170,62.0,36.7,95.0,3.0,Awake/Idle
171,65.0,36.7,96.0,2.0,Awake/Idle
172,72.0,36.8,98.0,2.0,Awake/Idle
173,65.0,36.9,98.0,3.0,Awake/Idle
174,78.0,36.6,96.0,2.0,Awake/Idle
175,61.0,37.0,97.0,2.0,Awake/Idle
176,67.0,36.8,98.0,3.0,Awake/Idle
177,70.0,36.9,98.0,1.0,Awake/Idle
178,62.0,37.0,97.0,2.0,Awake/Idle
179,69.0,36.8,97.0,1.0,Awake/Idle
180,66.0,36.7,96.0,2.0,Awake/Idle
181,61.0,36.8,96.0,2.0,Awake/Idle
182,78.0,37.0,99.0,1.0,Awake/Idle
183,64.0,36.6,95.0,2.0,Awake/Idle
184,67.0,37.0,97.0,3.0,Awake/Idle
185,73.0,36.9,96.0,3.0,Awake/Idle
186,75.0,37.0,98.0,2.0,Awake/Idle
187,62.0,36.7,95.0,1.0,Awake/Idle
188,73.0,36.8,100.0,1.0,Awake/Idle
189,64.0,36.9,98.0,3.0,Awake/Idle
190,63.0,36.5,98.0,3.0,Awake/Idle
191,62.0,36.9,100.0,3.0,Awake/Idle
192,62.0,36.6,100.0,1.0,Awake/Idle
193,73.0,36.9,96.0,3.0,Awake/Idle
194,67.0,36.7,95.0,3.0,Awake/Idle
195,65.0,36.9,97.0,1.0,Awake/Idle
196,77.0,36.7,100.0,2.0,Awake/Idle
197,74.0,36.8,95.0,2.0,Awake/Idle
198,65.0,36.6,96.0,2.0,Awake/Idle
199,74.0,36.9,100.0,2.0,Awake/Idle
200,71.0,36.5,95.0,1.0,Awake/Idle
201,79.0,36.5,97.0,3.0,Awake/Idle
202,64.0,36.9,99.0,3.0,Awake/Idle
203,70.0,36.7,97.0,1.0,Awake/Idle
204,78.0,36.5,100.0,3.0,Awake/Idle
205,75.0,37.0,96.0,2.0,Awake/Idle
206,61.0,36.6,98.0,3.0,Awake/Idle
207,62.0,36.9,95.0,1.0,Awake/Idle
208,74.0,36.7,98.0,3.0,Awake/Idle
209,71.0,36.6,100.0,2.0,Awake/Idle
210,79.0,37.0,98.0,2.0,Awake/Idle
211,70.0,36.9,99.0,2.0,Awake/Idle
212,73.0,37.0,100.0,3.0,Awake/Idle
213,65.0,36.5,98.0,1.0,Awake/Idle
214,72.0,36.7,97.0,1.0,Awake/Idle
215,69.0,36.9,99.0,2.0,Awake/Idle
216,79.0,36.7,96.0,3.0,Awake/Idle
217,72.0,36.6,95.0,3.0,Awake/Idle
218,68.0,36.9,99.0,3.0,Awake/Idle
219,80.0,36.6,99.0,3.0,Awake/Idle
220,72.0,36.9,100.0,2.0,Awake/Idle
221,76.0,36.9,99.0,2.0,Awake/Idle
222,79.0,36.8,98.0,1.0,Awake/Idle
223,66.0,36.7,96.0,3.0,Awake/Idle
224,70.0,36.7,96.0,1.0,Awake/Idle
225,76.0,37.0,98.0,3.0,Awake/Idle
226,76.0,37.0,99.0,2.0,Awake/Idle
227,79.0,36.7,95.0,1.0,Awake/Idle
228,66.0,36.7,95.0,2.0,Awake/Idle
229,73.0,36.9,99.0,3.0,Awake/Idle
230,79.0,36.9,99.0,3.0,Awake/Idle
231,69.0,37.0,100.0,2.0,Awake/Idle
232,74.0,36.7,96.0,3.0,Awake/Idle
233,80.0,36.7,99.0,3.0,Awake/Idle
234,75.0,36.9,95.0,2.0,Awake/Idle
235,62.0,36.6,96.0,3.0,Awake/Idle
236,69.0,36.8,99.0,3.0,Awake/Idle
237,69.0,37.0,95.0,1.0,Awake/Idle
238,75.0,36.7,99.0,2.0,Awake/Idle
239,75.0,36.5,100.0,3.0,Awake/Idle
240,78.0,36.5,100.0,1.0,Awake/Idle
241,70.0,36.5,100.0,3.0,Awake/Idle
242,62.0,36.6,98.0,3.0,Awake/Idle
243,64.0,36.6,100.0,3.0,Awake/Idle
244,72.0,36.8,100.0,1.0,Awake/Idle
245,74.0,36.7,95.0,3.0,Awake/Idle
246,67.0,36.9,99.0,2.0,Awake/Idle
247,71.0,36.8,96.0,1.0,Awake/Idle
248,71.0,36.9,97.0,2.0,Awake/Idle
249,71.0,36.7,99.0,1.0,Awake/Idle
250,67.0,36.9,98.0,1.0,Awake/Idle
251,77.0,36.9,97.0,2.0,Awake/Idle
252,67.0,36.7,100.0,2.0,Awake/Idle
253,69.0,36.5,99.0,3.0,Awake/Idle
254,76.0,36.6,100.0,1.0,Awake/Idle
255,73.0,36.7,95.0,2.0,Awake/Idle
256,74.0,36.6,98.0,2.0,Awake/Idle
257,72.0,36.7,98.0,1.0,Awake/Idle
258,63.0,36.6,99.0,2.0,Awake/Idle
259,62.0,36.8,97.0,1.0,Awake/Idle
260,67.0,36.9,98.0,1.0,Awake/Idle
261,72.0,36.5,95.0,3.0,Awake/Idle
262,68.0,36.8,95.0,1.0,Awake/Idle
263,61.0,36.8,95.0,2.0,Awake/Idle
264,80.0,36.5,96.0,3.0,Awake/Idle
265,64.0,36.7,99.0,2.0,Awake/Idle
266,63.0,36.6,97.0,2.0,Awake/Idle
267,65.0,36.6,99.0,2.0,Awake/Idle
268,61.0,36.7,98.0,1.0,Awake/Idle
269,67.0,37.0,96.0,3.0,Awake/Idle
270,75.0,36.8,100.0,3.0,Awake/Idle
271,74.0,36.9,97.0,3.0,Awake/Idle
272,69.0,36.8,100.0,3.0,Awake/Idle
273,63.0,36.8,97.0,1.0,Awake/Idle
274,66.0,37.0,99.0,2.0,Awake/Idle
275,72.0,36.9,100.0,1.0,Awake/Idle
276,76.0,36.7,98.0,3.0,Awake/Idle
277,69.0,36.8,95.0,2.0,Awake/Idle
278,77.0,36.5,98.0,1.0,Awake/Idle
279,63.0,36.6,98.0,1.0,Awake/Idle
280,61.0,36.8,100.0,1.0,Awake/Idle
281,62.0,37.0,100.0,1.0,Awake/Idle
282,62.0,36.7,96.0,1.0,Awake/Idle
283,64.0,36.9,96.0,1.0,Awake/Idle
284,74.0,36.8,95.0,1.0,Awake/Idle
285,74.0,36.7,100.0,1.0,Awake/Idle
286,73.0,36.6,96.0,3.0,Awake/Idle
287,61.0,36.9,96.0,1.0,Awake/Idle
288,64.0,36.8,100.0,1.0,Awake/Idle
289,60.0,36.8,95.0,1.0,Awake/Idle
290,76.0,36.5,96.0,1.0,Awake/Idle
291,75.0,37.0,97.0,3.0,Awake/Idle
292,60.0,36.9,98.0,3.0,Awake/Idle
293,64.0,37.0,95.0,1.0,Awake/Idle
294,70.0,36.7,100.0,3.0,Awake/Idle
295,62.0,36.5,97.0,3.0,Awake/Idle
296,63.0,36.9,100.0,2.0,Awake/Idle
297,73.0,36.5,97.0,1.0,Awake/Idle
298,64.0,36.9,97.0,3.0,Awake/Idle
299,71.0,36.5,98.0,3.0,Awake/Idle
300,62.0,36.6,99.0,2.0,Awake/Idle
301,69.0,36.8,96.0,3.0,Awake/Idle
302,79.0,36.7,100.0,3.0,Awake/Idle
303,77.0,36.9,98.0,2.0,Awake/Idle
304,68.0,37.0,98.0,3.0,Awake/Idle
305,72.0,36.9,100.0,3.0,Awake/Idle
306,77.0,36.8,96.0,2.0,Awake/Idle
307,77.0,36.5,100.0,1.0,Awake/Idle
308,77.0,36.9,100.0,1.0,Awake/Idle
309,72.0,36.5,97.0,2.0,Awake/Idle
310,78.0,36.8,100.0,1.0,Awake/Idle
311,74.0,36.6,100.0,2.0,Awake/Idle
312,60.0,36.7,99.0,1.0,Awake/Idle
313,65.0,36.8,97.0,2.0,Awake/Idle
314,71.0,36.8,100.0,2.0,Awake/Idle
315,70.0,36.9,95.0,1.0,Awake/Idle
316,71.0,36.6,98.0,2.0,Awake/Idle
317,67.0,36.7,100.0,2.0,Awake/Idle
318,67.0,36.8,100.0,3.0,Awake/Idle
319,77.0,37.0,99.0,1.0,Awake/Idle
320,66.0,36.7,97.0,1.0,Awake/Idle
321,64.0,36.7,100.0,2.0,Awake/Idle
322,61.0,36.9,95.0,2.0,Awake/Idle
323,75.0,36.9,98.0,1.0,Awake/Idle
324,65.0,36.7,97.0,2.0,Awake/Idle
325,66.0,36.7,95.0,1.0,Awake/Idle
326,73.0,36.7,99.0,2.0,Awake/Idle
327,61.0,36.9,97.0,3.0,Awake/Idle
328,66.0,36.7,97.0,1.0,Awake/Idle
329,73.0,36.9,95.0,1.0,Awake/Idle
330,74.0,37.0,100.0,3.0,Awake/Idle
331,70.0,36.9,100.0,3.0,Awake/Idle
332,66.0,36.8,100.0,1.0,Awake/Idle
333,72.0,36.6,95.0,3.0,Awake/Idle
334,79.0,36.7,97.0,1.0,Awake/Idle
335,78.0,36.9,99.0,2.0,Awake/Idle
336,66.0,37.0,100.0,3.0,Awake/Idle
337,72.0,36.8,97.0,2.0,Awake/Idle
338,71.0,36.9,99.0,3.0,Awake/Idle
339,78.0,36.6,95.0,3.0,Awake/Idle
340,75.0,36.9,95.0,3.0,Awake/Idle
341,70.0,36.8,95.0,1.0,Awake/Idle
342,60.0,36.7,95.0,3.0,Awake/Idle
343,60.0,36.7,99.0,2.0,Awake/Idle
344,68.0,36.8,99.0,2.0,Awake/Idle
345,72.0,36.7,96.0,3.0,Awake/Idle
346,67.0,36.5,99.0,3.0,Awake/Idle
347,62.0,36.5,99.0,2.0,Awake/Idle
348,78.0,36.8,97.0,3.0,Awake/Idle
349,80.0,36.6,96.0,3.0,Awake/Idle
350,70.0,36.9,96.0,2.0,Awake/Idle
351,67.0,36.6,100.0,3.0,Awake/Idle
352,79.0,37.0,97.0,3.0,Awake/Idle
353,64.0,37.0,96.0,1.0,Awake/Idle
354,79.0,37.0,96.0,3.0,Awake/Idle
355,80.0,36.7,96.0,3.0,Awake/Idle
356,80.0,36.8,99.0,2.0,Awake/Idle
357,73.0,36.8,96.0,3.0,Awake/Idle
358,72.0,36.7,100.0,3.0,Awake/Idle
359,61.0,37.0,96.0,2.0,Awake/Idle
360,63.0,36.6,96.0,1.0,Awake/Idle
361,76.0,36.8,95.0,1.0,Awake/Idle
362,73.0,36.9,100.0,3.0,Awake/Idle
363,68.0,36.9,96.0,2.0,Awake/Idle
364,80.0,36.8,99.0,2.0,Awake/Idle
365,76.0,36.9,95.0,1.0,Awake/Idle
366,75.0,36.9,100.0,2.0,Awake/Idle
367,63.0,36.9,97.0,2.0,Awake/Idle
368,77.0,36.6,97.0,1.0,Awake/Idle
369,73.0,37.0,100.0,3.0,Awake/Idle
370,80.0,36.6,99.0,2.0,Awake/Idle
371,63.0,36.6,96.0,2.0,Awake/Idle
372,74.0,36.9,98.0,2.0,Awake/Idle
373,64.0,37.0,99.0,2.0,Awake/Idle
374,66.0,36.7,99.0,1.0,Awake/Idle
375,63.0,37.0,97.0,3.0,Awake/Idle
376,68.0,36.9,95.0,2.0,Awake/Idle
377,67.0,36.7,98.0,2.0,Awake/Idle
378,63.0,36.8,100.0,3.0,Awake/Idle
379,79.0,36.9,100.0,3.0,Awake/Idle
380,74.0,36.5,100.0,3.0,Awake/Idle
381,61.0,36.6,95.0,3.0,Awake/Idle
382,74.0,36.9,97.0,1.0,Awake/Idle
383,77.0,36.5,98.0,1.0,Awake/Idle
384,76.0,36.9,95.0,3.0,Awake/Idle
385,73.0,36.9,98.0,3.0,Awake/Idle
386,70.0,36.8,96.0,3.0,Awake/Idle
387,68.0,36.8,99.0,3.0,Awake/Idle
388,62.0,36.6,100.0,1.0,Awake/Idle
389,66.0,36.6,97.0,3.0,Awake/Idle
390,73.0,36.8,98.0,1.0,Awake/Idle
391,77.0,36.7,98.0,3.0,Awake/Idle
392,69.0,36.7,97.0,2.0,Awake/Idle
393,62.0,36.6,95.0,1.0,Awake/Idle
394,60.0,37.0,100.0,2.0,Awake/Idle
395,73.0,36.8,95.0,1.0,Awake/Idle
396,70.0,37.0,98.0,3.0,Awake/Idle
397,63.0,36.9,98.0,1.0,Awake/Idle
398,61.0,36.9,98.0,3.0,Awake/Idle
399,62.0,36.9,95.0,3.0,Awake/Idle
400,63.0,36.5,98.0,2.0,Awake/Idle
401,75.0,36.8,98.0,2.0,Awake/Idle
402,75.0,36.7,99.0,3.0,Awake/Idle
403,73.0,36.9,99.0,1.0,Awake/Idle
404,74.0,36.7,95.0,2.0,Awake/Idle
405,75.0,36.6,97.0,1.0,Awake/Idle
406,79.0,36.9,95.0,3.0,Awake/Idle
407,72.0,36.8,98.0,2.0,Awake/Idle
408,77.0,36.9,96.0,1.0,Awake/Idle
409,72.0,36.7,99.0,3.0,Awake/Idle
410,69.0,36.8,98.0,1.0,Awake/Idle
411,77.0,36.9,99.0,3.0,Awake/Idle
412,77.0,36.5,95.0,1.0,Awake/Idle
413,80.0,37.0,99.0,2.0,Awake/Idle
414,75.0,36.9,98.0,3.0,Awake/Idle
415,80.0,37.0,99.0,1.0,Awake/Idle
416,66.0,36.9,100.0,1.0,Awake/Idle
417,72.0,37.0,99.0,2.0,Awake/Idle
418,78.0,36.6,99.0,2.0,Awake/Idle
419,71.0,36.6,97.0,2.0,Awake/Idle
420,60.0,37.0,95.0,2.0,Awake/Idle
421,71.0,36.7,100.0,3.0,Awake/Idle
422,61.0,36.8,95.0,1.0,Awake/Idle
423,77.0,36.7,99.0,3.0,Awake/Idle
424,70.0,36.9,95.0,3.0,Awake/Idle
425,77.0,36.8,97.0,1.0,Awake/Idle
426,67.0,36.6,95.0,2.0,Awake/Idle
427,78.0,36.9,95.0,2.0,Awake/Idle
428,66.0,36.7,100.0,1.0,Awake/Idle
429,69.0,36.6,100.0,3.0,Awake/Idle
430,73.0,36.7,95.0,2.0,Awake/Idle
431,70.0,36.7,95.0,2.0,Awake/Idle
432,64.0,37.0,95.0,1.0,Awake/Idle
433,65.0,36.7,100.0,2.0,Awake/Idle
434,64.0,36.7,100.0,1.0,Awake/Idle
435,62.0,36.8,98.0,3.0,Awake/Idle
436,77.0,36.9,95.0,1.0,Awake/Idle
437,76.0,36.8,95.0,3.0,Awake/Idle
438,75.0,36.8,100.0,1.0,Awake/Idle
439,60.0,36.9,96.0,2.0,Awake/Idle
440,61.0,36.7,99.0,2.0,Awake/Idle
441,66.0,36.8,98.0,1.0,Awake/Idle
442,74.0,36.9,96.0,3.0,Awake/Idle
443,67.0,36.7,97.0,2.0,Awake/Idle
444,80.0,36.6,96.0,2.0,Awake/Idle
445,65.0,36.5,100.0,2.0,Awake/Idle
446,79.0,36.5,95.0,2.0,Awake/Idle
447,60.0,36.8,100.0,1.0,Awake/Idle
448,69.0,36.7,96.0,3.0,Awake/Idle
449,78.0,36.8,97.0,3.0,Awake/Idle
450,71.0,36.9,97.0,1.0,Awake/Idle
451,69.0,36.5,100.0,2.0,Awake/Idle
452,63.0,36.9,98.0,3.0,Awake/Idle
453,80.0,37.0,96.0,3.0,Awake/Idle
454,71.0,36.7,97.0,2.0,Awake/Idle
455,70.0,36.7,100.0,1.0,Awake/Idle
456,61.0,36.6,100.0,1.0,Awake/Idle
457,71.0,36.6,96.0,3.0,Awake/Idle
458,71.0,36.7,100.0,3.0,Awake/Idle
459,67.0,36.8,95.0,2.0,Awake/Idle
460,61.0,36.6,99.0,3.0,Awake/Idle
461,69.0,36.9,100.0,1.0,Awake/Idle
462,79.0,36.8,95.0,2.0,Awake/Idle
463,75.0,36.8,99.0,3.0,Awake/Idle
464,69.0,36.6,98.0,2.0,Awake/Idle
465,69.0,36.9,98.0,2.0,Awake/Idle
466,65.0,37.0,99.0,1.0,Awake/Idle
467,61.0,36.9,100.0,1.0,Awake/Idle
468,64.0,36.5,95.0,1.0,Awake/Idle
469,80.0,36.6,95.0,1.0,Awake/Idle
470,72.0,36.7,95.0,3.0,Awake/Idle
471,69.0,36.9,95.0,3.0,Awake/Idle
472,73.0,36.8,100.0,1.0,Awake/Idle
473,72.0,36.9,100.0,2.0,Awake/Idle
474,71.0,36.6,95.0,1.0,Awake/Idle
475,74.0,36.7,98.0,1.0,Awake/Idle
476,77.0,37.0,100.0,1.0,Awake/Idle
477,79.0,36.7,99.0,1.0,Awake/Idle
478,71.0,36.6,99.0,2.0,Awake/Idle
479,73.0,36.7,100.0,1.0,Awake/Idle
480,77.0,36.9,99.0,3.0,Awake/Idle
481,73.0,36.8,97.0,2.0,Awake/Idle
482,71.0,36.8,96.0,1.0,Awake/Idle
483,79.0,37.0,95.0,2.0,Awake/Idle
484,77.0,36.6,95.0,1.0,Awake/Idle
485,62.0,36.6,98.0,2.0,Awake/Idle
486,73.0,36.6,97.0,2.0,Awake/Idle
487,61.0,36.9,97.0,1.0,Awake/Idle
488,80.0,36.9,96.0,3.0,Awake/Idle
489,71.0,36.6,95.0,1.0,Awake/Idle
490,63.0,36.9,95.0,3.0,Awake/Idle
491,78.0,36.9,98.0,3.0,Awake/Idle
492,69.0,36.7,96.0,1.0,Awake/Idle
493,72.0,36.6,99.0,1.0,Awake/Idle
494,60.0,36.6,97.0,2.0,Awake/Idle
495,75.0,36.9,99.0,1.0,Awake/Idle
496,70.0,36.6,95.0,1.0,Awake/Idle
497,77.0,36.5,97.0,1.0,Awake/Idle
498,73.0,36.5,100.0,2.0,Awake/Idle
499,71.0,37.0,98.0,2.0,Awake/Idle
500,68.0,36.9,97.0,2.0,Awake/Idle
501,73.0,36.5,97.0,2.0,Awake/Idle
502,72.0,37.0,96.0,2.0,Awake/Idle
503,63.0,37.0,95.0,1.0,Awake/Idle
504,66.0,36.9,95.0,1.0,Awake/Idle
505,80.0,36.6,98.0,2.0,Awake/Idle
506,71.0,36.6,96.0,1.0,Awake/Idle
507,77.0,36.6,95.0,1.0,Awake/Idle
508,65.0,36.9,95.0,2.0,Awake/Idle
509,80.0,36.8,100.0,3.0,Awake/Idle
510,66.0,37.0,99.0,2.0,Awake/Idle
511,67.0,36.6,100.0,2.0,Awake/Idle
512,69.0,36.7,95.0,2.0,Awake/Idle
513,64.0,36.9,95.0,2.0,Awake/Idle
514,71.0,36.6,98.0,1.0,Awake/Idle
515,76.0,36.8,97.0,2.0,Awake/Idle
516,67.0,36.7,99.0,1.0,Awake/Idle
517,71.0,36.9,95.0,3.0,Awake/Idle
518,63.0,36.5,100.0,1.0,Awake/Idle
519,72.0,36.8,95.0,2.0,Awake/Idle
520,73.0,36.7,97.0,2.0,Awake/Idle
521,79.0,36.7,99.0,1.0,Awake/Idle
522,71.0,36.9,99.0,3.0,Awake/Idle
523,60.0,36.9,97.0,1.0,Awake/Idle
524,61.0,36.8,97.0,2.0,Awake/Idle
525,80.0,36.9,95.0,2.0,Awake/Idle
526,70.0,36.6,100.0,3.0,Awake/Idle
527,77.0,36.6,95.0,3.0,Awake/Idle
528,71.0,36.8,96.0,3.0,Awake/Idle
529,80.0,36.7,98.0,3.0,Awake/Idle
530,72.0,36.7,99.0,3.0,Awake/Idle
531,61.0,36.8,99.0,1.0,Awake/Idle
532,77.0,36.7,96.0,3.0,Awake/Idle
533,71.0,36.6,99.0,3.0,Awake/Idle
534,63.0,36.5,95.0,2.0,Awake/Idle
535,74.0,36.7,99.0,1.0,Awake/Idle
536,64.0,36.7,97.0,2.0,Awake/Idle
537,71.0,36.8,96.0,2.0,Awake/Idle
538,77.0,36.8,99.0,1.0,Awake/Idle
539,69.0,36.8,95.0,2.0,Awake/Idle
540,74.0,37.0,96.0,2.0,Awake/Idle
541,65.0,36.6,100.0,1.0,Awake/Idle
542,75.0,36.8,96.0,3.0,Awake/Idle
543,60.0,36.6,98.0,2.0,Awake/Idle
544,61.0,36.9,96.0,3.0,Awake/Idle
545,69.0,36.9,98.0,3.0,Awake/Idle
546,71.0,36.8,100.0,1.0,Awake/Idle
547,71.0,36.9,96.0,3.0,Awake/Idle
548,60.0,36.5,98.0,2.0,Awake/Idle
549,71.0,36.6,100.0,2.0,Awake/Idle
550,65.0,36.9,99.0,2.0,Awake/Idle
551,64.0,36.5,95.0,1.0,Awake/Idle
552,69.0,36.5,100.0,2.0,Awake/Idle
553,70.0,36.5,97.0,3.0,Awake/Idle
554,77.0,36.5,97.0,1.0,Awake/Idle
555,75.0,36.6,97.0,3.0,Awake/Idle
556,74.0,36.7,99.0,2.0,Awake/Idle
557,71.0,36.9,100.0,2.0,Awake/Idle
558,62.0,36.8,96.0,3.0,Awake/Idle
559,60.0,36.9,99.0,3.0,Awake/Idle
560,70.0,36.9,100.0,2.0,Awake/Idle
561,80.0,36.5,95.0,2.0,Awake/Idle
562,68.0,36.8,98.0,2.0,Awake/Idle
563,75.0,36.6,98.0,3.0,Awake/Idle
564,66.0,36.6,98.0,3.0,Awake/Idle
565,80.0,36.7,97.0,1.0,Awake/Idle
566,61.0,36.9,98.0,2.0,Awake/Idle
567,63.0,36.9,100.0,1.0,Awake/Idle
568,76.0,36.9,97.0,2.0,Awake/Idle
569,61.0,36.9,99.0,2.0,Awake/Idle
570,67.0,36.7,100.0,3.0,Awake/Idle
571,61.0,37.0,95.0,1.0,Awake/Idle
572,62.0,36.9,95.0,3.0,Awake/Idle
573,70.0,36.6,96.0,1.0,Awake/Idle
574,80.0,36.9,99.0,3.0,Awake/Idle
575,79.0,36.8,97.0,3.0,Awake/Idle
576,71.0,36.6,100.0,3.0,Awake/Idle
577,73.0,37.0,97.0,3.0,Awake/Idle
578,80.0,36.6,97.0,3.0,Awake/Idle
579,60.0,36.5,95.0,1.0,Awake/Idle
580,72.0,36.9,100.0,3.0,Awake/Idle
581,69.0,36.6,99.0,2.0,Awake/Idle
582,74.0,36.7,98.0,1.0,Awake/Idle
583,63.0,37.0,99.0,3.0,Awake/Idle
584,74.0,36.9,97.0,2.0,Awake/Idle
585,71.0,36.5,98.0,3.0,Awake/Idle
586,60.0,36.5,97.0,3.0,Awake/Idle
587,65.0,36.7,99.0,1.0,Awake/Idle
588,73.0,36.7,96.0,1.0,Awake/Idle
589,71.0,36.7,95.0,3.0,Awake/Idle
590,72.0,36.7,100.0,3.0,Awake/Idle
591,62.0,36.6,98.0,1.0,Awake/Idle
592,70.0,36.6,99.0,1.0,Awake/Idle
593,66.0,36.6,99.0,1.0,Awake/Idle
594,78.0,36.9,97.0,1.0,Awake/Idle
595,60.0,36.7,100.0,2.0,Awake/Idle
596,74.0,37.0,100.0,3.0,Awake/Idle
597,64.0,36.8,95.0,1.0,Awake/Idle
598,60.0,36.5,96.0,1.0,Awake/Idle
599,77.0,37.0,98.0,2.0,Awake/Idle
600,72.0,36.6,97.0,1.0,Awake/Idle
601,64.0,36.6,98.0,2.0,Awake/Idle
602,62.0,36.7,99.0,1.0,Awake/Idle
603,70.0,36.9,96.0,1.0,Awake/Idle
604,75.0,36.7,96.0,2.0,Awake/Idle
605,60.0,36.8,95.0,2.0,Awake/Idle
606,63.0,36.9,99.0,1.0,Awake/Idle
607,65.0,36.9,99.0,3.0,Awake/Idle
608,63.0,36.9,98.0,2.0,Awake/Idle
609,72.0,36.6,97.0,2.0,Awake/Idle
610,63.0,36.5,96.0,1.0,Awake/Idle
611,79.0,36.8,99.0,1.0,Awake/Idle
612,75.0,36.7,99.0,1.0,Awake/Idle
613,79.0,36.9,99.0,2.0,Awake/Idle
614,61.0,37.0,96.0,1.0,Awake/Idle
615,61.0,36.6,95.0,1.0,Awake/Idle
616,78.0,36.8,95.0,1.0,Awake/Idle
617,64.0,36.8,100.0,3.0,Awake/Idle
618,60.0,37.0,98.0,1.0,Awake/Idle
619,72.0,36.8,96.0,3.0,Awake/Idle
620,78.0,36.6,96.0,3.0,Awake/Idle
621,60.0,36.9,95.0,3.0,Awake/Idle
622,80.0,36.5,99.0,2.0,Awake/Idle
623,70.0,36.9,99.0,3.0,Awake/Idle
624,75.0,36.9,95.0,2.0,Awake/Idle
625,79.0,36.5,96.0,3.0,Awake/Idle
626,69.0,36.7,97.0,1.0,Awake/Idle
627,74.0,36.9,99.0,2.0,Awake/Idle
628,80.0,36.7,96.0,3.0,Awake/Idle
629,79.0,36.9,95.0,2.0,Awake/Idle
630,62.0,36.7,99.0,1.0,Awake/Idle
631,60.0,36.6,96.0,2.0,Awake/Idle
632,75.0,36.6,95.0,3.0,Awake/Idle
633,79.0,36.5,97.0,2.0,Awake/Idle
634,74.0,36.5,95.0,1.0,Awake/Idle
635,74.0,36.7,98.0,3.0,Awake/Idle
636,73.0,37.0,100.0,3.0,Awake/Idle
637,80.0,36.5,97.0,2.0,Awake/Idle
638,78.0,36.8,100.0,2.0,Awake/Idle
639,67.0,36.8,96.0,3.0,Awake/Idle
640,72.0,36.6,97.0,3.0,Awake/Idle
641,61.0,37.0,99.0,2.0,Awake/Idle
642,66.0,36.7,96.0,2.0,Awake/Idle
643,75.0,36.6,100.0,3.0,Awake/Idle
644,63.0,36.6,97.0,1.0,Awake/Idle
645,78.0,36.7,97.0,2.0,Awake/Idle
646,72.0,36.9,95.0,3.0,Awake/Idle
647,68.0,36.9,98.0,3.0,Awake/Idle
648,60.0,36.7,95.0,3.0,Awake/Idle
649,79.0,36.7,98.0,3.0,Awake/Idle
650,78.0,36.8,98.0,2.0,Awake/Idle
651,73.0,36.6,100.0,2.0,Awake/Idle
652,79.0,37.0,98.0,3.0,Awake/Idle
653,68.0,36.6,100.0,2.0,Awake/Idle
654,70.0,36.7,100.0,1.0,Awake/Idle
655,70.0,36.9,97.0,2.0,Awake/Idle
656,65.0,36.6,95.0,1.0,Awake/Idle
657,66.0,36.6,98.0,2.0,Awake/Idle
658,80.0,36.8,100.0,2.0,Awake/Idle
659,67.0,36.7,97.0,1.0,Awake/Idle
660,69.0,36.7,98.0,1.0,Awake/Idle
661,65.0,36.9,98.0,3.0,Awake/Idle
662,65.0,36.7,99.0,2.0,Awake/Idle
663,60.0,36.8,98.0,1.0,Awake/Idle
664,77.0,36.8,96.0,3.0,Awake/Idle
665,71.0,37.0,100.0,2.0,Awake/Idle
666,66.0,36.7,96.0,1.0,Awake/Idle
667,77.0,36.7,95.0,2.0,Awake/Idle
668,61.0,36.8,97.0,1.0,Awake/Idle
669,78.0,37.0,99.0,3.0,Awake/Idle
670,64.0,36.6,96.0,2.0,Awake/Idle
671,74.0,36.7,97.0,1.0,Awake/Idle
672,69.0,36.6,96.0,3.0,Awake/Idle
673,76.0,36.5,100.0,3.0,Awake/Idle
674,73.0,36.9,97.0,3.0,Awake/Idle
675,60.0,36.9,99.0,3.0,Awake/Idle
676,63.0,36.7,96.0,2.0,Awake/Idle
677,67.0,36.7,96.0,2.0,Awake/Idle
678,63.0,36.9,95.0,1.0,Awake/Idle
679,71.0,36.6,100.0,2.0,Awake/Idle
680,65.0,36.5,99.0,2.0,Awake/Idle
681,67.0,36.9,99.0,3.0,Awake/Idle
682,72.0,36.5,97.0,2.0,Awake/Idle
683,61.0,36.6,100.0,3.0,Awake/Idle
684,66.0,37.0,95.0,3.0,Awake/Idle
685,67.0,36.7,95.0,3.0,Awake/Idle
686,78.0,36.9,96.0,1.0,Awake/Idle
687,77.0,36.7,96.0,1.0,Awake/Idle
688,62.0,36.6,96.0,3.0,Awake/Idle
689,78.0,36.6,95.0,3.0,Awake/Idle
690,66.0,36.8,97.0,3.0,Awake/Idle
691,76.0,36.6,97.0,2.0,Awake/Idle
692,76.0,36.6,97.0,1.0,Awake/Idle
693,61.0,36.9,100.0,3.0,Awake/Idle
694,66.0,36.7,96.0,2.0,Awake/Idle
695,63.0,36.6,99.0,2.0,Awake/Idle
696,61.0,36.8,95.0,1.0,Awake/Idle
697,73.0,36.5,97.0,1.0,Awake/Idle
698,66.0,36.8,99.0,2.0,Awake/Idle
699,66.0,37.0,99.0,2.0,Awake/Idle
700,62.0,36.6,100.0,1.0,Awake/Idle
701,77.0,36.9,96.0,3.0,Awake/Idle
702,65.0,37.0,97.0,3.0,Awake/Idle
703,77.0,36.8,95.0,2.0,Awake/Idle
704,65.0,36.6,96.0,2.0,Awake/Idle
705,68.0,36.7,99.0,1.0,Awake/Idle
706,80.0,36.6,99.0,1.0,Awake/Idle
707,74.0,36.6,99.0,3.0,Awake/Idle
708,79.0,36.9,97.0,3.0,Awake/Idle
709,71.0,36.7,100.0,2.0,Awake/Idle
710,76.0,36.8,100.0,2.0,Awake/Idle
711,78.0,36.5,98.0,2.0,Awake/Idle
712,64.0,36.9,100.0,1.0,Awake/Idle
713,80.0,36.5,98.0,2.0,Awake/Idle
714,61.0,36.7,98.0,2.0,Awake/Idle
715,67.0,36.7,98.0,3.0,Awake/Idle
716,75.0,36.6,95.0,1.0,Awake/Idle
717,66.0,36.7,98.0,2.0,Awake/Idle
718,78.0,36.6,96.0,1.0,Awake/Idle
719,69.0,36.9,95.0,3.0,Awake/Idle
720,68.0,36.9,98.0,2.0,Awake/Idle
721,73.0,36.7,96.0,3.0,Awake/Idle
722,64.0,36.7,96.0,3.0,Awake/Idle
723,66.0,36.6,97.0,1.0,Awake/Idle
724,60.0,36.8,99.0,2.0,Awake/Idle
725,70.0,36.7,99.0,3.0,Awake/Idle
726,69.0,36.7,98.0,1.0,Awake/Idle
727,79.0,37.0,98.0,1.0,Awake/Idle
728,67.0,36.6,95.0,2.0,Awake/Idle
729,70.0,36.8,96.0,3.0,Awake/Idle
730,64.0,36.6,98.0,1.0,Awake/Idle
731,71.0,37.0,100.0,1.0,Awake/Idle
732,74.0,36.9,96.0,2.0,Awake/Idle
733,78.0,36.6,96.0,1.0,Awake/Idle
734,68.0,36.6,98.0,3.0,Awake/Idle
735,77.0,36.9,98.0,3.0,Awake/Idle
736,73.0,36.9,95.0,3.0,Awake/Idle
737,66.0,36.7,96.0,1.0,Awake/Idle
738,79.0,36.7,98.0,1.0,Awake/Idle
739,65.0,37.0,99.0,1.0,Awake/Idle
740,63.0,36.5,96.0,2.0,Awake/Idle
741,66.0,36.6,95.0,3.0,Awake/Idle
742,73.0,36.8,99.0,2.0,Awake/Idle
743,60.0,36.7,95.0,2.0,Awake/Idle
744,63.0,36.9,97.0,3.0,Awake/Idle
745,76.0,36.8,97.0,2.0,Awake/Idle
746,78.0,36.7,100.0,2.0,Awake/Idle
747,72.0,36.7,100.0,2.0,Awake/Idle
748,78.0,36.7,100.0,3.0,Awake/Idle
749,73.0,36.6,99.0,1.0,Awake/Idle
750,70.0,37.0,95.0,2.0,Awake/Idle
751,60.0,36.9,95.0,2.0,Awake/Idle
752,76.0,36.6,100.0,3.0,Awake/Idle
753,79.0,36.5,96.0,3.0,Awake/Idle
754,63.0,36.9,97.0,3.0,Awake/Idle
755,73.0,36.6,100.0,1.0,Awake/Idle
756,79.0,36.5,97.0,3.0,Awake/Idle
757,61.0,36.8,95.0,1.0,Awake/Idle
758,72.0,36.7,100.0,2.0,Awake/Idle
759,73.0,36.7,98.0,2.0,Awake/Idle
760,64.0,36.6,99.0,2.0,Awake/Idle
761,68.0,36.5,97.0,3.0,Awake/Idle
762,70.0,36.9,97.0,2.0,Awake/Idle
763,78.0,36.6,96.0,3.0,Awake/Idle
764,63.0,36.7,97.0,2.0,Awake/Idle
765,70.0,36.5,96.0,1.0,Awake/Idle
766,74.0,37.0,99.0,3.0,Awake/Idle
767,77.0,36.6,100.0,2.0,Awake/Idle
768,72.0,36.7,100.0,3.0,Awake/Idle
769,68.0,36.8,100.0,1.0,Awake/Idle
770,71.0,36.7,100.0,1.0,Awake/Idle
771,61.0,37.0,98.0,1.0,Awake/Idle
772,66.0,36.7,95.0,2.0,Awake/Idle
773,75.0,36.6,96.0,2.0,Awake/Idle
774,66.0,36.8,98.0,1.0,Awake/Idle
775,65.0,36.6,95.0,1.0,Awake/Idle
776,71.0,36.7,99.0,1.0,Awake/Idle
777,69.0,36.7,96.0,1.0,Awake/Idle
778,63.0,36.6,99.0,3.0,Awake/Idle
779,78.0,36.8,100.0,2.0,Awake/Idle
780,79.0,36.6,96.0,2.0,Awake/Idle
781,79.0,36.5,100.0,1.0,Awake/Idle
782,60.0,36.8,98.0,1.0,Awake/Idle
783,80.0,36.9,98.0,3.0,Awake/Idle
784,80.0,36.6,97.0,2.0,Awake/Idle
785,79.0,36.8,99.0,2.0,Awake/Idle
786,76.0,36.8,99.0,1.0,Awake/Idle
787,71.0,36.7,98.0,2.0,Awake/Idle
788,76.0,36.8,96.0,1.0,Awake/Idle
789,76.0,36.7,98.0,3.0,Awake/Idle
790,74.0,36.7,100.0,2.0,Awake/Idle
791,68.0,36.6,96.0,2.0,Awake/Idle
792,78.0,36.8,96.0,3.0,Awake/Idle
793,79.0,37.0,96.0,1.0,Awake/Idle
794,70.0,36.8,99.0,3.0,Awake/Idle
795,80.0,36.7,98.0,3.0,Awake/Idle
796,76.0,36.7,96.0,1.0,Awake/Idle
797,62.0,36.6,98.0,2.0,Awake/Idle
798,76.0,36.9,99.0,1.0,Awake/Idle
799,80.0,36.8,99.0,3.0,Awake/Idle
800,71.0,36.6,99.0,1.0,Awake/Idle
801,67.0,36.6,97.0,2.0,Awake/Idle
802,62.0,37.0,99.0,2.0,Awake/Idle
803,64.0,36.6,96.0,3.0,Awake/Idle
804,64.0,36.5,100.0,2.0,Awake/Idle
805,74.0,36.8,100.0,2.0,Awake/Idle
806,62.0,36.6,98.0,1.0,Awake/Idle
807,74.0,36.5,99.0,2.0,Awake/Idle
808,77.0,36.8,99.0,3.0,Awake/Idle
809,69.0,36.9,100.0,2.0,Awake/Idle
810,78.0,37.0,97.0,2.0,Awake/Idle
811,66.0,36.6,97.0,3.0,Awake/Idle
812,73.0,36.9,95.0,2.0,Awake/Idle
813,78.0,36.7,100.0,2.0,Awake/Idle
814,65.0,36.6,99.0,1.0,Awake/Idle
815,69.0,36.9,98.0,3.0,Awake/Idle
816,70.0,36.8,99.0,2.0,Awake/Idle
817,61.0,36.6,96.0,3.0,Awake/Idle
818,76.0,36.5,97.0,3.0,Awake/Idle
819,67.0,36.6,99.0,1.0,Awake/Idle
820,65.0,36.7,99.0,2.0,Awake/Idle
821,61.0,36.8,100.0,1.0,Awake/Idle
822,68.0,36.8,96.0,3.0,Awake/Idle
823,69.0,36.5,95.0,2.0,Awake/Idle
824,67.0,36.8,96.0,3.0,Awake/Idle
825,65.0,36.6,99.0,1.0,Awake/Idle
826,65.0,36.5,99.0,3.0,Awake/Idle
827,79.0,36.9,97.0,2.0,Awake/Idle
828,67.0,37.0,96.0,3.0,Awake/Idle
829,79.0,36.7,96.0,3.0,Awake/Idle
830,78.0,37.0,98.0,2.0,Awake/Idle
831,67.0,36.6,97.0,1.0,Awake/Idle
832,60.0,36.9,100.0,1.0,Awake/Idle
833,61.0,36.5,98.0,3.0,Awake/Idle
834,62.0,36.6,98.0,1.0,Awake/Idle
835,78.0,36.8,100.0,2.0,Awake/Idle
836,72.0,36.9,99.0,2.0,Awake/Idle
837,66.0,36.7,97.0,2.0,Awake/Idle
838,72.0,36.8,96.0,2.0,Awake/Idle
839,75.0,36.8,95.0,2.0,Awake/Idle
840,64.0,36.7,99.0,2.0,Awake/Idle
841,71.0,36.7,100.0,1.0,Awake/Idle
842,77.0,36.7,95.0,3.0,Awake/Idle
843,71.0,36.8,99.0,3.0,Awake/Idle
844,70.0,36.8,100.0,3.0,Awake/Idle
845,71.0,36.6,99.0,2.0,Awake/Idle
846,78.0,36.7,97.0,1.0,Awake/Idle
847,75.0,36.6,98.0,2.0,Awake/Idle
848,63.0,36.8,97.0,2.0,Awake/Idle
849,66.0,36.5,96.0,2.0,Awake/Idle
850,78.0,36.8,97.0,2.0,Awake/Idle
851,73.0,36.8,96.0,1.0,Awake/Idle
852,66.0,36.7,100.0,2.0,Awake/Idle
853,73.0,36.8,100.0,1.0,Awake/Idle
854,62.0,36.8,95.0,1.0,Awake/Idle
855,65.0,36.7,96.0,3.0,Awake/Idle
856,80.0,36.5,97.0,3.0,Awake/Idle
857,76.0,36.9,100.0,3.0,Awake/Idle
858,73.0,36.7,100.0,1.0,Awake/Idle
859,60.0,36.6,97.0,2.0,Awake/Idle
860,65.0,37.0,97.0,2.0,Awake/Idle
861,73.0,36.6,99.0,3.0,Awake/Idle
862,70.0,36.9,96.0,1.0,Awake/Idle
863,70.0,37.0,100.0,3.0,Awake/Idle
864,78.0,36.8,95.0,3.0,Awake/Idle
865,75.0,36.8,98.0,3.0,Awake/Idle
866,68.0,36.9,98.0,1.0,Awake/Idle
867,60.0,37.0,100.0,3.0,Awake/Idle
868,61.0,36.7,96.0,3.0,Awake/Idle
869,70.0,36.6,100.0,1.0,Awake/Idle
870,63.0,36.6,95.0,2.0,Awake/Idle
871,73.0,37.0,96.0,2.0,Awake/Idle
872,65.0,36.9,99.0,2.0,Awake/Idle
873,75.0,36.8,95.0,1.0,Awake/Idle
874,75.0,36.8,100.0,1.0,Awake/Idle
875,62.0,36.5,99.0,2.0,Awake/Idle
876,78.0,37.0,98.0,3.0,Awake/Idle
877,77.0,36.5,98.0,2.0,Awake/Idle
878,64.0,36.9,98.0,1.0,Awake/Idle
879,77.0,36.6,100.0,3.0,Awake/Idle
880,75.0,36.9,99.0,3.0,Awake/Idle
881,68.0,36.8,98.0,1.0,Awake/Idle
882,63.0,36.9,100.0,2.0,Awake/Idle
883,60.0,36.6,95.0,1.0,Awake/Idle
884,63.0,36.5,97.0,2.0,Awake/Idle
885,73.0,36.6,100.0,3.0,Awake/Idle
886,65.0,36.9,95.0,2.0,Awake/Idle
887,63.0,36.6,97.0,2.0,Awake/Idle
888,76.0,36.5,99.0,3.0,Awake/Idle
889,73.0,36.5,98.0,1.0,Awake/Idle
890,71.0,36.7,97.0,3.0,Awake/Idle
891,64.0,36.9,100.0,3.0,Awake/Idle
892,68.0,36.5,100.0,1.0,Awake/Idle
893,79.0,36.8,96.0,3.0,Awake/Idle
894,79.0,36.6,99.0,2.0,Awake/Idle
895,79.0,36.9,100.0,3.0,Awake/Idle
896,78.0,36.8,100.0,2.0,Awake/Idle
897,66.0,36.8,99.0,2.0,Awake/Idle
898,67.0,36.5,95.0,2.0,Awake/Idle
899,76.0,36.9,97.0,2.0,Awake/Idle
900,67.0,36.8,95.0,3.0,Awake/Idle
901,62.0,36.7,95.0,2.0,Awake/Idle
902,69.0,36.7,97.0,1.0,Awake/Idle
903,69.0,36.6,97.0,1.0,Awake/Idle
904,74.0,36.7,99.0,1.0,Awake/Idle
905,79.0,36.6,98.0,3.0,Awake/Idle
906,72.0,36.7,96.0,3.0,Awake/Idle
907,67.0,36.7,96.0,1.0,Awake/Idle
908,71.0,36.6,97.0,2.0,Awake/Idle
909,70.0,36.9,98.0,3.0,Awake/Idle
910,62.0,36.8,97.0,2.0,Awake/Idle
911,76.0,36.6,97.0,3.0,Awake/Idle
912,69.0,36.8,99.0,2.0,Awake/Idle
913,76.0,36.7,97.0,2.0,Awake/Idle
914,79.0,36.7,99.0,3.0,Awake/Idle
915,73.0,36.5,100.0,3.0,Awake/Idle
916,76.0,36.9,99.0,3.0,Awake/Idle
917,67.0,36.8,96.0,3.0,Awake/Idle
918,62.0,36.9,97.0,3.0,Awake/Idle
919,74.0,36.6,100.0,1.0,Awake/Idle
920,60.0,36.6,96.0,1.0,Awake/Idle
921,80.0,37.0,97.0,3.0,Awake/Idle
922,78.0,36.9,99.0,2.0,Awake/Idle
923,73.0,36.7,98.0,2.0,Awake/Idle
924,61.0,36.6,96.0,1.0,Awake/Idle
925,76.0,36.6,95.0,3.0,Awake/Idle
926,72.0,36.7,96.0,2.0,Awake/Idle
927,62.0,36.6,97.0,3.0,Awake/Idle
928,73.0,36.7,97.0,3.0,Awake/Idle
929,69.0,36.5,95.0,2.0,Awake/Idle
930,65.0,36.5,95.0,2.0,Awake/Idle
931,78.0,36.8,97.0,3.0,Awake/Idle
932,72.0,36.8,95.0,3.0,Awake/Idle
933,60.0,36.8,96.0,1.0,Awake/Idle
934,75.0,37.0,96.0,2.0,Awake/Idle
935,66.0,36.7,100.0,3.0,Awake/Idle
936,71.0,36.9,99.0,3.0,Awake/Idle
937,73.0,36.6,99.0,1.0,Awake/Idle
938,68.0,36.7,99.0,1.0,Awake/Idle
939,75.0,37.0,99.0,3.0,Awake/Idle
940,65.0,36.7,100.0,1.0,Awake/Idle
941,72.0,36.7,96.0,2.0,Awake/Idle
942,74.0,36.8,99.0,2.0,Awake/Idle
943,80.0,36.9,97.0,2.0,Awake/Idle
944,65.0,36.7,97.0,1.0,Awake/Idle
945,67.0,36.7,96.0,1.0,Awake/Idle
946,62.0,36.8,98.0,1.0,Awake/Idle
947,80.0,36.8,96.0,2.0,Awake/Idle
948,67.0,36.9,97.0,2.0,Awake/Idle
949,78.0,36.7,97.0,2.0,Awake/Idle
950,77.0,36.6,98.0,2.0,Awake/Idle
951,49.0,36.3,85.0,0.0,Fainting
952,43.0,35.7,86.0,1.0,Fainting
953,54.0,35.8,92.0,1.0,Fainting
954,56.0,35.7,87.0,1.0,Fainting
955,58.0,36.2,85.0,0.0,Fainting
956,40.0,35.7,87.0,1.0,Fainting
957,56.0,36.1,86.0,0.0,Fainting
958,58.0,36.4,86.0,1.0,Fainting
959,47.0,35.6,94.0,1.0,Fainting
960,53.0,35.8,94.0,0.0,Fainting
961,38.0,35.5,89.0,0.0,Fainting
962,32.0,36.0,91.0,0.0,Fainting
963,42.0,35.8,86.0,0.0,Fainting
964,46.0,36.3,93.0,1.0,Fainting
965,51.0,36.1,90.0,0.0,Fainting
966,40.0,35.7,91.0,0.0,Fainting
967,51.0,36.2,94.0,1.0,Fainting
968,58.0,36.3,94.0,0.0,Fainting
969,53.0,36.0,87.0,0.0,Fainting
970,47.0,35.6,95.0,1.0,Fainting
971,42.0,35.7,95.0,1.0,Fainting
972,56.0,35.7,88.0,0.0,Fainting
973,43.0,35.5,86.0,1.0,Fainting
974,58.0,36.3,92.0,0.0,Fainting
975,37.0,35.8,93.0,1.0,Fainting
976,38.0,36.5,85.0,0.0,Fainting
977,41.0,35.5,88.0,1.0,Fainting
978,55.0,35.7,85.0,0.0,Fainting
979,48.0,35.8,89.0,1.0,Fainting
980,50.0,36.0,87.0,1.0,Fainting
981,46.0,36.1,87.0,0.0,Fainting
982,35.0,36.1,90.0,1.0,Fainting
983,45.0,36.1,93.0,0.0,Fainting
984,57.0,36.2,89.0,1.0,Fainting
985,35.0,36.0,94.0,1.0,Fainting
986,35.0,35.6,89.0,0.0,Fainting
987,50.0,36.2,87.0,0.0,Fainting
988,45.0,36.4,93.0,0.0,Fainting
989,30.0,35.9,85.0,0.0,Fainting
990,30.0,36.4,94.0,0.0,Fainting
991,53.0,36.5,95.0,0.0,Fainting
992,52.0,35.9,88.0,0.0,Fainting
993,39.0,36.4,90.0,0.0,Fainting
994,31.0,36.2,86.0,0.0,Fainting
995,58.0,36.0,86.0,0.0,Fainting
996,54.0,36.3,87.0,0.0,Fainting
997,50.0,36.5,87.0,1.0,Fainting
998,56.0,35.7,85.0,0.0,Fainting
999,53.0,36.1,85.0,0.0,Fainting
1000,54.0,36.0,87.0,0.0,Fainting
1001,54.0,36.0,90.0,1.0,Fainting
1002,58.0,35.6,94.0,1.0,Fainting
1003,42.0,36.4,85.0,0.0,Fainting
1004,59.0,35.7,93.0,1.0,Fainting
1005,58.0,36.3,93.0,1.0,Fainting
1006,56.0,35.5,91.0,1.0,Fainting
1007,52.0,36.5,90.0,1.0,Fainting
1008,35.0,36.5,90.0,0.0,Fainting
1009,51.0,36.0,89.0,1.0,Fainting
1010,57.0,35.6,86.0,0.0,Fainting
1011,56.0,35.9,85.0,1.0,Fainting
1012,49.0,35.6,95.0,0.0,Fainting
1013,51.0,36.1,85.0,0.0,Fainting
1014,39.0,36.2,90.0,0.0,Fainting
1015,45.0,35.6,92.0,0.0,Fainting
1016,45.0,35.5,94.0,0.0,Fainting
1017,47.0,36.0,94.0,0.0,Fainting
1018,53.0,35.9,94.0,1.0,Fainting
1019,31.0,36.1,91.0,1.0,Fainting
1020,53.0,36.0,91.0,1.0,Fainting
1021,34.0,35.8,89.0,0.0,Fainting
1022,49.0,36.4,91.0,0.0,Fainting
1023,60.0,35.8,87.0,1.0,Fainting
1024,37.0,35.6,92.0,0.0,Fainting
1025,51.0,36.2,94.0,0.0,Fainting
1026,55.0,36.3,92.0,1.0,Fainting
1027,30.0,35.9,85.0,0.0,Fainting
1028,35.0,36.1,88.0,1.0,Fainting
1029,37.0,36.5,90.0,1.0,Fainting
1030,44.0,36.4,86.0,1.0,Fainting
1031,54.0,36.3,95.0,1.0,Fainting
1032,49.0,36.0,92.0,0.0,Fainting
1033,33.0,36.4,88.0,0.0,Fainting
1034,30.0,36.0,85.0,0.0,Fainting
1035,53.0,35.5,88.0,1.0,Fainting
1036,31.0,35.8,87.0,1.0,Fainting
1037,30.0,35.6,91.0,0.0,Fainting
1038,44.0,36.1,93.0,1.0,Fainting
1039,60.0,36.5,95.0,1.0,Fainting
1040,36.0,35.6,93.0,0.0,Fainting
1041,32.0,35.6,90.0,1.0,Fainting
1042,49.0,35.8,85.0,1.0,Fainting
1043,51.0,35.6,85.0,0.0,Fainting
1044,51.0,35.8,93.0,0.0,Fainting
1045,52.0,36.0,95.0,1.0,Fainting
1046,33.0,36.1,89.0,1.0,Fainting
1047,40.0,36.3,92.0,1.0,Fainting
1048,48.0,36.0,85.0,0.0,Fainting
1049,33.0,35.6,90.0,1.0,Fainting
1050,51.0,35.6,94.0,0.0,Fainting
1051,33.0,35.5,89.0,1.0,Fainting
1052,39.0,36.0,86.0,0.0,Fainting
1053,43.0,36.0,85.0,0.0,Fainting
1054,59.0,36.1,95.0,0.0,Fainting
1055,59.0,36.2,86.0,0.0,Fainting
1056,56.0,35.9,86.0,0.0,Fainting
1057,55.0,35.7,94.0,0.0,Fainting
1058,41.0,36.3,86.0,1.0,Fainting
1059,40.0,36.0,94.0,1.0,Fainting
1060,35.0,36.3,86.0,1.0,Fainting
1061,37.0,36.3,93.0,1.0,Fainting
1062,44.0,35.7,93.0,1.0,Fainting
1063,49.0,36.3,89.0,0.0,Fainting
1064,38.0,35.7,87.0,1.0,Fainting
1065,48.0,35.8,94.0,0.0,Fainting
1066,53.0,35.6,87.0,0.0,Fainting
1067,55.0,36.2,93.0,0.0,Fainting
1068,45.0,36.4,95.0,1.0,Fainting
1069,33.0,35.6,91.0,0.0,Fainting
1070,60.0,35.8,95.0,0.0,Fainting
1071,32.0,36.3,88.0,1.0,Fainting
1072,49.0,36.1,87.0,1.0,Fainting
1073,51.0,35.8,88.0,1.0,Fainting
1074,30.0,35.6,92.0,0.0,Fainting
1075,59.0,35.6,90.0,1.0,Fainting
1076,36.0,35.8,90.0,1.0,Fainting
1077,41.0,35.5,88.0,1.0,Fainting
1078,45.0,35.6,87.0,1.0,Fainting
1079,34.0,36.4,92.0,0.0,Fainting
1080,52.0,36.3,92.0,0.0,Fainting
1081,50.0,35.8,89.0,0.0,Fainting
1082,59.0,36.2,88.0,1.0,Fainting
1083,47.0,35.8,87.0,1.0,Fainting
1084,59.0,35.9,94.0,0.0,Fainting
1085,42.0,36.0,93.0,1.0,Fainting
1086,58.0,35.5,90.0,1.0,Fainting
1087,51.0,35.8,92.0,0.0,Fainting
1088,33.0,36.4,87.0,0.0,Fainting
1089,54.0,36.4,91.0,1.0,Fainting
1090,48.0,35.5,91.0,1.0,Fainting
1091,44.0,35.7,92.0,0.0,Fainting
1092,52.0,36.3,92.0,0.0,Fainting
1093,59.0,35.6,86.0,1.0,Fainting
1094,51.0,35.9,93.0,0.0,Fainting
1095,40.0,36.5,91.0,0.0,Fainting
1096,56.0,36.4,85.0,1.0,Fainting
1097,45.0,35.9,88.0,0.0,Fainting
1098,30.0,36.2,95.0,1.0,Fainting
1099,33.0,36.4,88.0,0.0,Fainting
1100,30.0,36.4,93.0,0.0,Fainting
1101,39.0,35.5,91.0,0.0,Fainting
1102,49.0,36.1,95.0,0.0,Fainting
1103,49.0,35.7,87.0,0.0,Fainting
1104,54.0,35.9,91.0,0.0,Fainting
1105,36.0,36.2,90.0,0.0,Fainting
1106,46.0,35.9,93.0,0.0,Fainting
1107,35.0,36.3,93.0,0.0,Fainting
1108,58.0,35.6,95.0,1.0,Fainting
1109,34.0,35.8,92.0,0.0,Fainting
1110,39.0,36.1,94.0,0.0,Fainting
1111,49.0,36.1,93.0,1.0,Fainting
1112,43.0,35.6,88.0,0.0,Fainting
1113,31.0,36.0,88.0,0.0,Fainting
1114,36.0,36.0,90.0,0.0,Fainting
1115,36.0,35.8,86.0,0.0,Fainting
1116,34.0,35.6,94.0,1.0,Fainting
1117,31.0,36.2,87.0,0.0,Fainting
1118,37.0,35.6,89.0,1.0,Fainting
1119,43.0,36.0,85.0,1.0,Fainting
1120,56.0,35.5,94.0,0.0,Fainting
1121,31.0,36.3,88.0,0.0,Fainting
1122,42.0,35.7,91.0,1.0,Fainting
1123,59.0,36.0,87.0,1.0,Fainting
1124,46.0,35.7,90.0,0.0,Fainting
1125,33.0,36.2,86.0,0.0,Fainting
1126,57.0,35.9,91.0,1.0,Fainting
1127,33.0,35.9,91.0,1.0,Fainting
1128,36.0,36.4,95.0,0.0,Fainting
1129,55.0,35.6,90.0,0.0,Fainting
1130,58.0,35.9,92.0,0.0,Fainting
1131,46.0,36.4,93.0,1.0,Fainting
1132,51.0,35.9,85.0,1.0,Fainting
1133,30.0,36.3,95.0,0.0,Fainting
1134,42.0,35.7,93.0,0.0,Fainting
1135,48.0,35.8,87.0,1.0,Fainting
1136,35.0,35.6,92.0,0.0,Fainting
1137,37.0,35.6,87.0,0.0,Fainting
1138,52.0,36.0,93.0,1.0,Fainting
1139,38.0,36.1,89.0,0.0,Fainting
1140,39.0,36.3,89.0,1.0,Fainting
1141,42.0,35.7,95.0,1.0,Fainting
1142,50.0,36.5,85.0,0.0,Fainting
1143,49.0,36.1,90.0,0.0,Fainting
1144,42.0,36.5,95.0,1.0,Fainting
1145,38.0,36.1,92.0,1.0,Fainting
1146,41.0,36.5,92.0,0.0,Fainting
1147,57.0,36.2,85.0,1.0,Fainting
1148,51.0,35.9,90.0,0.0,Fainting
1149,44.0,36.1,91.0,1.0,Fainting
1150,33.0,36.3,86.0,0.0,Fainting
1151,44.0,36.1,90.0,1.0,Fainting
1152,38.0,35.9,87.0,0.0,Fainting
1153,43.0,36.2,95.0,1.0,Fainting
1154,42.0,35.8,93.0,1.0,Fainting
1155,46.0,36.2,89.0,1.0,Fainting
1156,58.0,36.2,89.0,1.0,Fainting
1157,30.0,36.0,88.0,1.0,Fainting
1158,56.0,35.9,91.0,0.0,Fainting
1159,44.0,35.9,90.0,0.0,Fainting
1160,60.0,36.3,94.0,0.0,Fainting
1161,38.0,36.2,88.0,0.0,Fainting
1162,44.0,35.5,87.0,1.0,Fainting
1163,54.0,35.6,90.0,1.0,Fainting
1164,60.0,36.2,90.0,0.0,Fainting
1165,38.0,36.2,88.0,1.0,Fainting
1166,35.0,36.1,93.0,1.0,Fainting
1167,48.0,36.1,87.0,0.0,Fainting
1168,43.0,35.8,88.0,1.0,Fainting
1169,49.0,35.8,85.0,1.0,Fainting
1170,34.0,35.8,88.0,1.0,Fainting
1171,57.0,36.4,90.0,1.0,Fainting
1172,43.0,35.8,87.0,0.0,Fainting
1173,38.0,36.1,89.0,0.0,Fainting
1174,50.0,36.1,89.0,0.0,Fainting
1175,44.0,35.6,95.0,1.0,Fainting
1176,50.0,35.9,86.0,0.0,Fainting
1177,60.0,36.1,87.0,1.0,Fainting
1178,37.0,35.6,86.0,1.0,Fainting
1179,33.0,35.6,93.0,1.0,Fainting
1180,58.0,36.4,94.0,1.0,Fainting
1181,60.0,35.6,93.0,0.0,Fainting
1182,50.0,36.2,94.0,1.0,Fainting
1183,52.0,36.0,88.0,1.0,Fainting
1184,54.0,35.6,88.0,0.0,Fainting
1185,56.0,35.5,87.0,0.0,Fainting
1186,32.0,35.9,87.0,0.0,Fainting
1187,47.0,36.3,85.0,1.0,Fainting
1188,48.0,36.4,93.0,1.0,Fainting
1189,40.0,35.9,94.0,0.0,Fainting
1190,56.0,35.7,93.0,1.0,Fainting
1191,39.0,36.0,89.0,1.0,Fainting
1192,52.0,35.7,90.0,0.0,Fainting
1193,36.0,36.4,94.0,0.0,Fainting
1194,44.0,36.0,91.0,0.0,Fainting
1195,50.0,35.7,94.0,0.0,Fainting
1196,30.0,36.0,95.0,1.0,Fainting
1197,46.0,35.6,88.0,1.0,Fainting
1198,59.0,36.3,89.0,1.0,Fainting
1199,31.0,35.8,91.0,1.0,Fainting
1200,42.0,36.5,87.0,1.0,Fainting
1201,38.0,35.6,95.0,0.0,Fainting
1202,57.0,35.7,85.0,1.0,Fainting
1203,55.0,36.5,87.0,0.0,Fainting
1204,51.0,36.1,92.0,1.0,Fainting
1205,30.0,36.0,94.0,1.0,Fainting
1206,31.0,35.8,95.0,1.0,Fainting
1207,36.0,35.9,94.0,1.0,Fainting
1208,57.0,36.0,92.0,1.0,Fainting
1209,42.0,35.9,93.0,1.0,Fainting
1210,30.0,36.3,90.0,1.0,Fainting
1211,58.0,35.5,86.0,0.0,Fainting
1212,41.0,36.4,89.0,0.0,Fainting
1213,46.0,36.2,89.0,0.0,Fainting
1214,45.0,35.5,92.0,0.0,Fainting
1215,49.0,36.1,90.0,0.0,Fainting
1216,50.0,35.8,89.0,1.0,Fainting
1217,39.0,35.8,92.0,1.0,Fainting
1218,35.0,36.1,85.0,1.0,Fainting
1219,48.0,36.0,85.0,1.0,Fainting
1220,38.0,35.6,85.0,0.0,Fainting
1221,49.0,36.2,87.0,1.0,Fainting
1222,30.0,35.6,91.0,1.0,Fainting
1223,53.0,36.5,95.0,0.0,Fainting
1224,33.0,36.3,86.0,0.0,Fainting
1225,58.0,36.4,93.0,0.0,Fainting
1226,52.0,35.8,86.0,1.0,Fainting
1227,57.0,36.3,87.0,1.0,Fainting
1228,55.0,35.9,85.0,0.0,Fainting
1229,47.0,36.0,95.0,0.0,Fainting
1230,41.0,36.5,92.0,0.0,Fainting
1231,58.0,35.9,89.0,0.0,Fainting
1232,37.0,36.2,89.0,0.0,Fainting
1233,43.0,35.6,85.0,0.0,Fainting
1234,59.0,36.0,90.0,0.0,Fainting
1235,40.0,35.7,92.0,0.0,Fainting
1236,38.0,36.0,91.0,0.0,Fainting
1237,52.0,35.6,94.0,0.0,Fainting
1238,52.0,35.5,85.0,1.0,Fainting
1239,38.0,35.6,89.0,1.0,Fainting
1240,57.0,35.7,91.0,0.0,Fainting
1241,40.0,36.3,94.0,0.0,Fainting
1242,56.0,36.1,92.0,0.0,Fainting
1243,33.0,36.0,94.0,1.0,Fainting
1244,48.0,36.4,85.0,1.0,Fainting
1245,41.0,35.7,87.0,0.0,Fainting
1246,49.0,36.2,95.0,0.0,Fainting
1247,47.0,36.2,87.0,1.0,Fainting
1248,52.0,36.5,92.0,1.0,Fainting
1249,39.0,36.1,93.0,0.0,Fainting
1250,50.0,35.6,91.0,1.0,Fainting
1251,47.0,35.6,94.0,0.0,Fainting
1252,35.0,35.8,94.0,0.0,Fainting
1253,49.0,36.3,93.0,0.0,Fainting
1254,43.0,36.1,85.0,0.0,Fainting
1255,31.0,36.1,86.0,1.0,Fainting
1256,47.0,36.3,88.0,1.0,Fainting
1257,32.0,35.7,91.0,0.0,Fainting
1258,31.0,36.4,87.0,1.0,Fainting
1259,49.0,36.3,89.0,0.0,Fainting
1260,60.0,35.9,88.0,1.0,Fainting
1261,37.0,36.3,92.0,0.0,Fainting
1262,33.0,36.3,88.0,0.0,Fainting
1263,38.0,35.7,93.0,0.0,Fainting
1264,45.0,36.2,95.0,0.0,Fainting
1265,37.0,36.4,89.0,0.0,Fainting
1266,60.0,35.8,88.0,0.0,Fainting
1267,44.0,36.2,92.0,0.0,Fainting
1268,32.0,35.5,86.0,1.0,Fainting
1269,32.0,36.4,88.0,1.0,Fainting
1270,35.0,36.2,86.0,0.0,Fainting
1271,58.0,36.1,93.0,0.0,Fainting
1272,42.0,36.1,95.0,1.0,Fainting
1273,54.0,36.2,91.0,0.0,Fainting
1274,49.0,35.9,94.0,0.0,Fainting
1275,32.0,36.1,94.0,1.0,Fainting
1276,60.0,36.4,93.0,0.0,Fainting
1277,58.0,35.9,88.0,1.0,Fainting
1278,53.0,35.9,89.0,0.0,Fainting
1279,31.0,36.1,91.0,0.0,Fainting
1280,33.0,36.2,86.0,0.0,Fainting
1281,54.0,36.1,88.0,1.0,Fainting
1282,53.0,36.1,95.0,1.0,Fainting
1283,57.0,35.7,86.0,0.0,Fainting
1284,39.0,36.1,93.0,0.0,Fainting
1285,46.0,36.3,85.0,0.0,Fainting
1286,57.0,36.4,85.0,0.0,Fainting
1287,55.0,35.9,92.0,0.0,Fainting
1288,38.0,35.6,89.0,0.0,Fainting
1289,41.0,36.0,92.0,1.0,Fainting
1290,31.0,35.6,87.0,0.0,Fainting
1291,39.0,36.2,94.0,1.0,Fainting
1292,52.0,35.9,93.0,0.0,Fainting
1293,36.0,36.0,91.0,0.0,Fainting
1294,58.0,35.8,92.0,1.0,Fainting
1295,41.0,36.2,91.0,1.0,Fainting
1296,31.0,36.3,88.0,0.0,Fainting
1297,55.0,36.2,88.0,1.0,Fainting
1298,45.0,35.5,92.0,1.0,Fainting
1299,55.0,36.1,89.0,0.0,Fainting
1300,38.0,35.6,87.0,1.0,Fainting
1301,43.0,36.1,95.0,1.0,Fainting
1302,30.0,36.3,95.0,1.0,Fainting
1303,30.0,35.9,88.0,1.0,Fainting
1304,57.0,36.4,90.0,1.0,Fainting
1305,55.0,35.6,92.0,1.0,Fainting
1306,46.0,35.8,91.0,1.0,Fainting
1307,59.0,35.9,92.0,1.0,Fainting
1308,55.0,36.0,86.0,1.0,Fainting
1309,60.0,36.1,90.0,0.0,Fainting
1310,45.0,35.6,85.0,0.0,Fainting
1311,31.0,35.7,92.0,1.0,Fainting
1312,37.0,36.4,95.0,1.0,Fainting
1313,54.0,35.9,88.0,0.0,Fainting
1314,48.0,35.5,92.0,1.0,Fainting
1315,48.0,36.4,87.0,0.0,Fainting
1316,40.0,35.6,86.0,1.0,Fainting
1317,38.0,35.7,91.0,0.0,Fainting
1318,59.0,36.4,87.0,0.0,Fainting
1319,52.0,35.8,90.0,0.0,Fainting
1320,41.0,35.7,92.0,0.0,Fainting
1321,30.0,35.9,89.0,0.0,Fainting
1322,47.0,35.8,89.0,0.0,Fainting
1323,38.0,35.8,89.0,1.0,Fainting
1324,30.0,36.3,94.0,0.0,Fainting
1325,36.0,35.6,88.0,1.0,Fainting
1326,60.0,36.0,87.0,1.0,Fainting
1327,34.0,35.9,92.0,0.0,Fainting
1328,43.0,35.8,93.0,1.0,Fainting
1329,60.0,36.4,94.0,1.0,Fainting
1330,58.0,36.1,85.0,1.0,Fainting
1331,40.0,35.8,85.0,1.0,Fainting
1332,56.0,35.6,91.0,0.0,Fainting
1333,58.0,36.1,95.0,0.0,Fainting
1334,48.0,35.7,86.0,1.0,Fainting
1335,54.0,36.1,85.0,0.0,Fainting
1336,46.0,36.1,93.0,1.0,Fainting
1337,60.0,35.9,86.0,0.0,Fainting
1338,33.0,36.2,87.0,1.0,Fainting
1339,49.0,36.2,92.0,0.0,Fainting
1340,36.0,36.3,94.0,0.0,Fainting
1341,53.0,35.7,90.0,0.0,Fainting
1342,60.0,35.9,91.0,1.0,Fainting
1343,32.0,35.6,89.0,1.0,Fainting
1344,59.0,36.2,91.0,0.0,Fainting
1345,48.0,35.9,94.0,1.0,Fainting
1346,45.0,36.4,85.0,1.0,Fainting
1347,44.0,35.5,88.0,1.0,Fainting
1348,40.0,36.2,94.0,0.0,Fainting
1349,55.0,35.6,87.0,1.0,Fainting
1350,57.0,35.5,95.0,0.0,Fainting
1351,53.0,35.8,93.0,1.0,Fainting
1352,35.0,36.5,86.0,0.0,Fainting
1353,49.0,35.8,94.0,0.0,Fainting
1354,34.0,35.7,88.0,0.0,Fainting
1355,47.0,35.6,85.0,0.0,Fainting
1356,50.0,36.2,87.0,0.0,Fainting
1357,60.0,36.0,90.0,1.0,Fainting
1358,50.0,36.1,90.0,1.0,Fainting
1359,52.0,35.7,92.0,1.0,Fainting
1360,43.0,36.3,86.0,0.0,Fainting
1361,44.0,35.5,95.0,1.0,Fainting
1362,34.0,35.9,85.0,0.0,Fainting
1363,55.0,35.6,89.0,0.0,Fainting
1364,48.0,36.2,88.0,1.0,Fainting
1365,32.0,35.5,93.0,1.0,Fainting
1366,57.0,36.3,87.0,0.0,Fainting
1367,39.0,36.1,93.0,0.0,Fainting
1368,49.0,36.2,86.0,1.0,Fainting
1369,49.0,36.3,95.0,1.0,Fainting
1370,55.0,36.2,86.0,0.0,Fainting
1371,60.0,36.4,85.0,1.0,Fainting
1372,45.0,35.7,95.0,0.0,Fainting
1373,42.0,36.2,86.0,0.0,Fainting
1374,33.0,35.9,94.0,1.0,Fainting
1375,54.0,36.3,91.0,0.0,Fainting
1376,52.0,36.5,93.0,0.0,Fainting
1377,49.0,36.4,93.0,1.0,Fainting
1378,54.0,36.1,89.0,0.0,Fainting
1379,44.0,36.1,93.0,1.0,Fainting
1380,42.0,35.9,86.0,0.0,Fainting
1381,54.0,36.2,88.0,0.0,Fainting
1382,31.0,36.1,85.0,1.0,Fainting
1383,32.0,35.8,92.0,1.0,Fainting
1384,58.0,36.2,87.0,1.0,Fainting
1385,49.0,35.9,86.0,0.0,Fainting
1386,58.0,35.6,94.0,1.0,Fainting
1387,59.0,36.2,90.0,0.0,Fainting
1388,56.0,35.6,87.0,0.0,Fainting
1389,48.0,36.0,94.0,1.0,Fainting
1390,58.0,35.7,85.0,1.0,Fainting
1391,55.0,36.1,86.0,1.0,Fainting
1392,37.0,35.5,89.0,0.0,Fainting
1393,59.0,36.3,85.0,0.0,Fainting
1394,50.0,36.3,87.0,0.0,Fainting
1395,34.0,36.1,86.0,0.0,Fainting
1396,30.0,36.0,85.0,0.0,Fainting
1397,58.0,36.0,89.0,1.0,Fainting
1398,39.0,36.0,89.0,0.0,Fainting
1399,48.0,36.4,93.0,0.0,Fainting
1400,58.0,35.7,94.0,1.0,Fainting
1401,37.0,35.7,93.0,0.0,Fainting
1402,34.0,36.2,86.0,1.0,Fainting
1403,36.0,36.4,87.0,1.0,Fainting
1404,36.0,36.1,95.0,0.0,Fainting
1405,52.0,35.8,95.0,0.0,Fainting
1406,41.0,36.1,93.0,0.0,Fainting
1407,40.0,35.7,93.0,0.0,Fainting
1408,59.0,36.0,94.0,0.0,Fainting
1409,42.0,35.9,92.0,0.0,Fainting
1410,58.0,35.9,88.0,0.0,Fainting
1411,42.0,36.1,95.0,0.0,Fainting
1412,39.0,36.0,90.0,0.0,Fainting
1413,51.0,35.6,89.0,1.0,Fainting
1414,50.0,36.1,85.0,0.0,Fainting
1415,59.0,36.4,89.0,1.0,Fainting
1416,34.0,36.2,95.0,1.0,Fainting
1417,55.0,36.0,89.0,1.0,Fainting
1418,56.0,35.7,92.0,1.0,Fainting
1419,48.0,35.8,90.0,1.0,Fainting
1420,60.0,35.8,88.0,1.0,Fainting
1421,40.0,35.6,86.0,1.0,Fainting
1422,55.0,36.4,86.0,0.0,Fainting
1423,45.0,36.5,88.0,1.0,Fainting
1424,45.0,35.8,90.0,1.0,Fainting
1425,56.0,35.7,89.0,1.0,Fainting
1426,37.0,35.5,85.0,0.0,Fainting
1427,36.0,35.7,87.0,1.0,Fainting
1428,55.0,35.7,95.0,0.0,Fainting
1429,59.0,35.7,89.0,0.0,Fainting
1430,56.0,35.6,85.0,0.0,Fainting
1431,42.0,35.9,86.0,0.0,Fainting
1432,58.0,35.8,90.0,0.0,Fainting
1433,59.0,35.7,93.0,1.0,Fainting
1434,46.0,35.9,85.0,0.0,Fainting
1435,42.0,36.3,93.0,0.0,Fainting
1436,43.0,35.9,94.0,0.0,Fainting
1437,32.0,36.0,93.0,0.0,Fainting
1438,50.0,35.7,90.0,1.0,Fainting
1439,53.0,35.5,86.0,0.0,Fainting
1440,52.0,35.6,93.0,1.0,Fainting
1441,45.0,36.3,92.0,0.0,Fainting
1442,59.0,35.9,92.0,0.0,Fainting
1443,54.0,35.5,93.0,0.0,Fainting
1444,40.0,35.5,85.0,0.0,Fainting
1445,47.0,35.9,90.0,0.0,Fainting
1446,44.0,36.3,88.0,0.0,Fainting
1447,44.0,36.4,86.0,1.0,Fainting
1448,46.0,36.2,91.0,1.0,Fainting
1449,47.0,36.0,89.0,1.0,Fainting
1450,53.0,35.9,86.0,1.0,Fainting
1451,33.0,35.8,93.0,1.0,Fainting
1452,44.0,35.5,88.0,1.0,Fainting
1453,43.0,35.7,95.0,0.0,Fainting
1454,47.0,35.8,86.0,1.0,Fainting
1455,36.0,36.1,90.0,1.0,Fainting
1456,42.0,35.9,95.0,0.0,Fainting
1457,56.0,35.9,87.0,1.0,Fainting
1458,53.0,35.5,93.0,1.0,Fainting
1459,52.0,35.6,94.0,0.0,Fainting
1460,40.0,36.0,88.0,1.0,Fainting
1461,45.0,36.1,89.0,0.0,Fainting
1462,60.0,36.0,85.0,0.0,Fainting
1463,43.0,35.8,94.0,1.0,Fainting
1464,46.0,36.3,95.0,1.0,Fainting
1465,35.0,35.6,87.0,0.0,Fainting
1466,48.0,36.4,92.0,1.0,Fainting
1467,38.0,35.6,90.0,0.0,Fainting
1468,58.0,36.3,94.0,0.0,Fainting
1469,49.0,36.1,87.0,1.0,Fainting
1470,52.0,36.5,93.0,0.0,Fainting
1471,46.0,36.1,93.0,0.0,Fainting
1472,51.0,35.7,87.0,1.0,Fainting
1473,44.0,36.4,87.0,0.0,Fainting
1474,45.0,35.6,88.0,1.0,Fainting
1475,56.0,35.6,86.0,1.0,Fainting
1476,39.0,36.2,88.0,1.0,Fainting
1477,40.0,36.1,86.0,1.0,Fainting
1478,57.0,35.8,89.0,1.0,Fainting
1479,40.0,36.4,88.0,1.0,Fainting
1480,30.0,36.0,88.0,0.0,Fainting
1481,51.0,36.2,89.0,0.0,Fainting
1482,52.0,35.8,93.0,1.0,Fainting
1483,53.0,35.7,88.0,1.0,Fainting
1484,54.0,35.8,94.0,0.0,Fainting
1485,38.0,36.2,85.0,0.0,Fainting
1486,47.0,36.3,89.0,1.0,Fainting
1487,31.0,35.8,86.0,1.0,Fainting
1488,32.0,35.6,86.0,1.0,Fainting
1489,35.0,35.9,85.0,1.0,Fainting
1490,60.0,36.1,88.0,1.0,Fainting
1491,57.0,36.4,88.0,0.0,Fainting
1492,53.0,36.1,93.0,1.0,Fainting
1493,53.0,36.1,95.0,0.0,Fainting
1494,48.0,36.5,85.0,0.0,Fainting
1495,49.0,35.8,93.0,1.0,Fainting
1496,59.0,35.7,88.0,0.0,Fainting
1497,30.0,35.8,95.0,1.0,Fainting
1498,48.0,36.3,93.0,0.0,Fainting
1499,42.0,35.9,87.0,1.0,Fainting
1500,38.0,35.9,90.0,0.0,Fainting
1501,60.0,35.5,93.0,1.0,Fainting
1502,59.0,35.8,92.0,0.0,Fainting
1503,45.0,36.3,95.0,1.0,Fainting
1504,59.0,35.9,95.0,0.0,Fainting
1505,32.0,36.4,93.0,0.0,Fainting
1506,46.0,35.5,86.0,1.0,Fainting
1507,40.0,36.3,92.0,0.0,Fainting
1508,51.0,36.0,85.0,0.0,Fainting
1509,50.0,35.9,93.0,1.0,Fainting
1510,52.0,35.7,88.0,0.0,Fainting
1511,57.0,36.3,85.0,1.0,Fainting
1512,31.0,36.5,93.0,1.0,Fainting
1513,35.0,35.6,88.0,0.0,Fainting
1514,59.0,36.0,92.0,0.0,Fainting
1515,54.0,36.0,88.0,1.0,Fainting
1516,43.0,35.6,93.0,1.0,Fainting
1517,33.0,36.5,88.0,1.0,Fainting
1518,59.0,36.5,91.0,0.0,Fainting
1519,36.0,35.9,85.0,1.0,Fainting
1520,34.0,36.2,90.0,0.0,Fainting
1521,59.0,36.0,88.0,0.0,Fainting
1522,43.0,35.7,90.0,0.0,Fainting
1523,31.0,36.4,85.0,0.0,Fainting
1524,36.0,35.6,89.0,1.0,Fainting
1525,54.0,35.6,88.0,1.0,Fainting
1526,56.0,35.6,91.0,1.0,Fainting
1527,45.0,35.6,86.0,1.0,Fainting
1528,60.0,35.8,90.0,1.0,Fainting
1529,49.0,35.8,91.0,0.0,Fainting
1530,30.0,36.2,92.0,1.0,Fainting
1531,33.0,35.7,92.0,1.0,Fainting
1532,30.0,36.1,95.0,1.0,Fainting
1533,52.0,36.2,89.0,0.0,Fainting
1534,44.0,36.2,92.0,1.0,Fainting
1535,46.0,36.1,89.0,1.0,Fainting
1536,56.0,35.8,90.0,1.0,Fainting
1537,36.0,36.4,94.0,0.0,Fainting
1538,50.0,35.6,94.0,1.0,Fainting
1539,51.0,35.9,88.0,1.0,Fainting
1540,32.0,36.3,88.0,1.0,Fainting
1541,43.0,36.1,91.0,1.0,Fainting
1542,60.0,35.6,91.0,1.0,Fainting
1543,53.0,35.8,95.0,0.0,Fainting
1544,37.0,35.9,87.0,1.0,Fainting
1545,46.0,36.5,94.0,0.0,Fainting
1546,51.0,35.8,95.0,1.0,Fainting
1547,59.0,35.6,87.0,0.0,Fainting
1548,34.0,36.1,92.0,0.0,Fainting
1549,50.0,36.0,95.0,1.0,Fainting
1550,50.0,35.8,90.0,1.0,Fainting
1551,38.0,36.3,86.0,1.0,Fainting
1552,43.0,36.4,93.0,1.0,Fainting
1553,54.0,35.5,91.0,1.0,Fainting
1554,57.0,36.3,90.0,0.0,Fainting
1555,53.0,36.0,94.0,1.0,Fainting
1556,41.0,36.2,89.0,1.0,Fainting
1557,60.0,36.3,86.0,1.0,Fainting
1558,36.0,35.5,89.0,0.0,Fainting
1559,58.0,35.9,93.0,0.0,Fainting
1560,36.0,35.5,87.0,0.0,Fainting
1561,55.0,35.5,88.0,1.0,Fainting
1562,35.0,36.0,88.0,0.0,Fainting
1563,51.0,35.5,89.0,0.0,Fainting
1564,48.0,35.8,94.0,1.0,Fainting
1565,57.0,35.7,95.0,0.0,Fainting
1566,53.0,36.3,93.0,1.0,Fainting
1567,35.0,35.9,93.0,1.0,Fainting
1568,54.0,35.6,89.0,0.0,Fainting
1569,46.0,35.7,87.0,1.0,Fainting
1570,59.0,35.8,93.0,1.0,Fainting
1571,57.0,35.9,90.0,1.0,Fainting
1572,48.0,36.5,92.0,0.0,Fainting
1573,34.0,36.0,90.0,1.0,Fainting
1574,38.0,36.4,88.0,1.0,Fainting
1575,60.0,36.3,86.0,1.0,Fainting
1576,55.0,35.7,91.0,0.0,Fainting
1577,41.0,36.1,89.0,1.0,Fainting
1578,43.0,35.8,85.0,0.0,Fainting
1579,35.0,36.2,89.0,0.0,Fainting
1580,33.0,36.4,87.0,1.0,Fainting
1581,52.0,35.9,94.0,1.0,Fainting
1582,40.0,35.9,94.0,1.0,Fainting
1583,43.0,35.6,88.0,0.0,Fainting
1584,47.0,35.9,90.0,0.0,Fainting
1585,56.0,36.0,91.0,0.0,Fainting
1586,36.0,36.4,94.0,1.0,Fainting
1587,52.0,36.5,90.0,0.0,Fainting
1588,32.0,36.0,89.0,1.0,Fainting
1589,49.0,36.3,89.0,1.0,Fainting
1590,33.0,36.2,88.0,1.0,Fainting
1591,33.0,35.7,93.0,0.0,Fainting
1592,41.0,36.1,89.0,0.0,Fainting
1593,49.0,36.1,90.0,0.0,Fainting
1594,41.0,36.4,94.0,0.0,Fainting
1595,56.0,36.0,95.0,1.0,Fainting
1596,35.0,35.9,90.0,1.0,Fainting
1597,45.0,35.7,91.0,1.0,Fainting
1598,44.0,35.9,95.0,0.0,Fainting
1599,33.0,36.4,85.0,0.0,Fainting
1600,53.0,36.4,86.0,0.0,Fainting
1601,34.0,35.9,87.0,0.0,Fainting
1602,51.0,35.5,94.0,1.0,Fainting
1603,32.0,35.7,90.0,1.0,Fainting
1604,30.0,35.8,93.0,1.0,Fainting
1605,59.0,36.4,89.0,0.0,Fainting
1606,57.0,36.2,92.0,1.0,Fainting
1607,34.0,35.5,91.0,1.0,Fainting
1608,47.0,36.4,92.0,1.0,Fainting
1609,52.0,36.3,94.0,0.0,Fainting
1610,59.0,35.9,87.0,0.0,Fainting
1611,53.0,35.8,95.0,0.0,Fainting
1612,50.0,35.7,85.0,0.0,Fainting
1613,45.0,36.3,87.0,1.0,Fainting
1614,43.0,36.5,86.0,1.0,Fainting
1615,36.0,36.5,94.0,0.0,Fainting
1616,31.0,35.7,94.0,0.0,Fainting
1617,57.0,35.8,87.0,0.0,Fainting
1618,52.0,35.6,89.0,0.0,Fainting
1619,59.0,35.9,94.0,1.0,Fainting
1620,39.0,35.7,95.0,0.0,Fainting
1621,58.0,35.5,93.0,0.0,Fainting
1622,32.0,36.4,94.0,1.0,Fainting
1623,52.0,36.3,92.0,0.0,Fainting
1624,51.0,36.3,87.0,0.0,Fainting
1625,37.0,36.1,90.0,1.0,Fainting
1626,51.0,36.4,88.0,1.0,Fainting
1627,36.0,35.9,94.0,1.0,Fainting
1628,59.0,36.0,95.0,1.0,Fainting
1629,37.0,36.1,87.0,1.0,Fainting
1630,52.0,35.5,94.0,0.0,Fainting
1631,55.0,36.1,86.0,1.0,Fainting
1632,33.0,36.2,89.0,0.0,Fainting
1633,49.0,35.9,91.0,0.0,Fainting
1634,35.0,36.4,85.0,0.0,Fainting
1635,37.0,35.7,88.0,0.0,Fainting
1636,46.0,36.1,95.0,1.0,Fainting
1637,31.0,35.9,93.0,0.0,Fainting
1638,47.0,36.2,89.0,0.0,Fainting
1639,34.0,36.4,88.0,1.0,Fainting
1640,53.0,36.3,85.0,1.0,Fainting
1641,57.0,35.6,95.0,1.0,Fainting
1642,36.0,35.8,88.0,0.0,Fainting
1643,56.0,35.8,94.0,1.0,Fainting
1644,37.0,36.1,87.0,0.0,Fainting
1645,41.0,35.9,91.0,1.0,Fainting
1646,56.0,36.1,91.0,1.0,Fainting
1647,30.0,35.9,93.0,1.0,Fainting
1648,40.0,36.0,88.0,0.0,Fainting
1649,36.0,36.5,89.0,0.0,Fainting
1650,40.0,36.2,91.0,1.0,Fainting
1651,34.0,36.2,94.0,0.0,Fainting
1652,52.0,36.1,93.0,1.0,Fainting
1653,51.0,36.1,95.0,1.0,Fainting
1654,50.0,36.3,85.0,1.0,Fainting
1655,43.0,35.6,85.0,0.0,Fainting
1656,58.0,35.7,92.0,1.0,Fainting
1657,55.0,35.6,88.0,0.0,Fainting
1658,60.0,36.5,93.0,1.0,Fainting
1659,34.0,36.5,88.0,0.0,Fainting
1660,42.0,36.1,87.0,1.0,Fainting
1661,55.0,36.2,87.0,0.0,Fainting
1662,43.0,36.5,95.0,1.0,Fainting
1663,38.0,35.8,87.0,1.0,Fainting
1664,56.0,36.5,88.0,1.0,Fainting
1665,56.0,35.9,85.0,0.0,Fainting
1666,48.0,35.5,87.0,1.0,Fainting
1667,39.0,36.3,94.0,0.0,Fainting
1668,33.0,36.1,88.0,1.0,Fainting
1669,45.0,35.7,87.0,0.0,Fainting
1670,37.0,36.3,93.0,0.0,Fainting
1671,42.0,35.8,88.0,0.0,Fainting
1672,56.0,36.2,91.0,1.0,Fainting
1673,43.0,35.8,94.0,1.0,Fainting
1674,46.0,36.4,87.0,0.0,Fainting
1675,38.0,36.0,86.0,0.0,Fainting
1676,58.0,35.9,88.0,0.0,Fainting
1677,47.0,36.2,90.0,1.0,Fainting
1678,31.0,35.8,90.0,0.0,Fainting
1679,44.0,35.5,91.0,1.0,Fainting
1680,46.0,35.5,86.0,0.0,Fainting
1681,45.0,36.1,85.0,0.0,Fainting
1682,30.0,36.4,95.0,0.0,Fainting
1683,58.0,35.5,95.0,0.0,Fainting
1684,41.0,35.8,86.0,1.0,Fainting
1685,37.0,35.6,87.0,1.0,Fainting
1686,31.0,36.4,85.0,0.0,Fainting
1687,53.0,35.6,92.0,0.0,Fainting
1688,39.0,36.1,94.0,0.0,Fainting
1689,49.0,35.8,85.0,0.0,Fainting
1690,36.0,35.9,92.0,0.0,Fainting
1691,35.0,36.0,93.0,1.0,Fainting
1692,59.0,35.9,92.0,1.0,Fainting
1693,58.0,35.9,94.0,0.0,Fainting
1694,43.0,35.6,93.0,1.0,Fainting
1695,48.0,36.2,91.0,1.0,Fainting
1696,54.0,36.0,94.0,0.0,Fainting
1697,39.0,35.7,89.0,1.0,Fainting
1698,57.0,36.3,88.0,0.0,Fainting
1699,39.0,35.6,93.0,0.0,Fainting
1700,36.0,36.3,90.0,0.0,Fainting
1701,48.0,36.4,85.0,1.0,Fainting
1702,53.0,36.5,95.0,1.0,Fainting
1703,35.0,35.9,88.0,1.0,Fainting
1704,36.0,36.0,93.0,1.0,Fainting
1705,44.0,36.1,90.0,1.0,Fainting
1706,41.0,36.2,95.0,1.0,Fainting
1707,43.0,36.0,87.0,1.0,Fainting
1708,51.0,36.2,95.0,0.0,Fainting
1709,34.0,35.9,85.0,1.0,Fainting
1710,36.0,36.1,95.0,0.0,Fainting
1711,59.0,36.2,85.0,0.0,Fainting
1712,44.0,36.3,91.0,1.0,Fainting
1713,45.0,36.0,92.0,0.0,Fainting
1714,49.0,35.6,92.0,1.0,Fainting
1715,36.0,35.9,85.0,0.0,Fainting
1716,44.0,36.3,95.0,0.0,Fainting
1717,47.0,35.7,93.0,1.0,Fainting
1718,36.0,36.3,92.0,1.0,Fainting
1719,38.0,35.5,94.0,0.0,Fainting
1720,56.0,36.4,87.0,0.0,Fainting
1721,52.0,35.7,87.0,0.0,Fainting
1722,38.0,36.0,85.0,1.0,Fainting
1723,58.0,35.8,93.0,1.0,Fainting
1724,34.0,35.7,91.0,0.0,Fainting
1725,44.0,35.9,88.0,1.0,Fainting
1726,52.0,35.9,94.0,0.0,Fainting
1727,35.0,36.1,91.0,0.0,Fainting
1728,41.0,36.0,85.0,1.0,Fainting
1729,57.0,36.3,86.0,1.0,Fainting
1730,32.0,36.2,92.0,0.0,Fainting
1731,40.0,36.4,90.0,1.0,Fainting
1732,47.0,35.6,88.0,0.0,Fainting
1733,44.0,35.6,87.0,0.0,Fainting
1734,43.0,36.5,88.0,0.0,Fainting
1735,43.0,35.8,95.0,1.0,Fainting
1736,42.0,35.7,92.0,0.0,Fainting
1737,31.0,35.7,90.0,0.0,Fainting
1738,38.0,36.2,91.0,0.0,Fainting
1739,50.0,36.1,90.0,0.0,Fainting
1740,48.0,36.0,95.0,0.0,Fainting
1741,53.0,36.0,91.0,0.0,Fainting
1742,48.0,36.5,90.0,0.0,Fainting
1743,53.0,35.9,93.0,1.0,Fainting
1744,47.0,35.7,89.0,0.0,Fainting
1745,55.0,36.3,89.0,1.0,Fainting
1746,39.0,36.1,86.0,0.0,Fainting
1747,58.0,35.9,95.0,0.0,Fainting
1748,52.0,35.6,95.0,1.0,Fainting
1749,49.0,35.9,92.0,0.0,Fainting
1750,42.0,36.4,92.0,1.0,Fainting
1751,56.0,36.3,88.0,0.0,Fainting
1752,38.0,36.4,95.0,0.0,Fainting
1753,37.0,36.3,88.0,1.0,Fainting
1754,31.0,36.1,87.0,0.0,Fainting
1755,49.0,35.9,89.0,1.0,Fainting
1756,52.0,35.7,91.0,1.0,Fainting
1757,51.0,36.5,94.0,0.0,Fainting
1758,54.0,35.9,95.0,0.0,Fainting
1759,53.0,35.7,91.0,1.0,Fainting
1760,32.0,36.0,87.0,0.0,Fainting
1761,57.0,36.0,86.0,0.0,Fainting
1762,41.0,36.4,93.0,1.0,Fainting
1763,44.0,35.9,92.0,1.0,Fainting
1764,41.0,36.4,87.0,0.0,Fainting
1765,48.0,35.9,91.0,0.0,Fainting
1766,57.0,36.1,86.0,1.0,Fainting
1767,58.0,36.4,93.0,0.0,Fainting
1768,39.0,36.3,89.0,0.0,Fainting
1769,55.0,35.8,90.0,0.0,Fainting
1770,45.0,35.5,93.0,0.0,Fainting
1771,42.0,35.8,94.0,1.0,Fainting
1772,57.0,36.0,90.0,0.0,Fainting
1773,56.0,35.6,91.0,0.0,Fainting
1774,44.0,35.6,94.0,1.0,Fainting
1775,44.0,35.6,91.0,1.0,Fainting
1776,40.0,36.3,92.0,0.0,Fainting
1777,30.0,35.8,90.0,0.0,Fainting
1778,57.0,36.3,93.0,0.0,Fainting
1779,39.0,35.9,93.0,1.0,Fainting
1780,57.0,35.8,86.0,0.0,Fainting
1781,40.0,35.6,87.0,1.0,Fainting
1782,33.0,35.5,88.0,0.0,Fainting
1783,57.0,36.2,89.0,1.0,Fainting
1784,60.0,35.6,88.0,1.0,Fainting
1785,31.0,36.2,86.0,0.0,Fainting
1786,55.0,35.7,89.0,1.0,Fainting
1787,49.0,35.9,85.0,1.0,Fainting
1788,35.0,35.6,91.0,0.0,Fainting
1789,47.0,36.5,85.0,1.0,Fainting
1790,54.0,36.2,92.0,1.0,Fainting
1791,55.0,36.0,90.0,0.0,Fainting
1792,37.0,35.6,92.0,1.0,Fainting
1793,53.0,35.8,89.0,0.0,Fainting
1794,46.0,36.4,94.0,0.0,Fainting
1795,30.0,35.6,88.0,1.0,Fainting
1796,48.0,35.7,92.0,1.0,Fainting
1797,46.0,36.2,91.0,0.0,Fainting
1798,31.0,35.7,94.0,1.0,Fainting
1799,44.0,35.6,94.0,1.0,Fainting
1800,54.0,36.3,92.0,0.0,Fainting
1801,32.0,36.0,86.0,1.0,Fainting
1802,41.0,35.7,89.0,0.0,Fainting
1803,48.0,36.0,90.0,0.0,Fainting
1804,52.0,36.2,93.0,1.0,Fainting
1805,43.0,36.2,89.0,0.0,Fainting
1806,58.0,36.2,93.0,1.0,Fainting
1807,31.0,35.5,92.0,0.0,Fainting
1808,43.0,36.1,93.0,1.0,Fainting
1809,53.0,36.0,94.0,1.0,Fainting
1810,34.0,35.9,85.0,0.0,Fainting
1811,43.0,35.6,87.0,1.0,Fainting
1812,51.0,35.8,88.0,0.0,Fainting
1813,52.0,35.5,89.0,1.0,Fainting
1814,45.0,36.0,88.0,0.0,Fainting
1815,34.0,35.9,85.0,0.0,Fainting
1816,40.0,36.4,94.0,0.0,Fainting
1817,45.0,36.2,95.0,1.0,Fainting
1818,34.0,35.8,88.0,0.0,Fainting
1819,45.0,36.3,92.0,0.0,Fainting
1820,37.0,36.1,95.0,1.0,Fainting
1821,30.0,36.5,90.0,1.0,Fainting
1822,38.0,36.2,95.0,0.0,Fainting
1823,59.0,36.0,88.0,0.0,Fainting
1824,43.0,36.0,93.0,1.0,Fainting
1825,42.0,36.0,90.0,1.0,Fainting
1826,34.0,36.4,89.0,1.0,Fainting
1827,31.0,36.1,91.0,1.0,Fainting
1828,53.0,36.2,88.0,0.0,Fainting
1829,34.0,35.9,85.0,0.0,Fainting
1830,51.0,35.9,88.0,0.0,Fainting
1831,49.0,36.4,90.0,1.0,Fainting
1832,44.0,36.4,91.0,0.0,Fainting
1833,59.0,35.6,94.0,0.0,Fainting
1834,54.0,35.5,85.0,0.0,Fainting
1835,57.0,36.4,87.0,0.0,Fainting
1836,52.0,36.5,86.0,0.0,Fainting
1837,56.0,35.6,91.0,1.0,Fainting
1838,49.0,36.2,85.0,0.0,Fainting
1839,42.0,36.3,89.0,1.0,Fainting
1840,57.0,35.9,87.0,1.0,Fainting
1841,45.0,35.8,91.0,1.0,Fainting
1842,57.0,36.5,85.0,1.0,Fainting
1843,42.0,36.3,94.0,1.0,Fainting
1844,32.0,35.6,94.0,0.0,Fainting
1845,48.0,35.7,92.0,0.0,Fainting
1846,35.0,35.6,88.0,1.0,Fainting
1847,51.0,35.7,93.0,1.0,Fainting
1848,42.0,35.5,85.0,0.0,Fainting
1849,39.0,36.1,93.0,1.0,Fainting
1850,47.0,36.0,92.0,0.0,Fainting
1851,52.0,35.8,95.0,1.0,Fainting
1852,38.0,35.6,88.0,0.0,Fainting
1853,46.0,35.6,91.0,0.0,Fainting
1854,60.0,35.8,93.0,1.0,Fainting
1855,43.0,35.8,95.0,1.0,Fainting
1856,32.0,35.5,89.0,0.0,Fainting
1857,50.0,36.0,86.0,1.0,Fainting
1858,37.0,35.8,87.0,1.0,Fainting
1859,49.0,35.8,86.0,0.0,Fainting
1860,36.0,35.7,95.0,0.0,Fainting
1861,37.0,35.6,85.0,1.0,Fainting
1862,51.0,35.7,86.0,0.0,Fainting
1863,59.0,35.7,91.0,0.0,Fainting
1864,56.0,36.1,94.0,1.0,Fainting
1865,41.0,36.1,94.0,1.0,Fainting
1866,48.0,35.6,87.0,0.0,Fainting
1867,31.0,36.2,89.0,1.0,Fainting
1868,56.0,35.6,85.0,1.0,Fainting
1869,51.0,36.1,87.0,1.0,Fainting
1870,39.0,35.8,89.0,1.0,Fainting
1871,83.0,36.6,82.0,1.0,Hypoxia
1872,67.0,36.6,89.0,1.0,Hypoxia
1873,73.0,36.0,71.0,1.0,Hypoxia
1874,65.0,36.7,78.0,0.0,Hypoxia
1875,64.0,36.7,71.0,2.0,Hypoxia
1876,85.0,36.2,88.0,0.0,Hypoxia
1877,64.0,36.3,73.0,0.0,Hypoxia
1878,70.0,36.0,86.0,0.0,Hypoxia
1879,69.0,36.5,84.0,0.0,Hypoxia
1880,62.0,36.9,91.0,0.0,Hypoxia
1881,71.0,36.9,78.0,0.0,Hypoxia
1882,82.0,36.8,79.0,0.0,Hypoxia
1883,90.0,36.3,83.0,1.0,Hypoxia
1884,76.0,36.4,79.0,0.0,Hypoxia
1885,98.0,36.6,72.0,0.0,Hypoxia
1886,73.0,36.7,71.0,0.0,Hypoxia
1887,96.0,37.0,91.0,1.0,Hypoxia
1888,61.0,36.8,81.0,1.0,Hypoxia
1889,78.0,36.3,73.0,1.0,Hypoxia
1890,99.0,36.2,73.0,0.0,Hypoxia
1891,81.0,36.0,83.0,0.0,Hypoxia
1892,71.0,36.9,91.0,1.0,Hypoxia
1893,77.0,36.1,87.0,0.0,Hypoxia
1894,92.0,36.3,83.0,2.0,Hypoxia
1895,60.0,36.5,84.0,0.0,Hypoxia
1896,73.0,36.4,83.0,0.0,Hypoxia
1897,71.0,36.0,72.0,1.0,Hypoxia
1898,89.0,36.9,74.0,1.0,Hypoxia
1899,96.0,36.9,74.0,2.0,Hypoxia
1900,66.0,36.4,80.0,0.0,Hypoxia
1901,99.0,36.7,86.0,2.0,Hypoxia
1902,61.0,36.4,82.0,2.0,Hypoxia
1903,60.0,36.0,87.0,1.0,Hypoxia
1904,76.0,36.8,89.0,2.0,Hypoxia
1905,78.0,36.1,84.0,0.0,Hypoxia
1906,69.0,36.2,83.0,1.0,Hypoxia
1907,65.0,36.3,89.0,2.0,Hypoxia
1908,66.0,36.3,87.0,1.0,Hypoxia
1909,70.0,37.0,91.0,2.0,Hypoxia
1910,74.0,36.6,87.0,0.0,Hypoxia
1911,82.0,36.7,74.0,1.0,Hypoxia
1912,88.0,36.1,71.0,1.0,Hypoxia
1913,75.0,36.3,88.0,0.0,Hypoxia
1914,83.0,36.5,87.0,2.0,Hypoxia
1915,74.0,36.1,83.0,1.0,Hypoxia
1916,60.0,36.6,80.0,2.0,Hypoxia
1917,62.0,36.8,83.0,2.0,Hypoxia
1918,64.0,36.3,89.0,1.0,Hypoxia
1919,99.0,36.6,80.0,1.0,Hypoxia
1920,89.0,36.7,73.0,2.0,Hypoxia
1921,73.0,36.4,77.0,1.0,Hypoxia
1922,68.0,36.0,75.0,1.0,Hypoxia
1923,60.0,36.0,83.0,2.0,Hypoxia
1924,76.0,36.0,91.0,1.0,Hypoxia
1925,79.0,36.9,72.0,2.0,Hypoxia
1926,66.0,36.9,82.0,1.0,Hypoxia
1927,66.0,36.6,77.0,1.0,Hypoxia
1928,67.0,36.2,72.0,2.0,Hypoxia
1929,80.0,36.3,81.0,2.0,Hypoxia
1930,78.0,36.1,77.0,1.0,Hypoxia
1931,94.0,36.6,86.0,0.0,Hypoxia
1932,81.0,36.3,84.0,2.0,Hypoxia
1933,63.0,36.4,76.0,1.0,Hypoxia
1934,100.0,36.2,78.0,1.0,Hypoxia
1935,68.0,36.3,84.0,0.0,Hypoxia
1936,89.0,36.8,86.0,0.0,Hypoxia
1937,86.0,36.4,73.0,1.0,Hypoxia
1938,92.0,36.6,88.0,0.0,Hypoxia
1939,66.0,36.0,73.0,1.0,Hypoxia
1940,84.0,36.4,80.0,0.0,Hypoxia
1941,90.0,36.7,78.0,0.0,Hypoxia
1942,85.0,36.6,76.0,2.0,Hypoxia
1943,72.0,36.6,77.0,0.0,Hypoxia
1944,80.0,36.7,74.0,0.0,Hypoxia
1945,73.0,36.4,87.0,1.0,Hypoxia
1946,79.0,36.6,81.0,0.0,Hypoxia
1947,92.0,36.3,84.0,0.0,Hypoxia
1948,98.0,36.0,81.0,2.0,Hypoxia
1949,92.0,36.3,89.0,1.0,Hypoxia
1950,95.0,36.7,70.0,1.0,Hypoxia
1951,97.0,36.1,83.0,2.0,Hypoxia
1952,92.0,36.7,88.0,0.0,Hypoxia
1953,71.0,36.6,86.0,2.0,Hypoxia
1954,98.0,36.2,84.0,2.0,Hypoxia
1955,83.0,36.4,90.0,2.0,Hypoxia
1956,74.0,36.1,76.0,1.0,Hypoxia
1957,90.0,36.3,82.0,1.0,Hypoxia
1958,89.0,36.4,70.0,0.0,Hypoxia
1959,89.0,36.2,91.0,1.0,Hypoxia
1960,86.0,36.8,78.0,0.0,Hypoxia
1961,66.0,36.6,85.0,2.0,Hypoxia
1962,84.0,36.5,85.0,2.0,Hypoxia
1963,97.0,36.1,71.0,1.0,Hypoxia
1964,61.0,36.6,79.0,2.0,Hypoxia
1965,83.0,37.0,73.0,0.0,Hypoxia
1966,87.0,36.6,70.0,1.0,Hypoxia
1967,82.0,36.5,71.0,2.0,Hypoxia
1968,99.0,36.2,78.0,2.0,Hypoxia
1969,73.0,36.4,75.0,1.0,Hypoxia
1970,93.0,36.3,83.0,2.0,Hypoxia
1971,82.0,36.6,89.0,0.0,Hypoxia
1972,60.0,37.0,75.0,2.0,Hypoxia
1973,79.0,37.0,73.0,2.0,Hypoxia
1974,67.0,36.3,74.0,2.0,Hypoxia
1975,73.0,36.3,87.0,2.0,Hypoxia
1976,74.0,36.6,83.0,1.0,Hypoxia
1977,80.0,36.2,77.0,0.0,Hypoxia
1978,73.0,36.5,80.0,1.0,Hypoxia
1979,78.0,36.6,83.0,2.0,Hypoxia
1980,93.0,36.6,83.0,0.0,Hypoxia
1981,91.0,36.6,70.0,0.0,Hypoxia
1982,63.0,36.1,73.0,1.0,Hypoxia
1983,97.0,36.7,70.0,1.0,Hypoxia
1984,82.0,36.6,70.0,2.0,Hypoxia
1985,98.0,36.6,70.0,1.0,Hypoxia
1986,84.0,36.4,91.0,0.0,Hypoxia
1987,85.0,36.2,85.0,1.0,Hypoxia
1988,78.0,36.8,81.0,1.0,Hypoxia
1989,64.0,36.6,75.0,2.0,Hypoxia
1990,64.0,36.6,91.0,0.0,Hypoxia
1991,81.0,36.3,86.0,1.0,Hypoxia
1992,69.0,36.2,83.0,0.0,Hypoxia
1993,97.0,36.9,71.0,2.0,Hypoxia
1994,60.0,36.5,71.0,1.0,Hypoxia
1995,99.0,36.7,88.0,0.0,Hypoxia
1996,78.0,36.4,76.0,1.0,Hypoxia
1997,62.0,36.7,91.0,1.0,Hypoxia
1998,96.0,36.5,85.0,2.0,Hypoxia
1999,68.0,36.4,74.0,2.0,Hypoxia
2000,68.0,36.8,72.0,2.0,Hypoxia
2001,92.0,36.5,85.0,2.0,Hypoxia
2002,64.0,36.4,83.0,1.0,Hypoxia
2003,91.0,36.7,91.0,0.0,Hypoxia
2004,89.0,36.3,80.0,0.0,Hypoxia
2005,100.0,36.6,82.0,1.0,Hypoxia
2006,83.0,36.1,86.0,2.0,Hypoxia
2007,70.0,36.7,72.0,1.0,Hypoxia
2008,87.0,36.0,76.0,2.0,Hypoxia
2009,60.0,36.7,72.0,2.0,Hypoxia
2010,78.0,36.4,76.0,2.0,Hypoxia
2011,62.0,36.4,82.0,2.0,Hypoxia
2012,70.0,36.4,85.0,2.0,Hypoxia
2013,87.0,36.8,80.0,0.0,Hypoxia
2014,81.0,36.3,89.0,0.0,Hypoxia
2015,94.0,36.5,79.0,0.0,Hypoxia
2016,82.0,36.9,75.0,1.0,Hypoxia
2017,98.0,36.1,90.0,0.0,Hypoxia
2018,87.0,36.7,87.0,1.0,Hypoxia
2019,60.0,36.8,73.0,0.0,Hypoxia
2020,94.0,36.8,86.0,2.0,Hypoxia
2021,72.0,36.4,88.0,0.0,Hypoxia
2022,90.0,36.1,75.0,2.0,Hypoxia
2023,97.0,36.2,72.0,0.0,Hypoxia
2024,93.0,36.9,72.0,2.0,Hypoxia
2025,93.0,37.0,82.0,2.0,Hypoxia
2026,80.0,36.4,84.0,1.0,Hypoxia
2027,94.0,36.1,78.0,1.0,Hypoxia
2028,98.0,36.1,73.0,2.0,Hypoxia
2029,84.0,36.7,74.0,1.0,Hypoxia
2030,81.0,36.3,76.0,1.0,Hypoxia
2031,80.0,36.2,77.0,0.0,Hypoxia
2032,79.0,36.6,75.0,2.0,Hypoxia
2033,93.0,36.8,78.0,1.0,Hypoxia
2034,89.0,36.1,91.0,1.0,Hypoxia
2035,65.0,36.5,81.0,0.0,Hypoxia
2036,61.0,36.9,89.0,2.0,Hypoxia
2037,73.0,36.8,70.0,2.0,Hypoxia
2038,61.0,36.3,74.0,2.0,Hypoxia
2039,69.0,36.7,73.0,0.0,Hypoxia
2040,70.0,36.2,72.0,2.0,Hypoxia
2041,68.0,36.5,76.0,1.0,Hypoxia
2042,98.0,36.9,87.0,1.0,Hypoxia
2043,66.0,36.9,80.0,0.0,Hypoxia
2044,79.0,36.8,78.0,0.0,Hypoxia
2045,62.0,36.9,82.0,1.0,Hypoxia
2046,94.0,36.6,79.0,0.0,Hypoxia
2047,71.0,36.2,70.0,2.0,Hypoxia
2048,62.0,36.8,90.0,0.0,Hypoxia
2049,68.0,36.5,71.0,0.0,Hypoxia
2050,81.0,36.9,75.0,0.0,Hypoxia
2051,60.0,36.3,77.0,0.0,Hypoxia
2052,74.0,36.3,88.0,0.0,Hypoxia
2053,92.0,36.2,84.0,0.0,Hypoxia
2054,60.0,36.9,88.0,0.0,Hypoxia
2055,88.0,36.8,89.0,2.0,Hypoxia
2056,60.0,36.2,89.0,2.0,Hypoxia
2057,81.0,36.6,77.0,0.0,Hypoxia
2058,66.0,36.6,73.0,1.0,Hypoxia
2059,81.0,36.8,73.0,0.0,Hypoxia
2060,94.0,36.1,88.0,0.0,Hypoxia
2061,90.0,36.1,78.0,2.0,Hypoxia
2062,81.0,36.0,76.0,0.0,Hypoxia
2063,70.0,36.5,80.0,1.0,Hypoxia
2064,100.0,36.0,71.0,1.0,Hypoxia
2065,99.0,36.6,83.0,2.0,Hypoxia
2066,62.0,36.5,91.0,1.0,Hypoxia
2067,82.0,36.2,74.0,0.0,Hypoxia
2068,87.0,36.1,90.0,2.0,Hypoxia
2069,70.0,36.0,85.0,0.0,Hypoxia
2070,78.0,37.0,91.0,0.0,Hypoxia
2071,81.0,36.4,87.0,1.0,Hypoxia
2072,80.0,36.0,80.0,1.0,Hypoxia
2073,93.0,37.0,70.0,0.0,Hypoxia
2074,86.0,36.4,75.0,0.0,Hypoxia
2075,86.0,36.8,83.0,2.0,Hypoxia
2076,76.0,36.6,72.0,1.0,Hypoxia
2077,62.0,36.4,90.0,1.0,Hypoxia
2078,83.0,37.0,77.0,2.0,Hypoxia
2079,70.0,36.8,74.0,1.0,Hypoxia
2080,84.0,36.8,82.0,1.0,Hypoxia
2081,77.0,37.0,76.0,2.0,Hypoxia
2082,92.0,36.1,85.0,2.0,Hypoxia
2083,71.0,36.8,82.0,2.0,Hypoxia
2084,72.0,36.4,86.0,1.0,Hypoxia
2085,69.0,36.8,76.0,0.0,Hypoxia
2086,80.0,36.2,75.0,0.0,Hypoxia
2087,72.0,36.4,73.0,2.0,Hypoxia
2088,100.0,36.7,73.0,1.0,Hypoxia
2089,60.0,36.3,75.0,2.0,Hypoxia
2090,100.0,36.5,72.0,2.0,Hypoxia
2091,87.0,36.6,90.0,0.0,Hypoxia
2092,66.0,36.6,75.0,0.0,Hypoxia
2093,87.0,36.8,78.0,1.0,Hypoxia
2094,74.0,36.9,84.0,2.0,Hypoxia
2095,96.0,36.5,81.0,1.0,Hypoxia
2096,63.0,36.1,79.0,0.0,Hypoxia
2097,86.0,36.4,81.0,2.0,Hypoxia
2098,67.0,36.9,84.0,2.0,Hypoxia
2099,97.0,36.6,70.0,0.0,Hypoxia
2100,99.0,36.5,70.0,2.0,Hypoxia
2101,95.0,36.8,73.0,2.0,Hypoxia
2102,64.0,36.7,70.0,2.0,Hypoxia
2103,74.0,36.5,87.0,0.0,Hypoxia
2104,84.0,36.3,81.0,1.0,Hypoxia
2105,71.0,36.7,82.0,1.0,Hypoxia
2106,69.0,36.3,83.0,2.0,Hypoxia
2107,73.0,36.3,88.0,2.0,Hypoxia
2108,87.0,36.6,87.0,2.0,Hypoxia
2109,100.0,36.8,87.0,1.0,Hypoxia
2110,70.0,36.0,81.0,2.0,Hypoxia
2111,78.0,36.3,88.0,1.0,Hypoxia
2112,85.0,36.5,85.0,0.0,Hypoxia
2113,71.0,36.2,90.0,2.0,Hypoxia
2114,77.0,36.8,79.0,2.0,Hypoxia
2115,69.0,36.4,77.0,0.0,Hypoxia
2116,81.0,36.7,79.0,1.0,Hypoxia
2117,61.0,36.7,88.0,1.0,Hypoxia
2118,100.0,36.5,74.0,1.0,Hypoxia
2119,81.0,36.8,79.0,2.0,Hypoxia
2120,74.0,36.3,77.0,0.0,Hypoxia
2121,94.0,36.6,87.0,2.0,Hypoxia
2122,95.0,36.8,75.0,0.0,Hypoxia
2123,71.0,36.3,83.0,2.0,Hypoxia
2124,73.0,36.2,83.0,0.0,Hypoxia
2125,74.0,36.0,87.0,0.0,Hypoxia
2126,88.0,36.5,77.0,1.0,Hypoxia
2127,85.0,36.6,89.0,1.0,Hypoxia
2128,93.0,36.9,84.0,1.0,Hypoxia
2129,72.0,36.2,87.0,1.0,Hypoxia
2130,61.0,36.8,73.0,2.0,Hypoxia
2131,61.0,36.8,91.0,0.0,Hypoxia
2132,98.0,36.6,76.0,0.0,Hypoxia
2133,100.0,36.1,84.0,0.0,Hypoxia
2134,60.0,36.2,71.0,1.0,Hypoxia
2135,61.0,36.5,73.0,2.0,Hypoxia
2136,85.0,36.2,87.0,1.0,Hypoxia
2137,87.0,36.6,77.0,1.0,Hypoxia
2138,78.0,36.8,70.0,2.0,Hypoxia
2139,65.0,36.1,78.0,0.0,Hypoxia
2140,77.0,36.4,90.0,1.0,Hypoxia
2141,94.0,36.4,72.0,0.0,Hypoxia
2142,97.0,36.7,75.0,1.0,Hypoxia
2143,60.0,36.7,84.0,1.0,Hypoxia
2144,66.0,36.3,77.0,2.0,Hypoxia
2145,77.0,36.4,80.0,0.0,Hypoxia
2146,60.0,36.2,85.0,1.0,Hypoxia
2147,62.0,36.1,78.0,2.0,Hypoxia
2148,76.0,36.3,81.0,0.0,Hypoxia
2149,92.0,36.7,78.0,1.0,Hypoxia
2150,72.0,36.3,78.0,2.0,Hypoxia
2151,75.0,36.9,73.0,1.0,Hypoxia
2152,73.0,36.0,75.0,1.0,Hypoxia
2153,96.0,36.8,88.0,1.0,Hypoxia
2154,79.0,36.1,81.0,2.0,Hypoxia
2155,93.0,36.3,76.0,1.0,Hypoxia
2156,78.0,36.4,89.0,2.0,Hypoxia
2157,90.0,36.4,85.0,1.0,Hypoxia
2158,97.0,36.4,72.0,1.0,Hypoxia
2159,87.0,36.5,86.0,2.0,Hypoxia
2160,65.0,36.7,72.0,1.0,Hypoxia
2161,99.0,36.1,85.0,2.0,Hypoxia
2162,67.0,36.8,84.0,1.0,Hypoxia
2163,87.0,36.9,89.0,0.0,Hypoxia
2164,70.0,36.2,86.0,1.0,Hypoxia
2165,84.0,36.3,73.0,2.0,Hypoxia
2166,77.0,36.8,74.0,2.0,Hypoxia
2167,75.0,36.7,84.0,2.0,Hypoxia
2168,87.0,36.1,81.0,0.0,Hypoxia
2169,81.0,36.9,75.0,2.0,Hypoxia
2170,80.0,36.7,89.0,0.0,Hypoxia
2171,69.0,36.1,75.0,0.0,Hypoxia
2172,97.0,36.6,84.0,0.0,Hypoxia
2173,94.0,36.5,79.0,0.0,Hypoxia
2174,83.0,36.2,75.0,1.0,Hypoxia
2175,95.0,36.1,82.0,0.0,Hypoxia
2176,92.0,36.8,82.0,2.0,Hypoxia
2177,79.0,36.4,78.0,2.0,Hypoxia
2178,82.0,36.9,72.0,1.0,Hypoxia
2179,84.0,36.3,91.0,2.0,Hypoxia
2180,93.0,36.5,90.0,1.0,Hypoxia
2181,91.0,36.7,87.0,2.0,Hypoxia
2182,82.0,36.8,77.0,0.0,Hypoxia
2183,62.0,36.9,78.0,1.0,Hypoxia
2184,76.0,36.6,78.0,0.0,Hypoxia
2185,84.0,36.2,79.0,0.0,Hypoxia
2186,89.0,36.6,90.0,2.0,Hypoxia
2187,95.0,36.9,70.0,1.0,Hypoxia
2188,75.0,36.7,90.0,0.0,Hypoxia
2189,82.0,36.8,83.0,2.0,Hypoxia
2190,91.0,36.1,80.0,1.0,Hypoxia
2191,60.0,36.4,72.0,1.0,Hypoxia
2192,75.0,36.9,76.0,0.0,Hypoxia
2193,70.0,36.1,86.0,0.0,Hypoxia
2194,99.0,36.9,78.0,2.0,Hypoxia
2195,68.0,36.4,77.0,1.0,Hypoxia
2196,65.0,36.9,80.0,2.0,Hypoxia
2197,83.0,36.5,90.0,0.0,Hypoxia
2198,66.0,36.1,70.0,2.0,Hypoxia
2199,93.0,36.9,72.0,1.0,Hypoxia
2200,62.0,36.4,73.0,2.0,Hypoxia
2201,98.0,36.2,89.0,1.0,Hypoxia
2202,66.0,36.8,90.0,1.0,Hypoxia
2203,77.0,36.7,84.0,0.0,Hypoxia
2204,67.0,36.9,77.0,1.0,Hypoxia
2205,76.0,36.6,77.0,1.0,Hypoxia
2206,82.0,36.9,79.0,0.0,Hypoxia
2207,61.0,36.5,86.0,0.0,Hypoxia
2208,94.0,36.5,87.0,1.0,Hypoxia
2209,71.0,36.5,87.0,2.0,Hypoxia
2210,65.0,36.9,75.0,1.0,Hypoxia
2211,88.0,36.5,91.0,0.0,Hypoxia
2212,88.0,36.8,83.0,2.0,Hypoxia
2213,91.0,36.0,91.0,1.0,Hypoxia
2214,62.0,36.7,71.0,2.0,Hypoxia
2215,87.0,36.5,85.0,0.0,Hypoxia
2216,92.0,36.7,73.0,2.0,Hypoxia
2217,60.0,36.4,78.0,2.0,Hypoxia
2218,63.0,37.0,74.0,1.0,Hypoxia
2219,93.0,36.2,84.0,0.0,Hypoxia
2220,98.0,36.9,80.0,2.0,Hypoxia
2221,69.0,36.5,72.0,1.0,Hypoxia
2222,82.0,36.0,82.0,0.0,Hypoxia
2223,67.0,36.1,84.0,2.0,Hypoxia
2224,97.0,36.1,80.0,0.0,Hypoxia
2225,64.0,36.6,80.0,0.0,Hypoxia
2226,86.0,36.1,72.0,2.0,Hypoxia
2227,76.0,36.3,72.0,2.0,Hypoxia
2228,85.0,36.3,88.0,2.0,Hypoxia
2229,87.0,36.7,82.0,2.0,Hypoxia
2230,62.0,36.1,88.0,0.0,Hypoxia
2231,89.0,36.8,91.0,1.0,Hypoxia
2232,87.0,36.0,85.0,2.0,Hypoxia
2233,76.0,36.3,89.0,2.0,Hypoxia
2234,99.0,36.6,85.0,2.0,Hypoxia
2235,82.0,36.6,91.0,0.0,Hypoxia
2236,82.0,36.9,70.0,0.0,Hypoxia
2237,66.0,36.9,87.0,2.0,Hypoxia
2238,67.0,36.1,86.0,0.0,Hypoxia
2239,72.0,37.0,73.0,1.0,Hypoxia
2240,75.0,36.3,86.0,0.0,Hypoxia
2241,71.0,36.1,86.0,1.0,Hypoxia
2242,88.0,36.8,87.0,2.0,Hypoxia
2243,85.0,36.6,76.0,2.0,Hypoxia
2244,61.0,36.1,79.0,2.0,Hypoxia
2245,88.0,36.3,84.0,1.0,Hypoxia
2246,69.0,36.7,78.0,2.0,Hypoxia
2247,73.0,36.9,88.0,2.0,Hypoxia
2248,64.0,36.7,87.0,1.0,Hypoxia
2249,91.0,36.2,91.0,1.0,Hypoxia
2250,86.0,36.1,90.0,0.0,Hypoxia
2251,94.0,36.5,86.0,2.0,Hypoxia
2252,88.0,36.3,75.0,1.0,Hypoxia
2253,64.0,36.5,79.0,2.0,Hypoxia
2254,77.0,36.4,76.0,1.0,Hypoxia
2255,91.0,36.4,75.0,2.0,Hypoxia
2256,74.0,36.8,74.0,2.0,Hypoxia
2257,89.0,36.2,75.0,1.0,Hypoxia
2258,97.0,36.6,79.0,1.0,Hypoxia
2259,99.0,36.7,77.0,0.0,Hypoxia
2260,89.0,36.5,78.0,2.0,Hypoxia
2261,66.0,36.4,83.0,1.0,Hypoxia
2262,99.0,36.9,90.0,2.0,Hypoxia
2263,61.0,36.9,72.0,2.0,Hypoxia
2264,91.0,36.1,83.0,2.0,Hypoxia
2265,77.0,36.8,73.0,2.0,Hypoxia
2266,85.0,36.6,88.0,1.0,Hypoxia
2267,95.0,36.8,78.0,0.0,Hypoxia
2268,73.0,36.7,70.0,1.0,Hypoxia
2269,76.0,36.2,71.0,2.0,Hypoxia
2270,70.0,36.6,76.0,1.0,Hypoxia
2271,60.0,36.9,79.0,1.0,Hypoxia
2272,72.0,36.5,75.0,0.0,Hypoxia
2273,60.0,36.7,90.0,1.0,Hypoxia
2274,96.0,36.3,77.0,2.0,Hypoxia
2275,98.0,36.7,87.0,1.0,Hypoxia
2276,67.0,36.2,72.0,2.0,Hypoxia
2277,75.0,36.3,91.0,0.0,Hypoxia
2278,78.0,36.4,74.0,1.0,Hypoxia
2279,60.0,36.0,85.0,2.0,Hypoxia
2280,99.0,36.8,88.0,1.0,Hypoxia
2281,94.0,36.2,89.0,1.0,Hypoxia
2282,90.0,36.3,74.0,2.0,Hypoxia
2283,87.0,36.7,76.0,1.0,Hypoxia
2284,89.0,36.8,88.0,1.0,Hypoxia
2285,78.0,36.6,85.0,2.0,Hypoxia
2286,84.0,36.2,71.0,1.0,Hypoxia
2287,99.0,36.8,83.0,1.0,Hypoxia
2288,91.0,36.1,80.0,1.0,Hypoxia
2289,81.0,36.2,76.0,1.0,Hypoxia
2290,82.0,36.2,73.0,2.0,Hypoxia
2291,81.0,36.9,88.0,0.0,Hypoxia
2292,76.0,36.4,77.0,1.0,Hypoxia
2293,98.0,36.7,81.0,2.0,Hypoxia
2294,84.0,36.5,75.0,1.0,Hypoxia
2295,96.0,36.1,75.0,2.0,Hypoxia
2296,68.0,36.0,73.0,1.0,Hypoxia
2297,69.0,37.0,74.0,0.0,Hypoxia
2298,79.0,36.4,75.0,1.0,Hypoxia
2299,77.0,36.6,71.0,2.0,Hypoxia
2300,69.0,36.3,86.0,2.0,Hypoxia
2301,98.0,36.3,82.0,2.0,Hypoxia
2302,86.0,36.2,76.0,0.0,Hypoxia
2303,72.0,37.0,83.0,0.0,Hypoxia
2304,64.0,36.2,75.0,1.0,Hypoxia
2305,97.0,36.7,75.0,0.0,Hypoxia
2306,60.0,36.3,91.0,1.0,Hypoxia
2307,74.0,36.6,87.0,0.0,Hypoxia
2308,96.0,36.5,86.0,2.0,Hypoxia
2309,64.0,36.8,82.0,0.0,Hypoxia
2310,86.0,36.4,83.0,0.0,Hypoxia
2311,71.0,36.2,79.0,1.0,Hypoxia
2312,82.0,36.9,73.0,0.0,Hypoxia
2313,66.0,36.7,75.0,2.0,Hypoxia
2314,84.0,36.5,73.0,1.0,Hypoxia
2315,99.0,36.6,82.0,1.0,Hypoxia
2316,76.0,36.2,84.0,0.0,Hypoxia
2317,81.0,36.7,88.0,0.0,Hypoxia
2318,73.0,36.6,76.0,0.0,Hypoxia
2319,70.0,36.6,88.0,2.0,Hypoxia
2320,81.0,36.6,71.0,1.0,Hypoxia
2321,95.0,36.6,76.0,2.0,Hypoxia
2322,68.0,36.9,70.0,0.0,Hypoxia
2323,63.0,36.9,73.0,2.0,Hypoxia
2324,70.0,36.6,82.0,2.0,Hypoxia
2325,75.0,36.6,79.0,2.0,Hypoxia
2326,99.0,36.4,86.0,0.0,Hypoxia
2327,82.0,37.0,82.0,0.0,Hypoxia
2328,68.0,36.1,86.0,1.0,Hypoxia
2329,96.0,36.9,77.0,0.0,Hypoxia
2330,63.0,36.2,85.0,2.0,Hypoxia
2331,91.0,36.2,88.0,1.0,Hypoxia
2332,60.0,36.5,85.0,0.0,Hypoxia
2333,89.0,36.2,91.0,1.0,Hypoxia
2334,71.0,36.9,90.0,1.0,Hypoxia
2335,72.0,36.4,78.0,1.0,Hypoxia
2336,64.0,36.4,73.0,0.0,Hypoxia
2337,72.0,36.5,79.0,0.0,Hypoxia
2338,60.0,36.5,73.0,1.0,Hypoxia
2339,60.0,36.1,75.0,0.0,Hypoxia
2340,86.0,36.6,78.0,2.0,Hypoxia
2341,68.0,36.5,75.0,0.0,Hypoxia
2342,83.0,36.4,71.0,2.0,Hypoxia
2343,80.0,36.9,75.0,1.0,Hypoxia
2344,95.0,36.2,76.0,1.0,Hypoxia
2345,89.0,36.5,89.0,1.0,Hypoxia
2346,68.0,36.9,76.0,1.0,Hypoxia
2347,85.0,36.5,79.0,0.0,Hypoxia
2348,65.0,36.3,75.0,0.0,Hypoxia
2349,66.0,36.5,88.0,0.0,Hypoxia
2350,60.0,36.5,75.0,1.0,Hypoxia
2351,79.0,36.6,77.0,1.0,Hypoxia
2352,79.0,36.4,80.0,2.0,Hypoxia
2353,96.0,36.5,82.0,0.0,Hypoxia
2354,83.0,36.3,91.0,1.0,Hypoxia
2355,81.0,36.8,77.0,1.0,Hypoxia
2356,88.0,36.1,89.0,1.0,Hypoxia
2357,74.0,36.9,79.0,1.0,Hypoxia
2358,86.0,36.3,72.0,2.0,Hypoxia
2359,98.0,36.1,72.0,1.0,Hypoxia
2360,77.0,36.8,89.0,2.0,Hypoxia
2361,62.0,36.2,86.0,2.0,Hypoxia
2362,79.0,36.5,80.0,2.0,Hypoxia
2363,65.0,36.7,90.0,1.0,Hypoxia
2364,76.0,36.9,86.0,0.0,Hypoxia
2365,65.0,36.3,85.0,2.0,Hypoxia
2366,87.0,36.4,81.0,2.0,Hypoxia
2367,63.0,36.7,76.0,2.0,Hypoxia
2368,67.0,36.6,83.0,1.0,Hypoxia
2369,93.0,36.0,86.0,0.0,Hypoxia
2370,60.0,36.5,85.0,0.0,Hypoxia
2371,100.0,37.0,71.0,1.0,Hypoxia
2372,94.0,36.3,89.0,0.0,Hypoxia
2373,91.0,36.2,87.0,2.0,Hypoxia
2374,99.0,36.1,88.0,0.0,Hypoxia
2375,93.0,36.6,81.0,0.0,Hypoxia
2376,92.0,36.8,71.0,1.0,Hypoxia
2377,69.0,36.1,85.0,2.0,Hypoxia
2378,74.0,36.9,88.0,0.0,Hypoxia
2379,72.0,36.0,77.0,0.0,Hypoxia
2380,76.0,36.1,88.0,1.0,Hypoxia
2381,66.0,36.7,75.0,1.0,Hypoxia
2382,89.0,36.2,79.0,0.0,Hypoxia
2383,68.0,36.8,70.0,2.0,Hypoxia
2384,73.0,36.5,72.0,0.0,Hypoxia
2385,65.0,36.6,81.0,0.0,Hypoxia
2386,81.0,37.0,86.0,2.0,Hypoxia
2387,90.0,36.9,84.0,2.0,Hypoxia
2388,62.0,37.0,77.0,0.0,Hypoxia
2389,85.0,36.6,85.0,1.0,Hypoxia
2390,91.0,36.6,80.0,0.0,Hypoxia
2391,84.0,36.4,91.0,2.0,Hypoxia
2392,88.0,37.0,75.0,0.0,Hypoxia
2393,93.0,36.7,81.0,2.0,Hypoxia
2394,61.0,36.8,70.0,1.0,Hypoxia
2395,85.0,36.4,87.0,1.0,Hypoxia
2396,95.0,36.1,83.0,2.0,Hypoxia
2397,76.0,36.6,76.0,0.0,Hypoxia
2398,87.0,36.1,77.0,2.0,Hypoxia
2399,67.0,36.3,75.0,0.0,Hypoxia
2400,61.0,37.0,75.0,1.0,Hypoxia
2401,71.0,36.0,79.0,2.0,Hypoxia
2402,72.0,36.6,79.0,1.0,Hypoxia
2403,75.0,36.7,82.0,1.0,Hypoxia
2404,97.0,37.0,70.0,1.0,Hypoxia
2405,87.0,36.4,78.0,1.0,Hypoxia
2406,83.0,36.2,87.0,2.0,Hypoxia
2407,67.0,36.5,75.0,1.0,Hypoxia
2408,92.0,36.4,85.0,1.0,Hypoxia
2409,84.0,36.3,72.0,1.0,Hypoxia
2410,87.0,36.8,82.0,0.0,Hypoxia
2411,66.0,36.4,86.0,0.0,Hypoxia
2412,98.0,36.8,70.0,2.0,Hypoxia
2413,66.0,36.7,73.0,1.0,Hypoxia
2414,81.0,36.4,79.0,0.0,Hypoxia
2415,95.0,36.6,80.0,1.0,Hypoxia
2416,97.0,36.3,88.0,2.0,Hypoxia
2417,84.0,36.5,83.0,1.0,Hypoxia
2418,62.0,36.2,90.0,1.0,Hypoxia
2419,66.0,36.1,87.0,1.0,Hypoxia
2420,89.0,36.9,81.0,0.0,Hypoxia
2421,99.0,36.9,88.0,1.0,Hypoxia
2422,86.0,36.7,84.0,2.0,Hypoxia
2423,77.0,36.0,80.0,0.0,Hypoxia
2424,71.0,36.1,91.0,1.0,Hypoxia
2425,87.0,36.7,89.0,0.0,Hypoxia
2426,64.0,36.4,72.0,0.0,Hypoxia
2427,87.0,36.1,84.0,1.0,Hypoxia
2428,100.0,36.3,81.0,0.0,Hypoxia
2429,75.0,36.1,79.0,1.0,Hypoxia
2430,63.0,36.0,72.0,0.0,Hypoxia
2431,88.0,36.7,72.0,1.0,Hypoxia
2432,91.0,37.0,85.0,2.0,Hypoxia
2433,75.0,36.8,85.0,1.0,Hypoxia
2434,88.0,36.1,78.0,0.0,Hypoxia
2435,88.0,36.6,84.0,0.0,Hypoxia
2436,61.0,36.4,75.0,2.0,Hypoxia
2437,62.0,36.3,74.0,2.0,Hypoxia
2438,96.0,36.1,80.0,1.0,Hypoxia
2439,93.0,37.0,70.0,1.0,Hypoxia
2440,77.0,36.8,83.0,0.0,Hypoxia
2441,66.0,36.2,73.0,0.0,Hypoxia
2442,61.0,36.7,74.0,0.0,Hypoxia
2443,87.0,36.8,70.0,2.0,Hypoxia
2444,93.0,36.7,80.0,2.0,Hypoxia
2445,73.0,36.1,83.0,1.0,Hypoxia
2446,71.0,36.5,82.0,1.0,Hypoxia
2447,62.0,36.2,77.0,2.0,Hypoxia
2448,67.0,36.4,81.0,1.0,Hypoxia
2449,77.0,36.5,88.0,2.0,Hypoxia
2450,62.0,36.9,79.0,2.0,Hypoxia
2451,77.0,36.2,91.0,1.0,Hypoxia
2452,69.0,36.9,89.0,1.0,Hypoxia
2453,84.0,36.0,70.0,1.0,Hypoxia
2454,92.0,36.3,79.0,2.0,Hypoxia
2455,68.0,36.3,74.0,2.0,Hypoxia
2456,99.0,36.5,72.0,1.0,Hypoxia
2457,67.0,36.2,79.0,0.0,Hypoxia
2458,100.0,36.9,71.0,1.0,Hypoxia
2459,97.0,36.4,78.0,1.0,Hypoxia
2460,83.0,36.7,72.0,1.0,Hypoxia
2461,62.0,36.6,71.0,2.0,Hypoxia
2462,63.0,36.4,73.0,0.0,Hypoxia
2463,79.0,36.4,91.0,2.0,Hypoxia
2464,98.0,36.6,85.0,1.0,Hypoxia
2465,76.0,36.7,80.0,2.0,Hypoxia
2466,61.0,36.6,79.0,0.0,Hypoxia
2467,93.0,36.4,88.0,1.0,Hypoxia
2468,84.0,36.6,71.0,1.0,Hypoxia
2469,91.0,36.5,73.0,2.0,Hypoxia
2470,77.0,36.7,72.0,1.0,Hypoxia
2471,85.0,36.0,90.0,1.0,Hypoxia
2472,60.0,36.4,78.0,2.0,Hypoxia
2473,84.0,36.1,79.0,0.0,Hypoxia
2474,60.0,36.4,70.0,1.0,Hypoxia
2475,82.0,36.4,86.0,0.0,Hypoxia
2476,67.0,36.8,75.0,2.0,Hypoxia
2477,92.0,36.0,74.0,0.0,Hypoxia
2478,81.0,36.1,82.0,2.0,Hypoxia
2479,64.0,36.5,78.0,0.0,Hypoxia
2480,98.0,36.5,85.0,2.0,Hypoxia
2481,87.0,36.2,90.0,0.0,Hypoxia
2482,70.0,36.4,89.0,1.0,Hypoxia
2483,75.0,36.3,89.0,2.0,Hypoxia
2484,79.0,36.8,90.0,1.0,Hypoxia
2485,66.0,37.0,90.0,1.0,Hypoxia
2486,63.0,36.2,70.0,1.0,Hypoxia
2487,91.0,36.4,82.0,2.0,Hypoxia
2488,88.0,36.5,75.0,2.0,Hypoxia
2489,70.0,36.0,73.0,1.0,Hypoxia
2490,93.0,36.6,82.0,2.0,Hypoxia
2491,89.0,37.0,74.0,2.0,Hypoxia
2492,86.0,36.4,81.0,2.0,Hypoxia
2493,74.0,36.6,89.0,2.0,Hypoxia
2494,96.0,36.7,84.0,0.0,Hypoxia
2495,86.0,36.9,84.0,0.0,Hypoxia
2496,83.0,36.4,71.0,2.0,Hypoxia
2497,95.0,36.5,80.0,2.0,Hypoxia
2498,82.0,36.1,91.0,2.0,Hypoxia
2499,78.0,36.5,81.0,1.0,Hypoxia
2500,91.0,36.4,88.0,0.0,Hypoxia
2501,73.0,36.2,70.0,1.0,Hypoxia
2502,87.0,36.6,91.0,0.0,Hypoxia
2503,70.0,36.0,73.0,0.0,Hypoxia
2504,100.0,36.8,70.0,1.0,Hypoxia
2505,66.0,36.9,72.0,2.0,Hypoxia
2506,69.0,36.2,76.0,2.0,Hypoxia
2507,88.0,36.5,79.0,1.0,Hypoxia
2508,100.0,36.3,79.0,1.0,Hypoxia
2509,60.0,36.7,73.0,0.0,Hypoxia
2510,87.0,36.5,73.0,1.0,Hypoxia
2511,91.0,36.3,88.0,2.0,Hypoxia
2512,86.0,36.7,74.0,0.0,Hypoxia
2513,86.0,36.8,79.0,2.0,Hypoxia
2514,62.0,36.6,84.0,1.0,Hypoxia
2515,62.0,36.0,77.0,0.0,Hypoxia
2516,89.0,36.9,88.0,2.0,Hypoxia
2517,70.0,36.5,71.0,0.0,Hypoxia
2518,92.0,36.3,79.0,0.0,Hypoxia
2519,63.0,36.2,90.0,0.0,Hypoxia
2520,97.0,36.4,71.0,1.0,Hypoxia
2521,80.0,36.3,89.0,1.0,Hypoxia
2522,72.0,36.2,74.0,0.0,Hypoxia
2523,92.0,36.4,80.0,2.0,Hypoxia
2524,89.0,36.8,84.0,0.0,Hypoxia
2525,84.0,36.4,70.0,1.0,Hypoxia
2526,64.0,36.2,85.0,0.0,Hypoxia
2527,70.0,36.4,77.0,1.0,Hypoxia
2528,99.0,36.0,90.0,0.0,Hypoxia
2529,67.0,36.1,87.0,0.0,Hypoxia
2530,98.0,36.5,86.0,0.0,Hypoxia
2531,83.0,36.1,78.0,2.0,Hypoxia
2532,60.0,36.3,72.0,1.0,Hypoxia
2533,61.0,36.5,79.0,0.0,Hypoxia
2534,64.0,36.7,83.0,0.0,Hypoxia
2535,73.0,36.5,70.0,2.0,Hypoxia
2536,99.0,36.8,86.0,2.0,Hypoxia
2537,75.0,36.8,70.0,1.0,Hypoxia
2538,84.0,36.1,84.0,2.0,Hypoxia
2539,83.0,36.5,84.0,1.0,Hypoxia
2540,64.0,36.9,86.0,1.0,Hypoxia
2541,94.0,36.6,89.0,2.0,Hypoxia
2542,73.0,36.9,77.0,1.0,Hypoxia
2543,95.0,37.0,89.0,0.0,Hypoxia
2544,96.0,36.1,75.0,2.0,Hypoxia
2545,68.0,36.9,88.0,0.0,Hypoxia
2546,97.0,36.7,85.0,1.0,Hypoxia
2547,60.0,36.9,72.0,2.0,Hypoxia
2548,75.0,36.3,82.0,0.0,Hypoxia
2549,71.0,36.8,88.0,2.0,Hypoxia
2550,92.0,37.0,81.0,0.0,Hypoxia
2551,64.0,36.2,72.0,1.0,Hypoxia
2552,93.0,36.8,82.0,1.0,Hypoxia
2553,79.0,36.9,74.0,2.0,Hypoxia
2554,90.0,36.5,74.0,2.0,Hypoxia
2555,79.0,36.1,89.0,1.0,Hypoxia
2556,96.0,36.5,71.0,1.0,Hypoxia
2557,80.0,36.5,87.0,0.0,Hypoxia
2558,92.0,36.9,77.0,0.0,Hypoxia
2559,85.0,36.6,70.0,2.0,Hypoxia
2560,98.0,36.1,83.0,0.0,Hypoxia
2561,76.0,37.0,77.0,2.0,Hypoxia
2562,82.0,36.3,89.0,0.0,Hypoxia
2563,93.0,36.9,90.0,1.0,Hypoxia
2564,81.0,36.5,81.0,1.0,Hypoxia
2565,82.0,36.2,71.0,0.0,Hypoxia
2566,93.0,36.5,76.0,2.0,Hypoxia
2567,93.0,36.3,75.0,2.0,Hypoxia
2568,73.0,36.8,80.0,1.0,Hypoxia
2569,60.0,36.1,72.0,1.0,Hypoxia
2570,92.0,36.2,70.0,1.0,Hypoxia
2571,69.0,36.1,77.0,1.0,Hypoxia
2572,82.0,37.0,88.0,2.0,Hypoxia
2573,80.0,36.4,85.0,0.0,Hypoxia
2574,67.0,36.9,70.0,0.0,Hypoxia
2575,99.0,36.9,70.0,0.0,Hypoxia
2576,87.0,36.6,82.0,1.0,Hypoxia
2577,93.0,36.1,80.0,2.0,Hypoxia
2578,64.0,36.5,78.0,2.0,Hypoxia
2579,74.0,36.4,82.0,0.0,Hypoxia
2580,64.0,36.4,76.0,2.0,Hypoxia
2581,69.0,36.1,89.0,2.0,Hypoxia
2582,66.0,36.1,85.0,1.0,Hypoxia
2583,73.0,37.0,70.0,2.0,Hypoxia
2584,89.0,37.0,74.0,0.0,Hypoxia
2585,85.0,36.3,77.0,0.0,Hypoxia
2586,94.0,36.5,78.0,2.0,Hypoxia
2587,97.0,36.0,70.0,0.0,Hypoxia
2588,86.0,36.6,90.0,0.0,Hypoxia
2589,65.0,36.8,90.0,1.0,Hypoxia
2590,91.0,36.8,80.0,0.0,Hypoxia
2591,96.0,36.4,90.0,0.0,Hypoxia
2592,98.0,36.4,82.0,2.0,Hypoxia
2593,61.0,37.0,72.0,0.0,Hypoxia
2594,81.0,36.1,91.0,1.0,Hypoxia
2595,88.0,36.5,71.0,1.0,Hypoxia
2596,76.0,36.9,88.0,1.0,Hypoxia
2597,77.0,37.0,77.0,2.0,Hypoxia
2598,66.0,36.6,87.0,0.0,Hypoxia
2599,63.0,37.0,84.0,0.0,Hypoxia
2600,65.0,36.6,89.0,1.0,Hypoxia
2601,87.0,36.2,70.0,1.0,Hypoxia
2602,75.0,36.9,72.0,2.0,Hypoxia
2603,70.0,36.8,89.0,1.0,Hypoxia
2604,99.0,37.0,84.0,0.0,Hypoxia
2605,87.0,36.3,76.0,1.0,Hypoxia
2606,82.0,36.5,80.0,2.0,Hypoxia
2607,77.0,36.9,91.0,1.0,Hypoxia
2608,81.0,36.2,79.0,0.0,Hypoxia
2609,92.0,36.6,78.0,1.0,Hypoxia
2610,90.0,36.6,73.0,0.0,Hypoxia
2611,96.0,36.3,91.0,2.0,Hypoxia
2612,98.0,36.2,80.0,0.0,Hypoxia
2613,69.0,36.3,84.0,2.0,Hypoxia
2614,75.0,37.0,80.0,0.0,Hypoxia
2615,97.0,36.4,87.0,0.0,Hypoxia
2616,79.0,37.0,77.0,2.0,Hypoxia
2617,64.0,36.8,88.0,2.0,Hypoxia
2618,96.0,36.6,91.0,0.0,Hypoxia
2619,61.0,36.2,81.0,0.0,Hypoxia
2620,62.0,36.9,77.0,1.0,Hypoxia
2621,79.0,36.6,78.0,1.0,Hypoxia
2622,81.0,36.2,84.0,2.0,Hypoxia
2623,96.0,36.5,79.0,1.0,Hypoxia
2624,78.0,36.5,77.0,1.0,Hypoxia
2625,93.0,36.8,73.0,2.0,Hypoxia
2626,74.0,36.5,73.0,0.0,Hypoxia
2627,92.0,36.1,74.0,2.0,Hypoxia
2628,72.0,36.1,79.0,2.0,Hypoxia
2629,66.0,36.6,70.0,2.0,Hypoxia
2630,90.0,36.0,73.0,2.0,Hypoxia
2631,68.0,36.8,70.0,1.0,Hypoxia
2632,67.0,36.7,70.0,0.0,Hypoxia
2633,79.0,36.2,90.0,2.0,Hypoxia
2634,77.0,36.4,91.0,2.0,Hypoxia
2635,74.0,37.0,91.0,1.0,Hypoxia
2636,90.0,36.2,86.0,1.0,Hypoxia
2637,75.0,36.6,87.0,2.0,Hypoxia
2638,60.0,36.1,81.0,2.0,Hypoxia
2639,60.0,36.5,73.0,1.0,Hypoxia
2640,86.0,36.2,70.0,1.0,Hypoxia
2641,81.0,36.9,86.0,2.0,Hypoxia
2642,69.0,36.6,82.0,1.0,Hypoxia
2643,84.0,36.4,74.0,2.0,Hypoxia
2644,95.0,36.4,71.0,0.0,Hypoxia
2645,65.0,36.6,91.0,1.0,Hypoxia
2646,91.0,36.9,88.0,0.0,Hypoxia
2647,78.0,36.7,72.0,0.0,Hypoxia
2648,96.0,36.1,75.0,2.0,Hypoxia
2649,87.0,36.7,84.0,1.0,Hypoxia
2650,67.0,36.7,78.0,2.0,Hypoxia
2651,60.0,36.5,75.0,0.0,Hypoxia
2652,78.0,36.8,84.0,1.0,Hypoxia
2653,90.0,36.7,85.0,0.0,Hypoxia
2654,76.0,36.7,76.0,2.0,Hypoxia
2655,65.0,36.6,91.0,1.0,Hypoxia
2656,70.0,37.0,91.0,1.0,Hypoxia
2657,100.0,36.2,91.0,0.0,Hypoxia
2658,67.0,36.8,76.0,1.0,Hypoxia
2659,80.0,36.3,78.0,2.0,Hypoxia
2660,81.0,37.0,91.0,2.0,Hypoxia
2661,95.0,36.9,81.0,0.0,Hypoxia
2662,63.0,36.5,81.0,1.0,Hypoxia
2663,68.0,36.4,77.0,1.0,Hypoxia
2664,70.0,36.3,82.0,0.0,Hypoxia
2665,88.0,36.0,89.0,0.0,Hypoxia
2666,95.0,36.7,73.0,2.0,Hypoxia
2667,82.0,36.4,88.0,2.0,Hypoxia
2668,92.0,36.0,70.0,2.0,Hypoxia
2669,85.0,36.6,90.0,1.0,Hypoxia
2670,68.0,36.6,71.0,0.0,Hypoxia
2671,73.0,36.3,73.0,1.0,Hypoxia
2672,94.0,36.8,81.0,0.0,Hypoxia
2673,64.0,36.3,77.0,0.0,Hypoxia
2674,98.0,37.0,91.0,2.0,Hypoxia
2675,84.0,36.3,91.0,0.0,Hypoxia
2676,68.0,36.1,91.0,0.0,Hypoxia
2677,86.0,36.8,75.0,0.0,Hypoxia
2678,76.0,36.4,86.0,0.0,Hypoxia
2679,91.0,36.4,88.0,1.0,Hypoxia
2680,64.0,36.8,86.0,0.0,Hypoxia
2681,94.0,36.2,78.0,2.0,Hypoxia
2682,97.0,36.7,84.0,0.0,Hypoxia
2683,61.0,36.5,86.0,0.0,Hypoxia
2684,93.0,36.3,78.0,1.0,Hypoxia
2685,65.0,36.3,90.0,1.0,Hypoxia
2686,61.0,36.1,70.0,0.0,Hypoxia
2687,67.0,36.5,83.0,1.0,Hypoxia
2688,99.0,36.4,77.0,2.0,Hypoxia
2689,64.0,36.1,82.0,1.0,Hypoxia
2690,70.0,36.2,84.0,1.0,Hypoxia
2691,61.0,36.6,75.0,2.0,Hypoxia
2692,94.0,36.2,90.0,2.0,Hypoxia
2693,62.0,36.5,78.0,2.0,Hypoxia
2694,64.0,36.4,79.0,1.0,Hypoxia
2695,69.0,36.9,77.0,1.0,Hypoxia
2696,78.0,36.8,71.0,1.0,Hypoxia
2697,61.0,36.6,78.0,2.0,Hypoxia
2698,76.0,36.9,75.0,2.0,Hypoxia
2699,76.0,36.4,91.0,2.0,Hypoxia
2700,61.0,37.0,73.0,0.0,Hypoxia
2701,67.0,36.9,70.0,1.0,Hypoxia
2702,62.0,36.2,75.0,1.0,Hypoxia
2703,75.0,36.4,80.0,2.0,Hypoxia
2704,68.0,36.6,91.0,0.0,Hypoxia
2705,81.0,36.6,72.0,1.0,Hypoxia
2706,65.0,36.9,84.0,2.0,Hypoxia
2707,92.0,36.9,89.0,2.0,Hypoxia
2708,82.0,36.8,87.0,2.0,Hypoxia
2709,85.0,36.8,82.0,1.0,Hypoxia
2710,90.0,36.1,78.0,2.0,Hypoxia
2711,63.0,36.8,75.0,2.0,Hypoxia
2712,86.0,36.4,86.0,0.0,Hypoxia
2713,89.0,37.0,76.0,2.0,Hypoxia
2714,65.0,36.8,87.0,0.0,Hypoxia
2715,96.0,36.5,89.0,2.0,Hypoxia
2716,69.0,36.9,83.0,1.0,Hypoxia
2717,79.0,36.0,76.0,1.0,Hypoxia
2718,99.0,36.3,83.0,1.0,Hypoxia
2719,68.0,36.5,80.0,2.0,Hypoxia
2720,71.0,36.3,73.0,0.0,Hypoxia
2721,60.0,36.6,71.0,2.0,Hypoxia
2722,61.0,36.4,73.0,0.0,Hypoxia
2723,66.0,36.1,82.0,2.0,Hypoxia
2724,91.0,36.7,71.0,0.0,Hypoxia
2725,95.0,36.5,70.0,1.0,Hypoxia
2726,77.0,36.0,90.0,2.0,Hypoxia
2727,81.0,36.4,72.0,1.0,Hypoxia
2728,69.0,36.3,90.0,2.0,Hypoxia
2729,86.0,36.9,87.0,0.0,Hypoxia
2730,95.0,36.3,81.0,1.0,Hypoxia
2731,78.0,36.4,85.0,0.0,Hypoxia
2732,95.0,36.7,72.0,1.0,Hypoxia
2733,69.0,36.9,80.0,1.0,Hypoxia
2734,84.0,37.0,83.0,1.0,Hypoxia
2735,72.0,36.1,71.0,0.0,Hypoxia
2736,82.0,37.0,90.0,0.0,Hypoxia
2737,81.0,36.5,80.0,2.0,Hypoxia
2738,97.0,36.9,79.0,0.0,Hypoxia
2739,74.0,36.5,85.0,2.0,Hypoxia
2740,96.0,36.4,91.0,1.0,Hypoxia
2741,67.0,36.3,87.0,1.0,Hypoxia
2742,87.0,36.7,83.0,0.0,Hypoxia
2743,75.0,36.0,72.0,1.0,Hypoxia
2744,60.0,36.5,82.0,1.0,Hypoxia
2745,61.0,36.7,85.0,0.0,Hypoxia
2746,98.0,36.7,73.0,1.0,Hypoxia
2747,62.0,36.2,80.0,0.0,Hypoxia
2748,80.0,36.9,71.0,1.0,Hypoxia
2749,86.0,36.4,79.0,2.0,Hypoxia
2750,69.0,36.8,74.0,2.0,Hypoxia
2751,68.0,37.0,87.0,0.0,Hypoxia
2752,76.0,36.1,91.0,2.0,Hypoxia
2753,69.0,36.8,83.0,2.0,Hypoxia
2754,68.0,36.1,83.0,0.0,Hypoxia
2755,61.0,36.7,73.0,0.0,Hypoxia
2756,89.0,36.1,70.0,0.0,Hypoxia
2757,80.0,36.4,84.0,1.0,Hypoxia
2758,85.0,36.9,84.0,2.0,Hypoxia
2759,84.0,36.0,77.0,0.0,Hypoxia
2760,86.0,36.4,90.0,1.0,Hypoxia
2761,64.0,36.2,78.0,1.0,Hypoxia
2762,81.0,36.8,87.0,1.0,Hypoxia
2763,87.0,36.6,84.0,2.0,Hypoxia
2764,96.0,36.4,76.0,0.0,Hypoxia
2765,74.0,36.8,77.0,1.0,Hypoxia
2766,77.0,36.4,71.0,2.0,Hypoxia
2767,76.0,36.9,85.0,0.0,Hypoxia
2768,68.0,36.9,86.0,1.0,Hypoxia
2769,94.0,36.6,71.0,0.0,Hypoxia
2770,90.0,36.2,72.0,0.0,Hypoxia
2771,69.0,36.9,97.0,0.0,Meditation
2772,55.0,36.8,97.0,0.0,Meditation
2773,64.0,36.8,99.0,1.0,Meditation
2774,60.0,36.8,97.0,0.0,Meditation
2775,63.0,36.5,96.0,1.0,Meditation
2776,63.0,36.9,100.0,1.0,Meditation
2777,63.0,36.8,99.0,0.0,Meditation
2778,59.0,36.5,95.0,0.0,Meditation
2779,59.0,36.8,95.0,1.0,Meditation
2780,54.0,36.6,95.0,1.0,Meditation
2781,62.0,36.7,100.0,0.0,Meditation
2782,51.0,36.6,100.0,1.0,Meditation
2783,52.0,36.5,96.0,1.0,Meditation
2784,57.0,36.9,96.0,1.0,Meditation
2785,53.0,36.7,98.0,1.0,Meditation
2786,58.0,36.6,99.0,1.0,Meditation
2787,58.0,36.6,100.0,1.0,Meditation
2788,54.0,36.5,95.0,0.0,Meditation
2789,67.0,36.6,95.0,0.0,Meditation
2790,68.0,36.6,99.0,0.0,Meditation
2791,67.0,36.7,98.0,0.0,Meditation
2792,52.0,36.6,96.0,1.0,Meditation
2793,53.0,36.8,98.0,1.0,Meditation
2794,63.0,36.5,95.0,0.0,Meditation
2795,51.0,36.9,96.0,1.0,Meditation
2796,54.0,36.6,98.0,1.0,Meditation
2797,65.0,36.6,98.0,0.0,Meditation
2798,60.0,36.7,95.0,1.0,Meditation
2799,54.0,36.8,98.0,1.0,Meditation
2800,54.0,36.6,98.0,1.0,Meditation
2801,50.0,36.6,95.0,1.0,Meditation
2802,58.0,36.7,97.0,0.0,Meditation
2803,53.0,36.6,98.0,1.0,Meditation
2804,66.0,36.8,95.0,0.0,Meditation
2805,66.0,36.6,97.0,0.0,Meditation
2806,55.0,36.6,96.0,1.0,Meditation
2807,67.0,36.9,98.0,1.0,Meditation
2808,56.0,36.7,95.0,1.0,Meditation
2809,60.0,36.9,98.0,1.0,Meditation
2810,60.0,36.8,99.0,1.0,Meditation
2811,57.0,36.6,99.0,1.0,Meditation
2812,58.0,36.8,97.0,1.0,Meditation
2813,55.0,36.7,96.0,1.0,Meditation
2814,53.0,36.5,100.0,0.0,Meditation
2815,64.0,36.9,97.0,0.0,Meditation
2816,62.0,36.5,100.0,1.0,Meditation
2817,57.0,36.8,95.0,0.0,Meditation
2818,62.0,36.7,97.0,1.0,Meditation
2819,62.0,36.7,95.0,0.0,Meditation
2820,55.0,36.7,99.0,1.0,Meditation
2821,61.0,36.8,98.0,0.0,Meditation
2822,56.0,36.5,98.0,0.0,Meditation
2823,57.0,36.8,99.0,0.0,Meditation
2824,58.0,36.7,98.0,1.0,Meditation
2825,54.0,36.7,100.0,1.0,Meditation
2826,57.0,36.7,97.0,0.0,Meditation
2827,61.0,36.7,99.0,1.0,Meditation
2828,64.0,36.8,96.0,0.0,Meditation
2829,62.0,36.8,96.0,1.0,Meditation
2830,54.0,36.6,99.0,0.0,Meditation
2831,61.0,36.5,96.0,1.0,Meditation
2832,61.0,36.8,97.0,0.0,Meditation
2833,65.0,36.6,98.0,1.0,Meditation
2834,67.0,36.8,99.0,1.0,Meditation
2835,66.0,36.5,95.0,0.0,Meditation
2836,63.0,36.9,96.0,0.0,Meditation
2837,53.0,36.7,96.0,1.0,Meditation
2838,58.0,36.8,98.0,1.0,Meditation
2839,60.0,36.6,98.0,0.0,Meditation
2840,65.0,36.8,100.0,0.0,Meditation
2841,63.0,36.9,99.0,1.0,Meditation
2842,62.0,36.7,96.0,1.0,Meditation
2843,54.0,36.8,100.0,0.0,Meditation
2844,67.0,36.7,96.0,0.0,Meditation
2845,70.0,36.7,98.0,0.0,Meditation
2846,55.0,36.7,99.0,1.0,Meditation
2847,55.0,36.5,96.0,0.0,Meditation
2848,65.0,36.5,96.0,0.0,Meditation
2849,60.0,36.8,95.0,0.0,Meditation
2850,64.0,36.9,99.0,1.0,Meditation
2851,56.0,36.6,95.0,1.0,Meditation
2852,57.0,36.6,100.0,0.0,Meditation
2853,63.0,36.9,98.0,0.0,Meditation
2854,69.0,36.5,98.0,1.0,Meditation
2855,59.0,36.8,99.0,0.0,Meditation
2856,62.0,36.6,98.0,1.0,Meditation
2857,66.0,36.6,98.0,0.0,Meditation
2858,51.0,36.5,98.0,1.0,Meditation
2859,58.0,36.6,96.0,0.0,Meditation
2860,56.0,36.9,97.0,1.0,Meditation
2861,54.0,36.9,96.0,0.0,Meditation
2862,57.0,36.7,99.0,0.0,Meditation
2863,66.0,36.8,96.0,0.0,Meditation
2864,65.0,36.7,97.0,1.0,Meditation
2865,58.0,36.6,98.0,0.0,Meditation
2866,70.0,36.7,99.0,0.0,Meditation
2867,64.0,36.6,99.0,1.0,Meditation
2868,53.0,36.6,95.0,1.0,Meditation
2869,62.0,36.6,97.0,0.0,Meditation
2870,63.0,36.5,98.0,0.0,Meditation
2871,69.0,36.8,99.0,1.0,Meditation
2872,50.0,36.8,95.0,0.0,Meditation
2873,64.0,36.8,98.0,0.0,Meditation
2874,58.0,36.6,97.0,0.0,Meditation
2875,58.0,36.7,98.0,1.0,Meditation
2876,58.0,36.7,98.0,1.0,Meditation
2877,50.0,36.8,99.0,1.0,Meditation
2878,53.0,36.6,98.0,0.0,Meditation
2879,64.0,36.9,99.0,0.0,Meditation
2880,54.0,36.6,98.0,1.0,Meditation
2881,50.0,36.5,97.0,0.0,Meditation
2882,59.0,36.6,97.0,1.0,Meditation
2883,58.0,36.7,95.0,0.0,Meditation
2884,55.0,36.8,98.0,0.0,Meditation
2885,64.0,36.5,97.0,1.0,Meditation
2886,51.0,36.8,99.0,1.0,Meditation
2887,55.0,36.6,96.0,1.0,Meditation
2888,63.0,36.8,95.0,0.0,Meditation
2889,67.0,36.5,95.0,1.0,Meditation
2890,52.0,36.9,97.0,1.0,Meditation
2891,57.0,36.9,95.0,0.0,Meditation
2892,51.0,36.5,98.0,1.0,Meditation
2893,61.0,36.9,95.0,0.0,Meditation
2894,60.0,36.7,97.0,0.0,Meditation
2895,51.0,36.5,98.0,0.0,Meditation
2896,61.0,36.8,96.0,1.0,Meditation
2897,69.0,36.8,98.0,1.0,Meditation
2898,66.0,36.9,98.0,1.0,Meditation
2899,53.0,36.7,99.0,0.0,Meditation
2900,63.0,36.9,95.0,1.0,Meditation
2901,60.0,36.8,100.0,0.0,Meditation
2902,66.0,36.9,97.0,1.0,Meditation
2903,63.0,36.8,99.0,0.0,Meditation
2904,50.0,36.6,98.0,1.0,Meditation
2905,52.0,36.8,100.0,1.0,Meditation
2906,67.0,36.6,96.0,1.0,Meditation
2907,65.0,36.5,95.0,1.0,Meditation
2908,53.0,36.6,96.0,0.0,Meditation
2909,56.0,36.9,99.0,0.0,Meditation
2910,52.0,36.9,99.0,1.0,Meditation
2911,59.0,36.6,100.0,0.0,Meditation
2912,68.0,36.9,97.0,1.0,Meditation
2913,57.0,36.8,99.0,1.0,Meditation
2914,64.0,36.5,96.0,1.0,Meditation
2915,59.0,36.6,98.0,1.0,Meditation
2916,70.0,36.9,95.0,0.0,Meditation
2917,52.0,36.8,99.0,0.0,Meditation
2918,64.0,36.7,95.0,1.0,Meditation
2919,66.0,36.9,95.0,1.0,Meditation
2920,64.0,36.5,96.0,0.0,Meditation
2921,53.0,36.8,99.0,0.0,Meditation
2922,50.0,36.6,99.0,1.0,Meditation
2923,62.0,36.9,95.0,0.0,Meditation
2924,51.0,36.7,96.0,0.0,Meditation
2925,56.0,36.6,96.0,0.0,Meditation
2926,56.0,36.7,97.0,1.0,Meditation
2927,70.0,36.7,100.0,1.0,Meditation
2928,65.0,36.7,98.0,1.0,Meditation
2929,55.0,36.7,96.0,1.0,Meditation
2930,50.0,36.8,97.0,0.0,Meditation
2931,61.0,36.7,98.0,0.0,Meditation
2932,61.0,36.8,95.0,0.0,Meditation
2933,54.0,36.7,99.0,0.0,Meditation
2934,66.0,36.8,100.0,1.0,Meditation
2935,58.0,36.7,98.0,0.0,Meditation
2936,55.0,36.6,100.0,1.0,Meditation
2937,52.0,36.6,98.0,0.0,Meditation
2938,61.0,36.6,96.0,1.0,Meditation
2939,57.0,36.8,97.0,1.0,Meditation
2940,56.0,36.7,96.0,1.0,Meditation
2941,51.0,36.7,96.0,0.0,Meditation
2942,65.0,36.6,95.0,0.0,Meditation
2943,63.0,36.7,97.0,1.0,Meditation
2944,64.0,36.9,100.0,0.0,Meditation
2945,50.0,36.7,96.0,1.0,Meditation
2946,62.0,36.9,98.0,0.0,Meditation
2947,64.0,36.5,96.0,0.0,Meditation
2948,51.0,36.6,100.0,0.0,Meditation
2949,63.0,36.7,95.0,0.0,Meditation
2950,70.0,36.6,96.0,0.0,Meditation
2951,67.0,36.8,99.0,1.0,Meditation
2952,58.0,36.9,98.0,0.0,Meditation
2953,66.0,36.5,98.0,1.0,Meditation
2954,69.0,36.6,99.0,0.0,Meditation
2955,61.0,36.7,95.0,0.0,Meditation
2956,65.0,36.5,97.0,0.0,Meditation
2957,66.0,36.7,97.0,1.0,Meditation
2958,65.0,36.8,96.0,0.0,Meditation
2959,53.0,36.9,98.0,0.0,Meditation
2960,56.0,36.8,100.0,1.0,Meditation
2961,56.0,36.7,95.0,1.0,Meditation
2962,59.0,36.6,96.0,1.0,Meditation
2963,56.0,36.8,99.0,0.0,Meditation
2964,55.0,36.6,99.0,1.0,Meditation
2965,67.0,36.5,100.0,0.0,Meditation
2966,53.0,36.8,98.0,1.0,Meditation
2967,65.0,36.8,95.0,1.0,Meditation
2968,57.0,36.7,100.0,1.0,Meditation
2969,55.0,36.7,96.0,1.0,Meditation
2970,50.0,36.8,100.0,1.0,Meditation
2971,51.0,36.8,96.0,0.0,Meditation
2972,61.0,36.5,100.0,1.0,Meditation
2973,64.0,36.6,96.0,1.0,Meditation
2974,62.0,36.6,99.0,0.0,Meditation
2975,52.0,36.9,99.0,1.0,Meditation
2976,62.0,36.6,98.0,0.0,Meditation
2977,63.0,36.7,99.0,0.0,Meditation
2978,60.0,36.5,99.0,1.0,Meditation
2979,56.0,36.8,100.0,0.0,Meditation
2980,55.0,36.8,99.0,0.0,Meditation
2981,52.0,36.8,100.0,0.0,Meditation
2982,63.0,36.5,100.0,0.0,Meditation
2983,67.0,36.6,95.0,1.0,Meditation
2984,50.0,36.8,99.0,0.0,Meditation
2985,61.0,36.5,95.0,1.0,Meditation
2986,56.0,36.5,97.0,0.0,Meditation
2987,55.0,36.5,97.0,1.0,Meditation
2988,64.0,36.6,95.0,1.0,Meditation
2989,58.0,36.7,98.0,1.0,Meditation
2990,65.0,36.7,96.0,1.0,Meditation
2991,69.0,36.6,95.0,0.0,Meditation
2992,68.0,36.6,99.0,0.0,Meditation
2993,56.0,36.6,98.0,0.0,Meditation
2994,54.0,36.8,96.0,1.0,Meditation
2995,52.0,36.8,100.0,0.0,Meditation
2996,58.0,36.7,97.0,1.0,Meditation
2997,59.0,36.6,96.0,0.0,Meditation
2998,70.0,36.8,95.0,1.0,Meditation
2999,58.0,36.5,98.0,0.0,Meditation
3000,56.0,36.6,95.0,0.0,Meditation
3001,64.0,36.5,100.0,0.0,Meditation
3002,67.0,36.7,100.0,1.0,Meditation
3003,63.0,36.8,95.0,0.0,Meditation
3004,69.0,36.8,99.0,0.0,Meditation
3005,66.0,36.6,95.0,0.0,Meditation
3006,67.0,36.5,100.0,1.0,Meditation
3007,62.0,36.6,95.0,1.0,Meditation
3008,54.0,36.8,99.0,0.0,Meditation
3009,70.0,36.7,97.0,0.0,Meditation
3010,62.0,36.7,98.0,0.0,Meditation
3011,62.0,36.8,98.0,0.0,Meditation
3012,66.0,36.6,97.0,1.0,Meditation
3013,68.0,36.8,99.0,1.0,Meditation
3014,62.0,36.8,97.0,1.0,Meditation
3015,63.0,36.6,97.0,1.0,Meditation
3016,57.0,36.9,96.0,0.0,Meditation
3017,68.0,36.6,97.0,0.0,Meditation
3018,56.0,36.6,98.0,1.0,Meditation
3019,57.0,36.8,96.0,0.0,Meditation
3020,52.0,36.6,95.0,1.0,Meditation
3021,51.0,36.6,97.0,1.0,Meditation
3022,64.0,36.7,98.0,0.0,Meditation
3023,63.0,36.7,98.0,0.0,Meditation
3024,59.0,36.5,95.0,1.0,Meditation
3025,68.0,36.6,95.0,0.0,Meditation
3026,62.0,36.7,95.0,1.0,Meditation
3027,58.0,36.7,99.0,0.0,Meditation
3028,58.0,36.9,96.0,0.0,Meditation
3029,57.0,36.7,100.0,1.0,Meditation
3030,56.0,36.5,100.0,1.0,Meditation
3031,52.0,36.9,99.0,1.0,Meditation
3032,50.0,36.8,96.0,1.0,Meditation
3033,57.0,36.7,98.0,0.0,Meditation
3034,67.0,36.6,96.0,1.0,Meditation
3035,57.0,36.5,97.0,1.0,Meditation
3036,59.0,36.8,99.0,1.0,Meditation
3037,50.0,36.6,97.0,0.0,Meditation
3038,60.0,36.6,98.0,0.0,Meditation
3039,55.0,36.8,98.0,1.0,Meditation
3040,61.0,36.8,100.0,0.0,Meditation
3041,51.0,36.6,100.0,0.0,Meditation
3042,54.0,36.6,96.0,0.0,Meditation
3043,59.0,36.7,95.0,1.0,Meditation
3044,60.0,36.6,96.0,0.0,Meditation
3045,62.0,36.5,95.0,1.0,Meditation
3046,64.0,36.9,97.0,0.0,Meditation
3047,68.0,36.6,99.0,1.0,Meditation
3048,51.0,36.9,99.0,1.0,Meditation
3049,64.0,36.8,100.0,0.0,Meditation
3050,52.0,36.6,100.0,0.0,Meditation
3051,57.0,36.8,95.0,1.0,Meditation
3052,53.0,36.7,100.0,1.0,Meditation
3053,59.0,36.6,99.0,1.0,Meditation
3054,54.0,36.8,95.0,0.0,Meditation
3055,62.0,36.6,100.0,1.0,Meditation
3056,59.0,36.7,100.0,1.0,Meditation
3057,50.0,36.6,97.0,1.0,Meditation
3058,59.0,36.5,98.0,0.0,Meditation
3059,68.0,36.8,100.0,0.0,Meditation
3060,55.0,36.7,97.0,0.0,Meditation
3061,57.0,36.8,99.0,1.0,Meditation
3062,61.0,36.6,96.0,1.0,Meditation
3063,70.0,36.5,97.0,0.0,Meditation
3064,62.0,36.6,100.0,1.0,Meditation
3065,68.0,36.9,100.0,0.0,Meditation
3066,59.0,36.5,95.0,1.0,Meditation
3067,66.0,36.8,100.0,1.0,Meditation
3068,62.0,36.8,98.0,1.0,Meditation
3069,69.0,36.6,100.0,0.0,Meditation
3070,52.0,36.5,95.0,0.0,Meditation
3071,61.0,36.9,97.0,0.0,Meditation
3072,52.0,36.8,100.0,0.0,Meditation
3073,56.0,36.5,98.0,0.0,Meditation
3074,57.0,36.5,97.0,1.0,Meditation
3075,63.0,36.5,97.0,1.0,Meditation
3076,66.0,36.5,97.0,0.0,Meditation
3077,54.0,36.7,100.0,1.0,Meditation
3078,54.0,36.7,96.0,1.0,Meditation
3079,64.0,36.9,96.0,1.0,Meditation
3080,56.0,36.6,100.0,1.0,Meditation
3081,69.0,36.7,95.0,0.0,Meditation
3082,60.0,36.9,95.0,1.0,Meditation
3083,70.0,36.9,100.0,0.0,Meditation
3084,66.0,36.8,99.0,0.0,Meditation
3085,68.0,36.7,97.0,1.0,Meditation
3086,66.0,36.7,95.0,0.0,Meditation
3087,60.0,36.9,99.0,0.0,Meditation
3088,53.0,36.7,98.0,1.0,Meditation
3089,66.0,36.6,99.0,1.0,Meditation
3090,63.0,36.6,98.0,1.0,Meditation
3091,58.0,36.7,98.0,1.0,Meditation
3092,54.0,36.6,97.0,1.0,Meditation
3093,54.0,36.9,98.0,0.0,Meditation
3094,67.0,36.7,95.0,0.0,Meditation
3095,52.0,36.5,97.0,0.0,Meditation
3096,52.0,36.6,100.0,1.0,Meditation
3097,59.0,36.8,96.0,0.0,Meditation
3098,61.0,36.6,98.0,1.0,Meditation
3099,64.0,36.7,96.0,0.0,Meditation
3100,59.0,36.8,98.0,1.0,Meditation
3101,58.0,36.8,95.0,0.0,Meditation
3102,50.0,36.8,96.0,0.0,Meditation
3103,70.0,36.8,98.0,1.0,Meditation
3104,57.0,36.8,97.0,0.0,Meditation
3105,59.0,36.5,98.0,1.0,Meditation
3106,56.0,36.7,96.0,1.0,Meditation
3107,52.0,36.8,96.0,0.0,Meditation
3108,62.0,36.5,96.0,0.0,Meditation
3109,61.0,36.7,95.0,0.0,Meditation
3110,52.0,36.6,98.0,0.0,Meditation
3111,51.0,36.5,99.0,0.0,Meditation
3112,60.0,36.8,100.0,0.0,Meditation
3113,51.0,36.5,98.0,0.0,Meditation
3114,67.0,36.6,96.0,1.0,Meditation
3115,55.0,36.6,98.0,1.0,Meditation
3116,64.0,36.8,97.0,0.0,Meditation
3117,68.0,36.9,99.0,0.0,Meditation
3118,68.0,36.6,96.0,1.0,Meditation
3119,68.0,36.8,96.0,0.0,Meditation
3120,68.0,36.6,99.0,1.0,Meditation
3121,58.0,36.7,100.0,0.0,Meditation
3122,70.0,36.8,97.0,0.0,Meditation
3123,56.0,36.7,100.0,1.0,Meditation
3124,57.0,36.5,95.0,0.0,Meditation
3125,61.0,36.8,97.0,0.0,Meditation
3126,59.0,36.6,96.0,1.0,Meditation
3127,59.0,36.8,95.0,1.0,Meditation
3128,66.0,36.5,95.0,1.0,Meditation
3129,67.0,36.6,99.0,1.0,Meditation
3130,50.0,36.5,96.0,0.0,Meditation
3131,64.0,36.8,99.0,0.0,Meditation
3132,56.0,36.9,99.0,1.0,Meditation
3133,69.0,36.8,97.0,0.0,Meditation
3134,63.0,36.7,99.0,0.0,Meditation
3135,65.0,36.6,95.0,1.0,Meditation
3136,55.0,36.6,98.0,1.0,Meditation
3137,70.0,36.7,96.0,0.0,Meditation
3138,70.0,36.5,95.0,0.0,Meditation
3139,52.0,36.5,99.0,1.0,Meditation
3140,52.0,36.7,97.0,1.0,Meditation
3141,53.0,36.9,97.0,0.0,Meditation
3142,70.0,36.7,97.0,0.0,Meditation
3143,50.0,36.9,97.0,1.0,Meditation
3144,62.0,36.8,99.0,0.0,Meditation
3145,65.0,36.7,96.0,0.0,Meditation
3146,53.0,36.8,100.0,1.0,Meditation
3147,68.0,36.6,95.0,0.0,Meditation
3148,64.0,36.7,100.0,1.0,Meditation
3149,51.0,36.8,98.0,1.0,Meditation
3150,50.0,36.5,95.0,0.0,Meditation
3151,52.0,36.7,99.0,1.0,Meditation
3152,61.0,36.8,96.0,0.0,Meditation
3153,55.0,36.7,95.0,1.0,Meditation
3154,57.0,36.8,98.0,0.0,Meditation
3155,70.0,36.5,100.0,1.0,Meditation
3156,56.0,36.7,99.0,1.0,Meditation
3157,68.0,36.7,95.0,0.0,Meditation
3158,66.0,36.6,99.0,0.0,Meditation
3159,50.0,36.8,96.0,1.0,Meditation
3160,63.0,36.7,96.0,1.0,Meditation
3161,57.0,36.8,96.0,1.0,Meditation
3162,55.0,36.6,99.0,1.0,Meditation
3163,63.0,36.8,97.0,0.0,Meditation
3164,57.0,36.9,97.0,1.0,Meditation
3165,62.0,36.6,99.0,1.0,Meditation
3166,57.0,36.6,98.0,0.0,Meditation
3167,68.0,36.7,98.0,0.0,Meditation
3168,57.0,36.8,98.0,1.0,Meditation
3169,69.0,36.7,97.0,0.0,Meditation
3170,55.0,36.7,95.0,1.0,Meditation
3171,57.0,36.7,96.0,0.0,Meditation
3172,70.0,36.6,98.0,0.0,Meditation
3173,69.0,36.6,95.0,1.0,Meditation
3174,53.0,36.7,99.0,0.0,Meditation
3175,55.0,36.8,96.0,1.0,Meditation
3176,53.0,36.6,100.0,1.0,Meditation
3177,50.0,36.6,98.0,1.0,Meditation
3178,67.0,36.8,95.0,1.0,Meditation
3179,67.0,36.9,96.0,1.0,Meditation
3180,54.0,36.7,99.0,0.0,Meditation
3181,64.0,36.8,100.0,1.0,Meditation
3182,59.0,36.7,99.0,1.0,Meditation
3183,63.0,36.9,100.0,1.0,Meditation
3184,69.0,36.7,98.0,1.0,Meditation
3185,70.0,36.7,96.0,0.0,Meditation
3186,58.0,36.5,95.0,0.0,Meditation
3187,57.0,36.6,99.0,0.0,Meditation
3188,58.0,36.7,95.0,0.0,Meditation
3189,70.0,36.9,95.0,0.0,Meditation
3190,56.0,36.8,96.0,1.0,Meditation
3191,50.0,36.7,100.0,0.0,Meditation
3192,53.0,36.5,95.0,0.0,Meditation
3193,66.0,36.9,97.0,0.0,Meditation
3194,67.0,36.6,100.0,0.0,Meditation
3195,58.0,36.7,96.0,0.0,Meditation
3196,66.0,36.5,96.0,1.0,Meditation
3197,53.0,36.9,95.0,0.0,Meditation
3198,57.0,36.9,97.0,0.0,Meditation
3199,53.0,36.9,100.0,1.0,Meditation
3200,64.0,36.9,97.0,1.0,Meditation
3201,70.0,36.8,98.0,1.0,Meditation
3202,57.0,36.9,96.0,1.0,Meditation
3203,63.0,36.6,100.0,0.0,Meditation
3204,52.0,36.7,95.0,1.0,Meditation
3205,53.0,36.7,98.0,1.0,Meditation
3206,59.0,36.5,96.0,0.0,Meditation
3207,59.0,36.9,99.0,1.0,Meditation
3208,67.0,36.8,99.0,1.0,Meditation
3209,53.0,36.6,98.0,1.0,Meditation
3210,70.0,36.8,100.0,0.0,Meditation
3211,61.0,36.8,99.0,0.0,Meditation
3212,52.0,36.6,95.0,1.0,Meditation
3213,61.0,36.7,100.0,1.0,Meditation
3214,58.0,36.6,98.0,0.0,Meditation
3215,60.0,36.8,98.0,0.0,Meditation
3216,58.0,36.8,100.0,1.0,Meditation
3217,60.0,36.7,100.0,1.0,Meditation
3218,54.0,36.8,96.0,1.0,Meditation
3219,51.0,36.6,95.0,0.0,Meditation
3220,64.0,36.9,95.0,1.0,Meditation
3221,69.0,36.6,100.0,1.0,Meditation
3222,51.0,36.9,99.0,1.0,Meditation
3223,65.0,36.7,96.0,0.0,Meditation
3224,68.0,36.7,97.0,1.0,Meditation
3225,51.0,36.5,97.0,0.0,Meditation
3226,52.0,36.8,96.0,0.0,Meditation
3227,56.0,36.6,100.0,1.0,Meditation
3228,60.0,36.6,100.0,1.0,Meditation
3229,52.0,36.7,96.0,1.0,Meditation
3230,59.0,36.9,96.0,1.0,Meditation
3231,62.0,36.8,96.0,1.0,Meditation
3232,65.0,36.7,100.0,1.0,Meditation
3233,61.0,36.9,97.0,1.0,Meditation
3234,58.0,36.8,97.0,0.0,Meditation
3235,69.0,36.7,99.0,0.0,Meditation
3236,69.0,36.6,96.0,1.0,Meditation
3237,50.0,36.6,97.0,0.0,Meditation
3238,63.0,36.7,98.0,0.0,Meditation
3239,55.0,36.7,98.0,1.0,Meditation
3240,55.0,36.8,99.0,0.0,Meditation
3241,57.0,36.7,98.0,0.0,Meditation
3242,69.0,36.8,98.0,1.0,Meditation
3243,68.0,36.6,96.0,0.0,Meditation
3244,70.0,36.9,96.0,0.0,Meditation
3245,58.0,36.8,98.0,1.0,Meditation
3246,67.0,36.8,98.0,0.0,Meditation
3247,62.0,36.7,99.0,0.0,Meditation
3248,54.0,36.8,95.0,0.0,Meditation
3249,60.0,36.6,99.0,0.0,Meditation
3250,69.0,36.8,99.0,0.0,Meditation
3251,54.0,36.9,98.0,0.0,Meditation
3252,56.0,36.8,95.0,0.0,Meditation
3253,55.0,36.9,100.0,1.0,Meditation
3254,70.0,36.7,97.0,1.0,Meditation
3255,68.0,36.7,98.0,1.0,Meditation
3256,65.0,36.6,96.0,0.0,Meditation
3257,50.0,36.8,96.0,0.0,Meditation
3258,60.0,36.5,98.0,1.0,Meditation
3259,54.0,36.6,98.0,1.0,Meditation
3260,53.0,36.7,98.0,1.0,Meditation
3261,67.0,36.5,98.0,1.0,Meditation
3262,70.0,36.8,95.0,1.0,Meditation
3263,61.0,36.7,98.0,0.0,Meditation
3264,62.0,36.9,96.0,1.0,Meditation
3265,69.0,36.6,98.0,1.0,Meditation
3266,65.0,36.8,95.0,0.0,Meditation
3267,63.0,36.6,99.0,0.0,Meditation
3268,50.0,36.7,98.0,0.0,Meditation
3269,63.0,36.7,100.0,1.0,Meditation
3270,69.0,36.6,99.0,0.0,Meditation
3271,63.0,36.6,99.0,0.0,Meditation
3272,53.0,36.6,100.0,0.0,Meditation
3273,50.0,36.6,97.0,0.0,Meditation
3274,67.0,36.7,97.0,0.0,Meditation
3275,62.0,36.5,95.0,0.0,Meditation
3276,69.0,36.8,99.0,0.0,Meditation
3277,69.0,36.8,100.0,1.0,Meditation
3278,53.0,36.8,100.0,0.0,Meditation
3279,65.0,36.8,95.0,1.0,Meditation
3280,62.0,36.9,98.0,0.0,Meditation
3281,60.0,36.8,97.0,0.0,Meditation
3282,56.0,36.8,97.0,0.0,Meditation
3283,53.0,36.8,97.0,1.0,Meditation
3284,59.0,36.7,99.0,1.0,Meditation
3285,68.0,36.9,100.0,1.0,Meditation
3286,61.0,36.7,100.0,1.0,Meditation
3287,63.0,36.6,100.0,1.0,Meditation
3288,63.0,36.6,99.0,1.0,Meditation
3289,59.0,36.5,98.0,0.0,Meditation
3290,64.0,36.8,98.0,1.0,Meditation
3291,55.0,36.6,97.0,1.0,Meditation
3292,60.0,36.8,96.0,0.0,Meditation
3293,50.0,36.6,96.0,1.0,Meditation
3294,63.0,36.7,99.0,0.0,Meditation
3295,59.0,36.8,97.0,1.0,Meditation
3296,58.0,36.8,95.0,1.0,Meditation
3297,59.0,36.6,97.0,0.0,Meditation
3298,64.0,36.8,99.0,1.0,Meditation
3299,64.0,36.6,100.0,1.0,Meditation
3300,67.0,36.8,95.0,1.0,Meditation
3301,51.0,36.5,96.0,0.0,Meditation
3302,66.0,36.7,98.0,1.0,Meditation
3303,60.0,36.8,95.0,1.0,Meditation
3304,60.0,36.8,100.0,0.0,Meditation
3305,57.0,36.7,95.0,1.0,Meditation
3306,50.0,36.5,100.0,0.0,Meditation
3307,66.0,36.7,99.0,0.0,Meditation
3308,64.0,36.7,98.0,1.0,Meditation
3309,63.0,36.6,96.0,1.0,Meditation
3310,69.0,36.8,99.0,0.0,Meditation
3311,68.0,36.7,96.0,1.0,Meditation
3312,53.0,36.9,100.0,0.0,Meditation
3313,68.0,36.8,95.0,1.0,Meditation
3314,59.0,36.6,100.0,1.0,Meditation
3315,56.0,36.8,96.0,0.0,Meditation
3316,67.0,36.5,100.0,1.0,Meditation
3317,65.0,36.7,96.0,1.0,Meditation
3318,59.0,36.7,95.0,0.0,Meditation
3319,55.0,36.5,99.0,0.0,Meditation
3320,51.0,36.8,99.0,0.0,Meditation
3321,53.0,36.8,100.0,0.0,Meditation
3322,65.0,36.7,99.0,0.0,Meditation
3323,58.0,36.7,100.0,1.0,Meditation
3324,52.0,36.7,98.0,0.0,Meditation
3325,51.0,36.8,96.0,0.0,Meditation
3326,59.0,36.9,99.0,0.0,Meditation
3327,59.0,36.9,98.0,1.0,Meditation
3328,66.0,36.7,99.0,1.0,Meditation
3329,60.0,36.7,99.0,0.0,Meditation
3330,63.0,36.7,97.0,1.0,Meditation
3331,54.0,36.8,96.0,0.0,Meditation
3332,64.0,36.6,98.0,0.0,Meditation
3333,69.0,36.6,96.0,1.0,Meditation
3334,65.0,36.8,100.0,0.0,Meditation
3335,50.0,36.8,98.0,0.0,Meditation
3336,70.0,36.7,100.0,1.0,Meditation
3337,60.0,36.7,96.0,1.0,Meditation
3338,59.0,36.5,95.0,0.0,Meditation
3339,54.0,36.6,99.0,1.0,Meditation
3340,63.0,36.7,97.0,1.0,Meditation
3341,53.0,36.6,98.0,0.0,Meditation
3342,52.0,36.8,100.0,0.0,Meditation
3343,57.0,36.7,99.0,1.0,Meditation
3344,54.0,36.7,100.0,1.0,Meditation
3345,58.0,36.6,99.0,1.0,Meditation
3346,67.0,36.6,95.0,1.0,Meditation
3347,53.0,36.7,100.0,1.0,Meditation
3348,56.0,36.8,98.0,0.0,Meditation
3349,55.0,36.9,95.0,1.0,Meditation
3350,53.0,36.8,95.0,1.0,Meditation
3351,61.0,36.8,95.0,0.0,Meditation
3352,64.0,36.8,97.0,1.0,Meditation
3353,69.0,36.7,96.0,1.0,Meditation
3354,70.0,36.6,99.0,1.0,Meditation
3355,57.0,36.8,97.0,1.0,Meditation
3356,55.0,36.6,96.0,1.0,Meditation
3357,54.0,36.7,99.0,0.0,Meditation
3358,60.0,36.6,96.0,0.0,Meditation
3359,56.0,36.7,100.0,0.0,Meditation
3360,68.0,36.6,99.0,0.0,Meditation
3361,53.0,36.6,100.0,0.0,Meditation
3362,69.0,36.6,96.0,1.0,Meditation
3363,56.0,36.9,97.0,1.0,Meditation
3364,68.0,36.7,100.0,1.0,Meditation
3365,53.0,36.8,97.0,1.0,Meditation
3366,55.0,36.7,95.0,1.0,Meditation
3367,51.0,36.7,98.0,0.0,Meditation
3368,64.0,36.7,95.0,1.0,Meditation
3369,51.0,36.8,98.0,1.0,Meditation
3370,63.0,36.6,100.0,0.0,Meditation
3371,68.0,36.5,100.0,0.0,Meditation
3372,68.0,36.7,95.0,1.0,Meditation
3373,58.0,36.9,96.0,0.0,Meditation
3374,63.0,36.9,98.0,1.0,Meditation
3375,54.0,36.6,98.0,0.0,Meditation
3376,69.0,36.5,96.0,1.0,Meditation
3377,57.0,36.7,99.0,1.0,Meditation
3378,60.0,36.9,97.0,1.0,Meditation
3379,51.0,36.8,99.0,1.0,Meditation
3380,61.0,36.6,100.0,0.0,Meditation
3381,68.0,36.5,100.0,0.0,Meditation
3382,69.0,36.5,100.0,0.0,Meditation
3383,52.0,36.6,97.0,0.0,Meditation
3384,68.0,36.8,97.0,1.0,Meditation
3385,53.0,36.6,100.0,1.0,Meditation
3386,65.0,36.9,96.0,1.0,Meditation
3387,60.0,36.8,95.0,0.0,Meditation
3388,60.0,36.9,99.0,1.0,Meditation
3389,53.0,36.5,100.0,0.0,Meditation
3390,58.0,36.6,99.0,1.0,Meditation
3391,50.0,36.6,97.0,1.0,Meditation
3392,60.0,36.7,98.0,0.0,Meditation
3393,52.0,36.5,98.0,1.0,Meditation
3394,61.0,36.7,95.0,0.0,Meditation
3395,59.0,36.6,100.0,1.0,Meditation
3396,53.0,36.8,95.0,1.0,Meditation
3397,59.0,36.7,95.0,1.0,Meditation
3398,57.0,36.6,100.0,0.0,Meditation
3399,62.0,36.7,95.0,0.0,Meditation
3400,56.0,36.7,98.0,1.0,Meditation
3401,52.0,36.7,96.0,0.0,Meditation
3402,54.0,36.8,100.0,0.0,Meditation
3403,63.0,36.7,99.0,0.0,Meditation
3404,55.0,36.8,95.0,1.0,Meditation
3405,57.0,36.6,99.0,0.0,Meditation
3406,53.0,36.9,97.0,1.0,Meditation
3407,61.0,36.7,99.0,1.0,Meditation
3408,65.0,36.8,95.0,0.0,Meditation
3409,53.0,36.7,97.0,1.0,Meditation
3410,70.0,36.6,97.0,1.0,Meditation
3411,52.0,36.6,100.0,1.0,Meditation
3412,59.0,36.8,97.0,1.0,Meditation
3413,62.0,36.8,99.0,1.0,Meditation
3414,53.0,36.5,100.0,0.0,Meditation
3415,64.0,36.8,99.0,0.0,Meditation
3416,65.0,36.7,99.0,0.0,Meditation
3417,50.0,36.8,96.0,1.0,Meditation
3418,63.0,36.6,97.0,1.0,Meditation
3419,53.0,36.8,98.0,0.0,Meditation
3420,58.0,36.6,99.0,0.0,Meditation
3421,64.0,36.8,96.0,1.0,Meditation
3422,54.0,36.7,99.0,1.0,Meditation
3423,64.0,36.7,98.0,1.0,Meditation
3424,64.0,36.9,99.0,0.0,Meditation
3425,56.0,36.6,95.0,1.0,Meditation
3426,66.0,36.5,95.0,0.0,Meditation
3427,65.0,36.5,96.0,1.0,Meditation
3428,53.0,36.6,100.0,1.0,Meditation
3429,61.0,36.6,99.0,0.0,Meditation
3430,59.0,36.6,97.0,1.0,Meditation
3431,54.0,36.8,99.0,0.0,Meditation
3432,51.0,36.8,97.0,0.0,Meditation
3433,51.0,36.8,100.0,0.0,Meditation
3434,50.0,36.7,97.0,0.0,Meditation
3435,52.0,36.8,100.0,1.0,Meditation
3436,68.0,36.8,98.0,0.0,Meditation
3437,54.0,36.9,100.0,0.0,Meditation
3438,60.0,36.6,98.0,1.0,Meditation
3439,63.0,36.8,95.0,0.0,Meditation
3440,68.0,36.8,98.0,1.0,Meditation
3441,62.0,36.7,100.0,0.0,Meditation
3442,57.0,36.7,95.0,1.0,Meditation
3443,69.0,36.6,98.0,0.0,Meditation
3444,56.0,36.9,97.0,0.0,Meditation
3445,59.0,36.5,96.0,0.0,Meditation
3446,68.0,36.7,95.0,0.0,Meditation
3447,50.0,36.8,99.0,1.0,Meditation
3448,59.0,36.6,99.0,0.0,Meditation
3449,60.0,36.8,98.0,0.0,Meditation
3450,65.0,36.6,96.0,1.0,Meditation
3451,69.0,36.7,95.0,1.0,Meditation
3452,59.0,36.6,98.0,0.0,Meditation
3453,56.0,36.6,99.0,0.0,Meditation
3454,70.0,36.6,100.0,0.0,Meditation
3455,52.0,36.9,97.0,1.0,Meditation
3456,52.0,36.6,95.0,0.0,Meditation
3457,62.0,36.7,98.0,1.0,Meditation
3458,50.0,36.9,97.0,1.0,Meditation
3459,60.0,36.6,97.0,0.0,Meditation
3460,63.0,36.8,99.0,0.0,Meditation
3461,51.0,36.5,96.0,0.0,Meditation
3462,55.0,36.8,97.0,1.0,Meditation
3463,65.0,36.7,99.0,0.0,Meditation
3464,68.0,36.7,100.0,0.0,Meditation
3465,58.0,36.8,99.0,0.0,Meditation
3466,50.0,36.8,99.0,1.0,Meditation
3467,68.0,36.5,97.0,1.0,Meditation
3468,65.0,36.9,96.0,1.0,Meditation
3469,60.0,36.9,99.0,1.0,Meditation
3470,52.0,36.7,100.0,0.0,Meditation
3471,59.0,36.6,100.0,1.0,Meditation
3472,55.0,36.8,95.0,0.0,Meditation
3473,58.0,36.7,95.0,1.0,Meditation
3474,69.0,36.6,99.0,0.0,Meditation
3475,66.0,36.6,96.0,1.0,Meditation
3476,67.0,36.6,99.0,1.0,Meditation
3477,50.0,36.5,100.0,0.0,Meditation
3478,57.0,36.8,96.0,0.0,Meditation
3479,62.0,36.7,96.0,1.0,Meditation
3480,67.0,36.8,99.0,1.0,Meditation
3481,62.0,36.7,99.0,1.0,Meditation
3482,54.0,36.5,96.0,0.0,Meditation
3483,68.0,36.7,100.0,1.0,Meditation
3484,56.0,36.8,100.0,1.0,Meditation
3485,53.0,36.7,97.0,1.0,Meditation
3486,70.0,36.8,100.0,0.0,Meditation
3487,51.0,36.6,100.0,0.0,Meditation
3488,65.0,36.5,96.0,0.0,Meditation
3489,61.0,36.5,96.0,1.0,Meditation
3490,51.0,36.7,99.0,1.0,Meditation
3491,62.0,36.7,98.0,0.0,Meditation
3492,54.0,36.6,99.0,0.0,Meditation
3493,63.0,36.5,99.0,1.0,Meditation
3494,51.0,36.8,98.0,1.0,Meditation
3495,62.0,36.7,98.0,1.0,Meditation
3496,62.0,36.8,100.0,1.0,Meditation
3497,51.0,36.5,99.0,0.0,Meditation
3498,59.0,36.6,99.0,1.0,Meditation
3499,69.0,36.9,95.0,1.0,Meditation
3500,59.0,36.9,95.0,1.0,Meditation
3501,50.0,36.8,95.0,1.0,Meditation
3502,59.0,36.7,95.0,1.0,Meditation
3503,63.0,36.5,100.0,1.0,Meditation
3504,51.0,36.9,99.0,0.0,Meditation
3505,63.0,36.7,100.0,0.0,Meditation
3506,67.0,36.5,100.0,1.0,Meditation
3507,65.0,36.8,96.0,1.0,Meditation
3508,69.0,36.6,97.0,0.0,Meditation
3509,65.0,36.9,97.0,1.0,Meditation
3510,63.0,36.9,96.0,0.0,Meditation
3511,64.0,36.6,95.0,0.0,Meditation
3512,54.0,36.5,97.0,0.0,Meditation
3513,69.0,36.7,96.0,1.0,Meditation
3514,59.0,36.9,96.0,1.0,Meditation
3515,63.0,36.8,99.0,0.0,Meditation
3516,70.0,36.8,99.0,0.0,Meditation
3517,70.0,36.5,95.0,1.0,Meditation
3518,67.0,36.5,99.0,1.0,Meditation
3519,55.0,36.7,97.0,0.0,Meditation
3520,69.0,36.6,97.0,1.0,Meditation
3521,59.0,36.6,97.0,1.0,Meditation
3522,57.0,36.6,98.0,1.0,Meditation
3523,65.0,36.6,98.0,0.0,Meditation
3524,50.0,36.6,98.0,0.0,Meditation
3525,50.0,36.8,97.0,0.0,Meditation
3526,58.0,36.9,100.0,1.0,Meditation
3527,59.0,36.5,96.0,1.0,Meditation
3528,64.0,36.7,97.0,0.0,Meditation
3529,56.0,36.9,97.0,1.0,Meditation
3530,50.0,36.7,96.0,1.0,Meditation
3531,64.0,36.8,98.0,0.0,Meditation
3532,70.0,36.6,98.0,1.0,Meditation
3533,60.0,36.5,98.0,1.0,Meditation
3534,70.0,36.7,98.0,1.0,Meditation
3535,69.0,36.6,95.0,1.0,Meditation
3536,70.0,36.6,97.0,1.0,Meditation
3537,63.0,36.7,95.0,0.0,Meditation
3538,68.0,36.6,100.0,0.0,Meditation
3539,56.0,36.9,95.0,0.0,Meditation
3540,56.0,36.7,98.0,1.0,Meditation
3541,58.0,36.7,97.0,0.0,Meditation
3542,53.0,36.6,96.0,1.0,Meditation
3543,64.0,36.5,99.0,0.0,Meditation
3544,70.0,36.6,99.0,1.0,Meditation
3545,54.0,36.8,100.0,1.0,Meditation
3546,56.0,36.7,98.0,0.0,Meditation
3547,53.0,36.6,95.0,0.0,Meditation
3548,64.0,36.8,95.0,0.0,Meditation
3549,54.0,36.7,98.0,0.0,Meditation
3550,56.0,36.5,97.0,0.0,Meditation
3551,67.0,36.5,95.0,0.0,Meditation
3552,58.0,36.5,97.0,1.0,Meditation
3553,56.0,36.5,96.0,1.0,Meditation
3554,59.0,36.6,97.0,1.0,Meditation
3555,64.0,36.6,96.0,1.0,Meditation
3556,67.0,36.7,99.0,1.0,Meditation
3557,59.0,36.6,97.0,0.0,Meditation
3558,60.0,36.7,96.0,1.0,Meditation
3559,57.0,36.7,100.0,0.0,Meditation
3560,50.0,36.6,98.0,0.0,Meditation
3561,64.0,36.5,98.0,0.0,Meditation
3562,61.0,36.6,99.0,0.0,Meditation
3563,66.0,36.7,100.0,0.0,Meditation
3564,68.0,36.9,98.0,1.0,Meditation
3565,65.0,36.7,100.0,1.0,Meditation
3566,60.0,36.6,100.0,1.0,Meditation
3567,66.0,36.8,96.0,0.0,Meditation
3568,63.0,36.8,98.0,1.0,Meditation
3569,67.0,36.9,97.0,1.0,Meditation
3570,59.0,36.6,96.0,1.0,Meditation
3571,61.0,36.8,96.0,0.0,Meditation
3572,68.0,36.9,99.0,1.0,Meditation
3573,60.0,36.6,100.0,1.0,Meditation
3574,61.0,36.9,97.0,1.0,Meditation
3575,50.0,36.5,96.0,0.0,Meditation
3576,66.0,36.8,99.0,1.0,Meditation
3577,66.0,36.6,98.0,0.0,Meditation
3578,58.0,36.6,97.0,1.0,Meditation
3579,59.0,36.8,99.0,1.0,Meditation
3580,63.0,36.9,98.0,0.0,Meditation
3581,65.0,36.5,96.0,1.0,Meditation
3582,70.0,36.9,97.0,1.0,Meditation
3583,68.0,36.6,96.0,0.0,Meditation
3584,61.0,36.5,95.0,1.0,Meditation
3585,65.0,36.7,97.0,0.0,Meditation
3586,67.0,36.8,99.0,1.0,Meditation
3587,64.0,36.9,96.0,0.0,Meditation
3588,67.0,36.8,95.0,0.0,Meditation
3589,65.0,36.7,98.0,1.0,Meditation
3590,57.0,36.7,95.0,1.0,Meditation
3591,53.0,36.9,96.0,1.0,Meditation
3592,54.0,36.6,98.0,1.0,Meditation
3593,52.0,36.7,95.0,1.0,Meditation
3594,60.0,36.8,97.0,1.0,Meditation
3595,61.0,36.9,97.0,0.0,Meditation
3596,56.0,36.6,97.0,0.0,Meditation
3597,51.0,36.7,95.0,1.0,Meditation
3598,58.0,36.8,95.0,0.0,Meditation
3599,64.0,36.8,95.0,1.0,Meditation
3600,63.0,36.5,96.0,0.0,Meditation
3601,59.0,36.8,96.0,1.0,Meditation
3602,63.0,36.8,97.0,1.0,Meditation
3603,50.0,36.6,98.0,0.0,Meditation
3604,64.0,36.6,99.0,0.0,Meditation
3605,66.0,36.7,98.0,0.0,Meditation
3606,54.0,36.8,95.0,0.0,Meditation
3607,70.0,36.5,100.0,1.0,Meditation
3608,64.0,36.9,100.0,1.0,Meditation
3609,67.0,36.9,99.0,0.0,Meditation
3610,64.0,36.9,96.0,0.0,Meditation
3611,66.0,36.6,99.0,0.0,Meditation
3612,57.0,36.7,95.0,1.0,Meditation
3613,57.0,36.8,95.0,0.0,Meditation
3614,58.0,36.6,96.0,1.0,Meditation
3615,66.0,36.8,98.0,0.0,Meditation
3616,70.0,36.8,99.0,0.0,Meditation
3617,52.0,36.6,100.0,0.0,Meditation
3618,53.0,36.8,99.0,0.0,Meditation
3619,69.0,36.7,97.0,1.0,Meditation
3620,62.0,36.6,98.0,0.0,Meditation
3621,67.0,36.6,99.0,1.0,Meditation
3622,61.0,36.9,100.0,0.0,Meditation
3623,68.0,36.8,96.0,1.0,Meditation
3624,63.0,36.8,97.0,1.0,Meditation
3625,62.0,36.7,96.0,0.0,Meditation
3626,51.0,36.7,98.0,0.0,Meditation
3627,65.0,36.6,95.0,0.0,Meditation
3628,58.0,36.8,97.0,0.0,Meditation
3629,60.0,36.6,99.0,0.0,Meditation
3630,53.0,36.7,97.0,1.0,Meditation
3631,70.0,36.9,97.0,0.0,Meditation
3632,58.0,36.8,96.0,1.0,Meditation
3633,55.0,36.8,98.0,1.0,Meditation
3634,54.0,36.6,100.0,1.0,Meditation
3635,58.0,36.5,95.0,1.0,Meditation
3636,50.0,36.7,98.0,1.0,Meditation
3637,57.0,36.8,97.0,0.0,Meditation
3638,70.0,36.6,99.0,1.0,Meditation
3639,50.0,36.5,98.0,1.0,Meditation
3640,57.0,36.8,99.0,1.0,Meditation
3641,52.0,36.5,97.0,0.0,Meditation
3642,51.0,36.6,96.0,1.0,Meditation
3643,67.0,36.9,95.0,0.0,Meditation
3644,64.0,36.7,98.0,0.0,Meditation
3645,68.0,36.7,96.0,0.0,Meditation
3646,56.0,36.8,99.0,0.0,Meditation
3647,58.0,36.8,100.0,0.0,Meditation
3648,58.0,36.7,95.0,1.0,Meditation
3649,60.0,36.7,100.0,1.0,Meditation
3650,54.0,36.8,99.0,0.0,Meditation
3651,70.0,36.6,100.0,1.0,Meditation
3652,50.0,36.8,99.0,0.0,Meditation
3653,51.0,36.7,96.0,1.0,Meditation
3654,65.0,36.5,100.0,1.0,Meditation
3655,59.0,36.7,100.0,0.0,Meditation
3656,54.0,36.6,99.0,0.0,Meditation
3657,69.0,36.9,99.0,0.0,Meditation
3658,66.0,36.7,96.0,0.0,Meditation
3659,59.0,36.6,99.0,1.0,Meditation
3660,50.0,36.7,97.0,1.0,Meditation
3661,95.0,37.1,100.0,3.0,Post-Workout
3662,108.0,37.1,100.0,1.0,Post-Workout
3663,117.0,37.1,99.0,2.0,Post-Workout
3664,91.0,37.2,98.0,1.0,Post-Workout
3665,111.0,37.2,97.0,3.0,Post-Workout
3666,112.0,37.4,100.0,3.0,Post-Workout
3667,95.0,37.4,99.0,1.0,Post-Workout
3668,95.0,37.1,99.0,2.0,Post-Workout
3669,118.0,37.0,100.0,3.0,Post-Workout
3670,115.0,37.4,99.0,2.0,Post-Workout
3671,109.0,37.2,96.0,3.0,Post-Workout
3672,104.0,37.3,98.0,1.0,Post-Workout
3673,112.0,37.5,95.0,1.0,Post-Workout
3674,104.0,37.4,98.0,2.0,Post-Workout
3675,115.0,37.0,97.0,1.0,Post-Workout
3676,98.0,37.2,100.0,1.0,Post-Workout
3677,116.0,37.0,97.0,2.0,Post-Workout
3678,99.0,37.5,98.0,2.0,Post-Workout
3679,110.0,37.2,95.0,1.0,Post-Workout
3680,110.0,37.2,98.0,1.0,Post-Workout
3681,91.0,37.1,96.0,3.0,Post-Workout
3682,91.0,37.5,98.0,2.0,Post-Workout
3683,97.0,37.0,97.0,3.0,Post-Workout
3684,104.0,37.2,99.0,2.0,Post-Workout
3685,118.0,37.3,97.0,2.0,Post-Workout
3686,92.0,37.3,98.0,2.0,Post-Workout
3687,114.0,37.2,96.0,1.0,Post-Workout
3688,116.0,37.5,96.0,2.0,Post-Workout
3689,96.0,37.3,96.0,2.0,Post-Workout
3690,113.0,37.2,97.0,2.0,Post-Workout
3691,114.0,37.4,99.0,2.0,Post-Workout
3692,109.0,37.3,99.0,2.0,Post-Workout
3693,106.0,37.0,96.0,3.0,Post-Workout
3694,104.0,37.3,99.0,1.0,Post-Workout
3695,119.0,37.1,100.0,3.0,Post-Workout
3696,94.0,37.2,98.0,2.0,Post-Workout
3697,103.0,37.5,95.0,3.0,Post-Workout
3698,111.0,37.1,98.0,1.0,Post-Workout
3699,110.0,37.1,98.0,3.0,Post-Workout
3700,111.0,37.5,98.0,2.0,Post-Workout
3701,105.0,37.1,98.0,2.0,Post-Workout
3702,91.0,37.2,97.0,2.0,Post-Workout
3703,102.0,37.1,100.0,1.0,Post-Workout
3704,108.0,37.2,97.0,1.0,Post-Workout
3705,106.0,37.4,96.0,3.0,Post-Workout
3706,98.0,37.5,96.0,1.0,Post-Workout
3707,112.0,37.4,99.0,2.0,Post-Workout
3708,115.0,37.4,95.0,3.0,Post-Workout
3709,103.0,37.3,100.0,2.0,Post-Workout
3710,109.0,37.4,97.0,1.0,Post-Workout
3711,116.0,37.1,95.0,2.0,Post-Workout
3712,90.0,37.1,99.0,3.0,Post-Workout
3713,113.0,37.3,99.0,3.0,Post-Workout
3714,114.0,37.2,96.0,3.0,Post-Workout
3715,96.0,37.1,95.0,2.0,Post-Workout
3716,116.0,37.2,99.0,3.0,Post-Workout
3717,97.0,37.2,96.0,2.0,Post-Workout
3718,99.0,37.5,98.0,2.0,Post-Workout
3719,96.0,37.2,97.0,2.0,Post-Workout
3720,110.0,37.3,100.0,2.0,Post-Workout
3721,108.0,37.4,98.0,1.0,Post-Workout
3722,96.0,37.3,100.0,2.0,Post-Workout
3723,109.0,37.4,98.0,3.0,Post-Workout
3724,115.0,37.4,95.0,1.0,Post-Workout
3725,97.0,37.2,100.0,2.0,Post-Workout
3726,95.0,37.3,95.0,3.0,Post-Workout
3727,120.0,37.0,99.0,3.0,Post-Workout
3728,113.0,37.0,98.0,3.0,Post-Workout
3729,93.0,37.3,99.0,1.0,Post-Workout
3730,107.0,37.1,100.0,3.0,Post-Workout
3731,105.0,37.2,99.0,2.0,Post-Workout
3732,110.0,37.3,100.0,1.0,Post-Workout
3733,91.0,37.0,97.0,1.0,Post-Workout
3734,99.0,37.5,98.0,3.0,Post-Workout
3735,96.0,37.5,98.0,2.0,Post-Workout
3736,107.0,37.1,99.0,1.0,Post-Workout
3737,106.0,37.2,100.0,1.0,Post-Workout
3738,106.0,37.1,99.0,3.0,Post-Workout
3739,109.0,37.3,96.0,3.0,Post-Workout
3740,111.0,37.3,98.0,1.0,Post-Workout
3741,113.0,37.1,97.0,2.0,Post-Workout
3742,91.0,37.1,95.0,1.0,Post-Workout
3743,112.0,37.2,99.0,2.0,Post-Workout
3744,93.0,37.3,95.0,2.0,Post-Workout
3745,94.0,37.2,100.0,3.0,Post-Workout
3746,113.0,37.0,98.0,2.0,Post-Workout
3747,98.0,37.2,100.0,1.0,Post-Workout
3748,115.0,37.4,100.0,3.0,Post-Workout
3749,107.0,37.3,98.0,3.0,Post-Workout
3750,111.0,37.1,97.0,3.0,Post-Workout
3751,116.0,37.0,100.0,3.0,Post-Workout
3752,103.0,37.4,98.0,2.0,Post-Workout
3753,99.0,37.1,97.0,1.0,Post-Workout
3754,93.0,37.0,99.0,3.0,Post-Workout
3755,94.0,37.1,97.0,3.0,Post-Workout
3756,108.0,37.3,98.0,3.0,Post-Workout
3757,101.0,37.2,100.0,3.0,Post-Workout
3758,112.0,37.4,99.0,2.0,Post-Workout
3759,100.0,37.2,99.0,1.0,Post-Workout
3760,95.0,37.3,98.0,2.0,Post-Workout
3761,101.0,37.1,99.0,2.0,Post-Workout
3762,120.0,37.2,95.0,1.0,Post-Workout
3763,103.0,37.0,96.0,3.0,Post-Workout
3764,106.0,37.4,99.0,1.0,Post-Workout
3765,116.0,37.2,98.0,1.0,Post-Workout
3766,111.0,37.2,97.0,2.0,Post-Workout
3767,104.0,37.2,100.0,2.0,Post-Workout
3768,98.0,37.2,95.0,1.0,Post-Workout
3769,110.0,37.5,100.0,1.0,Post-Workout
3770,94.0,37.3,99.0,1.0,Post-Workout
3771,94.0,37.2,96.0,3.0,Post-Workout
3772,115.0,37.4,98.0,3.0,Post-Workout
3773,100.0,37.1,98.0,2.0,Post-Workout
3774,97.0,37.1,95.0,2.0,Post-Workout
3775,90.0,37.3,97.0,3.0,Post-Workout
3776,108.0,37.2,97.0,2.0,Post-Workout
3777,104.0,37.3,96.0,1.0,Post-Workout
3778,97.0,37.0,96.0,1.0,Post-Workout
3779,112.0,37.2,98.0,2.0,Post-Workout
3780,108.0,37.3,99.0,3.0,Post-Workout
3781,111.0,37.4,98.0,2.0,Post-Workout
3782,91.0,37.0,95.0,3.0,Post-Workout
3783,102.0,37.4,99.0,1.0,Post-Workout
3784,119.0,37.1,98.0,2.0,Post-Workout
3785,105.0,37.3,96.0,1.0,Post-Workout
3786,115.0,37.0,98.0,3.0,Post-Workout
3787,111.0,37.4,99.0,3.0,Post-Workout
3788,90.0,37.2,95.0,3.0,Post-Workout
3789,115.0,37.3,95.0,1.0,Post-Workout
3790,100.0,37.3,95.0,3.0,Post-Workout
3791,102.0,37.3,99.0,2.0,Post-Workout
3792,116.0,37.3,99.0,2.0,Post-Workout
3793,115.0,37.3,97.0,2.0,Post-Workout
3794,95.0,37.1,100.0,2.0,Post-Workout
3795,90.0,37.2,95.0,1.0,Post-Workout
3796,97.0,37.4,99.0,2.0,Post-Workout
3797,98.0,37.0,97.0,1.0,Post-Workout
3798,92.0,37.2,100.0,1.0,Post-Workout
3799,110.0,37.1,96.0,2.0,Post-Workout
3800,114.0,37.1,97.0,3.0,Post-Workout
3801,118.0,37.2,97.0,2.0,Post-Workout
3802,113.0,37.1,95.0,1.0,Post-Workout
3803,94.0,37.4,100.0,2.0,Post-Workout
3804,100.0,37.5,95.0,1.0,Post-Workout
3805,119.0,37.3,98.0,2.0,Post-Workout
3806,97.0,37.5,100.0,2.0,Post-Workout
3807,103.0,37.2,96.0,2.0,Post-Workout
3808,95.0,37.4,96.0,2.0,Post-Workout
3809,96.0,37.4,96.0,2.0,Post-Workout
3810,94.0,37.2,99.0,3.0,Post-Workout
3811,110.0,37.0,98.0,2.0,Post-Workout
3812,95.0,37.3,96.0,3.0,Post-Workout
3813,96.0,37.3,98.0,2.0,Post-Workout
3814,111.0,37.2,100.0,3.0,Post-Workout
3815,110.0,37.2,97.0,3.0,Post-Workout
3816,115.0,37.4,95.0,1.0,Post-Workout
3817,105.0,37.1,96.0,1.0,Post-Workout
3818,117.0,37.4,96.0,1.0,Post-Workout
3819,105.0,37.4,100.0,2.0,Post-Workout
3820,103.0,37.3,97.0,1.0,Post-Workout
3821,113.0,37.1,96.0,3.0,Post-Workout
3822,107.0,37.5,98.0,1.0,Post-Workout
3823,97.0,37.2,96.0,3.0,Post-Workout
3824,115.0,37.1,97.0,2.0,Post-Workout
3825,99.0,37.1,97.0,2.0,Post-Workout
3826,106.0,37.4,95.0,1.0,Post-Workout
3827,109.0,37.1,98.0,1.0,Post-Workout
3828,109.0,37.3,96.0,1.0,Post-Workout
3829,106.0,37.2,98.0,3.0,Post-Workout
3830,112.0,37.1,99.0,2.0,Post-Workout
3831,104.0,37.4,97.0,1.0,Post-Workout
3832,93.0,37.4,99.0,1.0,Post-Workout
3833,94.0,37.3,96.0,2.0,Post-Workout
3834,105.0,37.1,95.0,2.0,Post-Workout
3835,112.0,37.4,99.0,3.0,Post-Workout
3836,108.0,37.2,99.0,2.0,Post-Workout
3837,101.0,37.1,98.0,1.0,Post-Workout
3838,102.0,37.1,95.0,2.0,Post-Workout
3839,110.0,37.0,96.0,1.0,Post-Workout
3840,105.0,37.4,100.0,3.0,Post-Workout
3841,104.0,37.3,98.0,3.0,Post-Workout
3842,100.0,37.1,96.0,2.0,Post-Workout
3843,100.0,37.2,99.0,3.0,Post-Workout
3844,99.0,37.2,96.0,2.0,Post-Workout
3845,115.0,37.2,99.0,3.0,Post-Workout
3846,100.0,37.4,98.0,1.0,Post-Workout
3847,109.0,37.5,99.0,3.0,Post-Workout
3848,120.0,37.4,98.0,3.0,Post-Workout
3849,103.0,37.2,96.0,1.0,Post-Workout
3850,115.0,37.1,97.0,2.0,Post-Workout
3851,96.0,37.4,95.0,2.0,Post-Workout
3852,99.0,37.2,99.0,3.0,Post-Workout
3853,94.0,37.2,95.0,3.0,Post-Workout
3854,93.0,37.5,99.0,3.0,Post-Workout
3855,96.0,37.2,99.0,2.0,Post-Workout
3856,95.0,37.4,97.0,3.0,Post-Workout
3857,114.0,37.2,99.0,2.0,Post-Workout
3858,116.0,37.2,98.0,1.0,Post-Workout
3859,109.0,37.5,95.0,2.0,Post-Workout
3860,97.0,37.1,99.0,3.0,Post-Workout
3861,111.0,37.2,98.0,3.0,Post-Workout
3862,91.0,37.0,97.0,3.0,Post-Workout
3863,107.0,37.2,100.0,3.0,Post-Workout
3864,106.0,37.0,100.0,1.0,Post-Workout
3865,93.0,37.5,97.0,3.0,Post-Workout
3866,104.0,37.2,100.0,2.0,Post-Workout
3867,106.0,37.5,95.0,3.0,Post-Workout
3868,93.0,37.3,98.0,3.0,Post-Workout
3869,108.0,37.4,95.0,1.0,Post-Workout
3870,107.0,37.3,99.0,1.0,Post-Workout
3871,107.0,37.5,100.0,3.0,Post-Workout
3872,97.0,37.2,99.0,2.0,Post-Workout
3873,112.0,37.3,98.0,1.0,Post-Workout
3874,96.0,37.4,96.0,2.0,Post-Workout
3875,120.0,37.3,95.0,1.0,Post-Workout
3876,120.0,37.5,97.0,1.0,Post-Workout
3877,104.0,37.3,96.0,2.0,Post-Workout
3878,99.0,37.4,97.0,2.0,Post-Workout
3879,104.0,37.3,95.0,3.0,Post-Workout
3880,106.0,37.5,96.0,2.0,Post-Workout
3881,106.0,37.3,98.0,2.0,Post-Workout
3882,100.0,37.2,98.0,3.0,Post-Workout
3883,92.0,37.4,100.0,1.0,Post-Workout
3884,102.0,37.1,97.0,1.0,Post-Workout
3885,119.0,37.4,97.0,3.0,Post-Workout
3886,105.0,37.3,96.0,1.0,Post-Workout
3887,95.0,37.4,99.0,1.0,Post-Workout
3888,91.0,37.1,95.0,1.0,Post-Workout
3889,101.0,37.1,97.0,2.0,Post-Workout
3890,96.0,37.5,99.0,3.0,Post-Workout
3891,119.0,37.3,97.0,1.0,Post-Workout
3892,110.0,37.4,95.0,3.0,Post-Workout
3893,109.0,37.4,100.0,3.0,Post-Workout
3894,93.0,37.4,95.0,2.0,Post-Workout
3895,100.0,37.1,100.0,2.0,Post-Workout
3896,112.0,37.1,96.0,3.0,Post-Workout
3897,97.0,37.5,97.0,2.0,Post-Workout
3898,111.0,37.2,100.0,2.0,Post-Workout
3899,114.0,37.0,98.0,2.0,Post-Workout
3900,118.0,37.2,96.0,1.0,Post-Workout
3901,99.0,37.1,100.0,3.0,Post-Workout
3902,112.0,37.2,99.0,1.0,Post-Workout
3903,91.0,37.0,95.0,3.0,Post-Workout
3904,112.0,37.1,97.0,1.0,Post-Workout
3905,114.0,37.2,98.0,3.0,Post-Workout
3906,95.0,37.3,97.0,2.0,Post-Workout
3907,102.0,37.3,99.0,3.0,Post-Workout
3908,110.0,37.2,95.0,1.0,Post-Workout
3909,100.0,37.2,100.0,3.0,Post-Workout
3910,108.0,37.0,99.0,1.0,Post-Workout
3911,114.0,37.4,100.0,2.0,Post-Workout
3912,90.0,37.4,98.0,1.0,Post-Workout
3913,92.0,37.1,95.0,3.0,Post-Workout
3914,101.0,37.4,96.0,3.0,Post-Workout
3915,97.0,37.0,96.0,2.0,Post-Workout
3916,109.0,37.5,95.0,1.0,Post-Workout
3917,118.0,37.4,97.0,1.0,Post-Workout
3918,120.0,37.1,95.0,3.0,Post-Workout
3919,111.0,37.1,96.0,3.0,Post-Workout
3920,113.0,37.1,100.0,3.0,Post-Workout
3921,113.0,37.4,95.0,1.0,Post-Workout
3922,93.0,37.5,97.0,1.0,Post-Workout
3923,99.0,37.0,95.0,2.0,Post-Workout
3924,105.0,37.2,97.0,2.0,Post-Workout
3925,96.0,37.3,95.0,3.0,Post-Workout
3926,99.0,37.0,96.0,1.0,Post-Workout
3927,114.0,37.4,96.0,3.0,Post-Workout
3928,110.0,37.5,98.0,2.0,Post-Workout
3929,116.0,37.3,95.0,2.0,Post-Workout
3930,120.0,37.1,98.0,2.0,Post-Workout
3931,105.0,37.0,99.0,1.0,Post-Workout
3932,102.0,37.2,99.0,3.0,Post-Workout
3933,112.0,37.4,97.0,2.0,Post-Workout
3934,113.0,37.1,95.0,2.0,Post-Workout
3935,117.0,37.0,95.0,1.0,Post-Workout
3936,108.0,37.1,96.0,3.0,Post-Workout
3937,106.0,37.2,100.0,3.0,Post-Workout
3938,111.0,37.2,98.0,3.0,Post-Workout
3939,105.0,37.5,98.0,3.0,Post-Workout
3940,109.0,37.4,98.0,3.0,Post-Workout
3941,111.0,37.2,97.0,2.0,Post-Workout
3942,112.0,37.2,97.0,3.0,Post-Workout
3943,98.0,37.3,97.0,1.0,Post-Workout
3944,91.0,37.4,95.0,3.0,Post-Workout
3945,108.0,37.5,96.0,3.0,Post-Workout
3946,119.0,37.1,98.0,1.0,Post-Workout
3947,112.0,37.0,99.0,3.0,Post-Workout
3948,107.0,37.0,97.0,3.0,Post-Workout
3949,113.0,37.2,99.0,2.0,Post-Workout
3950,104.0,37.4,96.0,1.0,Post-Workout
3951,110.0,37.1,95.0,2.0,Post-Workout
3952,119.0,37.5,97.0,1.0,Post-Workout
3953,91.0,37.4,96.0,2.0,Post-Workout
3954,104.0,37.2,95.0,1.0,Post-Workout
3955,106.0,37.2,99.0,2.0,Post-Workout
3956,110.0,37.2,97.0,2.0,Post-Workout
3957,97.0,37.2,95.0,1.0,Post-Workout
3958,114.0,37.2,98.0,2.0,Post-Workout
3959,96.0,37.5,97.0,3.0,Post-Workout
3960,109.0,37.1,95.0,1.0,Post-Workout
3961,116.0,37.2,97.0,1.0,Post-Workout
3962,114.0,37.3,99.0,1.0,Post-Workout
3963,118.0,37.5,95.0,3.0,Post-Workout
3964,108.0,37.5,98.0,2.0,Post-Workout
3965,98.0,37.5,95.0,2.0,Post-Workout
3966,113.0,37.3,95.0,3.0,Post-Workout
3967,107.0,37.4,95.0,2.0,Post-Workout
3968,90.0,37.0,98.0,3.0,Post-Workout
3969,115.0,37.1,96.0,3.0,Post-Workout
3970,116.0,37.3,100.0,1.0,Post-Workout
3971,105.0,37.1,97.0,1.0,Post-Workout
3972,112.0,37.1,95.0,2.0,Post-Workout
3973,117.0,37.1,97.0,3.0,Post-Workout
3974,102.0,37.4,99.0,3.0,Post-Workout
3975,120.0,37.1,95.0,2.0,Post-Workout
3976,103.0,37.2,97.0,2.0,Post-Workout
3977,102.0,37.4,96.0,2.0,Post-Workout
3978,95.0,37.4,97.0,2.0,Post-Workout
3979,99.0,37.1,97.0,2.0,Post-Workout
3980,95.0,37.2,95.0,3.0,Post-Workout
3981,116.0,37.4,97.0,1.0,Post-Workout
3982,106.0,37.0,99.0,3.0,Post-Workout
3983,107.0,37.1,100.0,1.0,Post-Workout
3984,96.0,37.0,96.0,3.0,Post-Workout
3985,108.0,37.1,96.0,2.0,Post-Workout
3986,95.0,37.1,95.0,1.0,Post-Workout
3987,120.0,37.3,95.0,1.0,Post-Workout
3988,97.0,37.2,100.0,2.0,Post-Workout
3989,94.0,37.3,97.0,3.0,Post-Workout
3990,105.0,37.3,99.0,2.0,Post-Workout
3991,108.0,37.0,95.0,1.0,Post-Workout
3992,95.0,37.0,100.0,1.0,Post-Workout
3993,93.0,37.3,99.0,1.0,Post-Workout
3994,109.0,37.0,97.0,2.0,Post-Workout
3995,92.0,37.0,98.0,3.0,Post-Workout
3996,95.0,37.5,98.0,2.0,Post-Workout
3997,113.0,37.4,100.0,1.0,Post-Workout
3998,90.0,37.4,99.0,2.0,Post-Workout
3999,102.0,37.0,98.0,1.0,Post-Workout
4000,101.0,37.4,99.0,2.0,Post-Workout
4001,93.0,37.1,97.0,1.0,Post-Workout
4002,96.0,37.4,96.0,2.0,Post-Workout
4003,100.0,37.4,97.0,3.0,Post-Workout
4004,94.0,37.3,97.0,1.0,Post-Workout
4005,102.0,37.4,96.0,3.0,Post-Workout
4006,99.0,37.0,98.0,1.0,Post-Workout
4007,107.0,37.3,100.0,2.0,Post-Workout
4008,120.0,37.0,98.0,1.0,Post-Workout
4009,120.0,37.5,96.0,2.0,Post-Workout
4010,99.0,37.5,97.0,2.0,Post-Workout
4011,115.0,37.5,95.0,1.0,Post-Workout
4012,116.0,37.2,100.0,1.0,Post-Workout
4013,99.0,37.2,97.0,2.0,Post-Workout
4014,118.0,37.0,95.0,2.0,Post-Workout
4015,90.0,37.1,96.0,2.0,Post-Workout
4016,118.0,37.1,95.0,2.0,Post-Workout
4017,120.0,37.4,96.0,1.0,Post-Workout
4018,118.0,37.0,98.0,3.0,Post-Workout
4019,116.0,37.3,99.0,2.0,Post-Workout
4020,114.0,37.3,95.0,3.0,Post-Workout
4021,114.0,37.0,100.0,1.0,Post-Workout
4022,100.0,37.4,100.0,1.0,Post-Workout
4023,93.0,37.3,96.0,2.0,Post-Workout
4024,102.0,37.3,96.0,3.0,Post-Workout
4025,96.0,37.4,96.0,1.0,Post-Workout
4026,116.0,37.2,98.0,2.0,Post-Workout
4027,91.0,37.2,99.0,1.0,Post-Workout
4028,106.0,37.3,98.0,3.0,Post-Workout
4029,94.0,37.5,96.0,1.0,Post-Workout
4030,117.0,37.4,100.0,1.0,Post-Workout
4031,97.0,37.1,99.0,2.0,Post-Workout
4032,91.0,37.3,98.0,3.0,Post-Workout
4033,119.0,37.2,95.0,3.0,Post-Workout
4034,104.0,37.1,95.0,2.0,Post-Workout
4035,97.0,37.1,96.0,3.0,Post-Workout
4036,118.0,37.0,97.0,3.0,Post-Workout
4037,104.0,37.1,96.0,1.0,Post-Workout
4038,94.0,37.2,100.0,3.0,Post-Workout
4039,92.0,37.5,97.0,3.0,Post-Workout
4040,104.0,37.0,99.0,3.0,Post-Workout
4041,93.0,37.2,98.0,1.0,Post-Workout
4042,94.0,37.2,96.0,3.0,Post-Workout
4043,103.0,37.1,99.0,2.0,Post-Workout
4044,102.0,37.4,98.0,2.0,Post-Workout
4045,92.0,37.3,96.0,3.0,Post-Workout
4046,106.0,37.2,96.0,1.0,Post-Workout
4047,90.0,37.4,99.0,3.0,Post-Workout
4048,111.0,37.2,95.0,1.0,Post-Workout
4049,111.0,37.4,95.0,3.0,Post-Workout
4050,92.0,37.3,100.0,2.0,Post-Workout
4051,91.0,37.4,98.0,3.0,Post-Workout
4052,120.0,37.5,97.0,2.0,Post-Workout
4053,102.0,37.2,98.0,1.0,Post-Workout
4054,109.0,37.3,99.0,1.0,Post-Workout
4055,120.0,37.4,97.0,3.0,Post-Workout
4056,93.0,37.4,100.0,3.0,Post-Workout
4057,120.0,37.4,96.0,1.0,Post-Workout
4058,113.0,37.5,95.0,1.0,Post-Workout
4059,116.0,37.1,96.0,3.0,Post-Workout
4060,94.0,37.3,95.0,1.0,Post-Workout
4061,116.0,37.2,100.0,3.0,Post-Workout
4062,93.0,37.3,95.0,3.0,Post-Workout
4063,94.0,37.3,100.0,2.0,Post-Workout
4064,117.0,37.1,100.0,3.0,Post-Workout
4065,101.0,37.1,97.0,3.0,Post-Workout
4066,111.0,37.3,95.0,3.0,Post-Workout
4067,117.0,37.2,95.0,1.0,Post-Workout
4068,93.0,37.3,100.0,2.0,Post-Workout
4069,113.0,37.3,98.0,3.0,Post-Workout
4070,103.0,37.4,97.0,3.0,Post-Workout
4071,96.0,37.4,95.0,1.0,Post-Workout
4072,109.0,37.2,96.0,2.0,Post-Workout
4073,105.0,37.4,95.0,2.0,Post-Workout
4074,110.0,37.4,95.0,2.0,Post-Workout
4075,98.0,37.4,100.0,2.0,Post-Workout
4076,92.0,37.2,95.0,3.0,Post-Workout
4077,111.0,37.0,99.0,3.0,Post-Workout
4078,96.0,37.0,100.0,1.0,Post-Workout
4079,92.0,37.0,100.0,2.0,Post-Workout
4080,94.0,37.5,95.0,1.0,Post-Workout
4081,95.0,37.3,97.0,1.0,Post-Workout
4082,96.0,37.2,95.0,1.0,Post-Workout
4083,120.0,37.4,97.0,2.0,Post-Workout
4084,110.0,37.4,96.0,1.0,Post-Workout
4085,103.0,37.2,97.0,3.0,Post-Workout
4086,114.0,37.4,95.0,2.0,Post-Workout
4087,104.0,37.4,95.0,1.0,Post-Workout
4088,115.0,37.1,99.0,1.0,Post-Workout
4089,109.0,37.4,96.0,2.0,Post-Workout
4090,109.0,37.1,99.0,3.0,Post-Workout
4091,90.0,37.0,100.0,1.0,Post-Workout
4092,102.0,37.2,100.0,1.0,Post-Workout
4093,92.0,37.4,99.0,3.0,Post-Workout
4094,111.0,37.5,96.0,2.0,Post-Workout
4095,101.0,37.2,100.0,3.0,Post-Workout
4096,90.0,37.4,100.0,2.0,Post-Workout
4097,90.0,37.1,99.0,1.0,Post-Workout
4098,107.0,37.1,95.0,2.0,Post-Workout
4099,118.0,37.3,100.0,3.0,Post-Workout
4100,109.0,37.2,99.0,3.0,Post-Workout
4101,105.0,37.5,100.0,1.0,Post-Workout
4102,116.0,37.3,100.0,1.0,Post-Workout
4103,94.0,37.2,95.0,2.0,Post-Workout
4104,113.0,37.1,95.0,2.0,Post-Workout
4105,105.0,37.3,99.0,2.0,Post-Workout
4106,113.0,37.1,99.0,1.0,Post-Workout
4107,100.0,37.4,96.0,2.0,Post-Workout
4108,105.0,37.2,98.0,1.0,Post-Workout
4109,105.0,37.3,95.0,3.0,Post-Workout
4110,114.0,37.3,96.0,3.0,Post-Workout
4111,94.0,37.1,95.0,2.0,Post-Workout
4112,113.0,37.4,95.0,1.0,Post-Workout
4113,111.0,37.1,100.0,2.0,Post-Workout
4114,101.0,37.3,95.0,3.0,Post-Workout
4115,117.0,37.1,95.0,3.0,Post-Workout
4116,104.0,37.0,99.0,2.0,Post-Workout
4117,117.0,37.1,95.0,2.0,Post-Workout
4118,112.0,37.2,100.0,2.0,Post-Workout
4119,113.0,37.1,100.0,2.0,Post-Workout
4120,104.0,37.4,98.0,3.0,Post-Workout
4121,110.0,37.4,98.0,1.0,Post-Workout
4122,110.0,37.3,98.0,1.0,Post-Workout
4123,118.0,37.3,95.0,2.0,Post-Workout
4124,106.0,37.3,99.0,2.0,Post-Workout
4125,92.0,37.4,98.0,1.0,Post-Workout
4126,118.0,37.2,99.0,1.0,Post-Workout
4127,118.0,37.5,96.0,2.0,Post-Workout
4128,114.0,37.1,97.0,3.0,Post-Workout
4129,117.0,37.5,100.0,3.0,Post-Workout
4130,119.0,37.3,96.0,3.0,Post-Workout
4131,116.0,37.1,97.0,3.0,Post-Workout
4132,113.0,37.3,98.0,1.0,Post-Workout
4133,119.0,37.5,95.0,3.0,Post-Workout
4134,115.0,37.0,96.0,1.0,Post-Workout
4135,116.0,37.1,99.0,1.0,Post-Workout
4136,91.0,37.2,97.0,2.0,Post-Workout
4137,94.0,37.3,98.0,2.0,Post-Workout
4138,109.0,37.1,97.0,2.0,Post-Workout
4139,95.0,37.5,98.0,1.0,Post-Workout
4140,107.0,37.2,96.0,3.0,Post-Workout
4141,114.0,37.0,98.0,2.0,Post-Workout
4142,93.0,37.3,96.0,2.0,Post-Workout
4143,108.0,37.2,95.0,2.0,Post-Workout
4144,102.0,37.2,97.0,2.0,Post-Workout
4145,98.0,37.5,97.0,3.0,Post-Workout
4146,99.0,37.4,100.0,3.0,Post-Workout
4147,101.0,37.2,100.0,2.0,Post-Workout
4148,113.0,37.2,98.0,1.0,Post-Workout
4149,107.0,37.3,98.0,2.0,Post-Workout
4150,106.0,37.4,95.0,2.0,Post-Workout
4151,97.0,37.4,98.0,1.0,Post-Workout
4152,93.0,37.2,99.0,2.0,Post-Workout
4153,96.0,37.0,97.0,2.0,Post-Workout
4154,96.0,37.0,97.0,1.0,Post-Workout
4155,104.0,37.4,98.0,2.0,Post-Workout
4156,93.0,37.3,98.0,1.0,Post-Workout
4157,103.0,37.4,96.0,2.0,Post-Workout
4158,95.0,37.1,98.0,1.0,Post-Workout
4159,105.0,37.1,98.0,2.0,Post-Workout
4160,102.0,37.2,99.0,2.0,Post-Workout
4161,104.0,37.5,98.0,2.0,Post-Workout
4162,98.0,37.1,100.0,2.0,Post-Workout
4163,92.0,37.3,95.0,1.0,Post-Workout
4164,114.0,37.4,98.0,1.0,Post-Workout
4165,91.0,37.2,99.0,2.0,Post-Workout
4166,95.0,37.4,97.0,2.0,Post-Workout
4167,116.0,37.3,95.0,1.0,Post-Workout
4168,101.0,37.1,96.0,2.0,Post-Workout
4169,100.0,37.4,99.0,3.0,Post-Workout
4170,105.0,37.3,95.0,2.0,Post-Workout
4171,107.0,37.0,100.0,1.0,Post-Workout
4172,99.0,37.2,99.0,3.0,Post-Workout
4173,120.0,37.3,95.0,2.0,Post-Workout
4174,90.0,37.5,100.0,1.0,Post-Workout
4175,95.0,37.3,99.0,2.0,Post-Workout
4176,94.0,37.1,99.0,1.0,Post-Workout
4177,110.0,37.4,99.0,1.0,Post-Workout
4178,93.0,37.1,99.0,1.0,Post-Workout
4179,102.0,37.3,95.0,3.0,Post-Workout
4180,106.0,37.4,99.0,3.0,Post-Workout
4181,118.0,37.4,95.0,3.0,Post-Workout
4182,108.0,37.4,95.0,3.0,Post-Workout
4183,104.0,37.5,98.0,3.0,Post-Workout
4184,109.0,37.1,96.0,2.0,Post-Workout
4185,113.0,37.2,100.0,3.0,Post-Workout
4186,108.0,37.2,99.0,3.0,Post-Workout
4187,97.0,37.2,96.0,1.0,Post-Workout
4188,91.0,37.2,99.0,2.0,Post-Workout
4189,114.0,37.2,97.0,3.0,Post-Workout
4190,116.0,37.2,99.0,1.0,Post-Workout
4191,111.0,37.1,98.0,1.0,Post-Workout
4192,108.0,37.1,97.0,3.0,Post-Workout
4193,97.0,37.2,97.0,2.0,Post-Workout
4194,100.0,37.3,96.0,2.0,Post-Workout
4195,108.0,37.3,100.0,1.0,Post-Workout
4196,97.0,37.3,100.0,1.0,Post-Workout
4197,103.0,37.0,100.0,3.0,Post-Workout
4198,91.0,37.1,100.0,3.0,Post-Workout
4199,105.0,37.1,97.0,3.0,Post-Workout
4200,101.0,37.5,97.0,1.0,Post-Workout
4201,101.0,37.1,98.0,3.0,Post-Workout
4202,115.0,37.3,98.0,1.0,Post-Workout
4203,95.0,37.3,95.0,2.0,Post-Workout
4204,107.0,37.4,96.0,3.0,Post-Workout
4205,101.0,37.3,99.0,3.0,Post-Workout
4206,98.0,37.4,97.0,2.0,Post-Workout
4207,117.0,37.0,100.0,2.0,Post-Workout
4208,96.0,37.0,98.0,2.0,Post-Workout
4209,120.0,37.5,99.0,3.0,Post-Workout
4210,105.0,37.2,95.0,1.0,Post-Workout
4211,94.0,37.0,97.0,1.0,Post-Workout
4212,97.0,37.2,95.0,1.0,Post-Workout
4213,112.0,37.1,99.0,1.0,Post-Workout
4214,119.0,37.2,95.0,2.0,Post-Workout
4215,91.0,37.1,100.0,1.0,Post-Workout
4216,103.0,37.1,97.0,3.0,Post-Workout
4217,108.0,37.4,100.0,2.0,Post-Workout
4218,113.0,37.1,99.0,3.0,Post-Workout
4219,97.0,37.3,97.0,2.0,Post-Workout
4220,92.0,37.0,100.0,1.0,Post-Workout
4221,106.0,37.1,95.0,1.0,Post-Workout
4222,100.0,37.1,100.0,1.0,Post-Workout
4223,107.0,37.1,95.0,3.0,Post-Workout
4224,91.0,37.2,95.0,1.0,Post-Workout
4225,96.0,37.3,99.0,3.0,Post-Workout
4226,99.0,37.4,95.0,3.0,Post-Workout
4227,117.0,37.5,98.0,1.0,Post-Workout
4228,106.0,37.3,97.0,3.0,Post-Workout
4229,98.0,37.4,97.0,3.0,Post-Workout
4230,100.0,37.1,99.0,3.0,Post-Workout
4231,119.0,37.1,96.0,1.0,Post-Workout
4232,90.0,37.0,96.0,3.0,Post-Workout
4233,93.0,37.2,95.0,1.0,Post-Workout
4234,102.0,37.3,95.0,3.0,Post-Workout
4235,97.0,37.4,95.0,1.0,Post-Workout
4236,96.0,37.4,98.0,1.0,Post-Workout
4237,104.0,37.5,100.0,3.0,Post-Workout
4238,112.0,37.2,95.0,3.0,Post-Workout
4239,113.0,37.0,96.0,1.0,Post-Workout
4240,105.0,37.3,97.0,1.0,Post-Workout
4241,120.0,37.0,96.0,1.0,Post-Workout
4242,100.0,37.0,95.0,2.0,Post-Workout
4243,110.0,37.4,96.0,1.0,Post-Workout
4244,90.0,37.3,95.0,3.0,Post-Workout
4245,114.0,37.5,100.0,1.0,Post-Workout
4246,98.0,37.3,100.0,2.0,Post-Workout
4247,105.0,37.2,97.0,2.0,Post-Workout
4248,120.0,37.4,96.0,2.0,Post-Workout
4249,120.0,37.4,99.0,1.0,Post-Workout
4250,93.0,37.4,99.0,2.0,Post-Workout
4251,90.0,37.4,99.0,1.0,Post-Workout
4252,114.0,37.0,95.0,2.0,Post-Workout
4253,103.0,37.3,97.0,2.0,Post-Workout
4254,119.0,37.4,95.0,1.0,Post-Workout
4255,116.0,37.0,97.0,2.0,Post-Workout
4256,96.0,37.0,97.0,3.0,Post-Workout
4257,113.0,37.2,97.0,1.0,Post-Workout
4258,96.0,37.3,100.0,2.0,Post-Workout
4259,91.0,37.2,96.0,1.0,Post-Workout
4260,115.0,37.4,100.0,2.0,Post-Workout
4261,100.0,37.4,97.0,1.0,Post-Workout
4262,107.0,37.2,97.0,2.0,Post-Workout
4263,94.0,37.2,95.0,2.0,Post-Workout
4264,103.0,37.4,96.0,2.0,Post-Workout
4265,110.0,37.3,95.0,2.0,Post-Workout
4266,92.0,37.2,100.0,2.0,Post-Workout
4267,99.0,37.4,100.0,1.0,Post-Workout
4268,120.0,37.3,97.0,3.0,Post-Workout
4269,90.0,37.3,96.0,1.0,Post-Workout
4270,103.0,37.3,95.0,2.0,Post-Workout
4271,107.0,37.2,100.0,3.0,Post-Workout
4272,118.0,37.0,95.0,2.0,Post-Workout
4273,105.0,37.3,98.0,3.0,Post-Workout
4274,112.0,37.4,95.0,3.0,Post-Workout
4275,101.0,37.5,97.0,3.0,Post-Workout
4276,116.0,37.3,97.0,1.0,Post-Workout
4277,107.0,37.1,100.0,3.0,Post-Workout
4278,103.0,37.5,96.0,1.0,Post-Workout
4279,95.0,37.2,97.0,3.0,Post-Workout
4280,116.0,37.3,98.0,3.0,Post-Workout
4281,119.0,37.4,99.0,2.0,Post-Workout
4282,109.0,37.3,97.0,3.0,Post-Workout
4283,114.0,37.1,97.0,2.0,Post-Workout
4284,93.0,37.4,98.0,3.0,Post-Workout
4285,108.0,37.1,99.0,1.0,Post-Workout
4286,98.0,37.2,100.0,3.0,Post-Workout
4287,96.0,37.1,98.0,1.0,Post-Workout
4288,98.0,37.3,99.0,2.0,Post-Workout
4289,106.0,37.5,99.0,2.0,Post-Workout
4290,97.0,37.3,97.0,3.0,Post-Workout
4291,118.0,37.2,95.0,2.0,Post-Workout
4292,94.0,37.4,95.0,1.0,Post-Workout
4293,112.0,37.4,97.0,1.0,Post-Workout
4294,102.0,37.2,100.0,2.0,Post-Workout
4295,99.0,37.4,96.0,2.0,Post-Workout
4296,103.0,37.5,97.0,2.0,Post-Workout
4297,95.0,37.0,95.0,1.0,Post-Workout
4298,105.0,37.1,96.0,2.0,Post-Workout
4299,97.0,37.1,99.0,1.0,Post-Workout
4300,108.0,37.5,96.0,1.0,Post-Workout
4301,118.0,37.0,98.0,2.0,Post-Workout
4302,90.0,37.4,95.0,1.0,Post-Workout
4303,106.0,37.1,97.0,1.0,Post-Workout
4304,94.0,37.3,95.0,2.0,Post-Workout
4305,103.0,37.1,96.0,2.0,Post-Workout
4306,109.0,37.2,95.0,2.0,Post-Workout
4307,96.0,37.4,95.0,3.0,Post-Workout
4308,102.0,37.4,96.0,2.0,Post-Workout
4309,113.0,37.3,96.0,3.0,Post-Workout
4310,96.0,37.3,95.0,2.0,Post-Workout
4311,110.0,37.1,99.0,2.0,Post-Workout
4312,98.0,37.0,96.0,1.0,Post-Workout
4313,91.0,37.5,99.0,1.0,Post-Workout
4314,113.0,37.4,100.0,3.0,Post-Workout
4315,110.0,37.0,100.0,1.0,Post-Workout
4316,112.0,37.1,95.0,3.0,Post-Workout
4317,93.0,37.4,97.0,3.0,Post-Workout
4318,116.0,37.0,98.0,3.0,Post-Workout
4319,93.0,37.2,98.0,2.0,Post-Workout
4320,99.0,37.4,95.0,1.0,Post-Workout
4321,110.0,37.3,98.0,1.0,Post-Workout
4322,112.0,37.4,99.0,3.0,Post-Workout
4323,113.0,37.4,99.0,3.0,Post-Workout
4324,119.0,37.1,96.0,1.0,Post-Workout
4325,111.0,37.3,98.0,1.0,Post-Workout
4326,110.0,37.4,96.0,1.0,Post-Workout
4327,94.0,37.4,96.0,3.0,Post-Workout
4328,119.0,37.1,97.0,3.0,Post-Workout
4329,94.0,37.2,100.0,2.0,Post-Workout
4330,113.0,37.3,98.0,1.0,Post-Workout
4331,112.0,37.2,96.0,3.0,Post-Workout
4332,116.0,37.1,97.0,1.0,Post-Workout
4333,91.0,37.2,100.0,1.0,Post-Workout
4334,91.0,37.1,98.0,2.0,Post-Workout
4335,100.0,37.5,98.0,1.0,Post-Workout
4336,99.0,37.0,95.0,2.0,Post-Workout
4337,112.0,37.4,98.0,2.0,Post-Workout
4338,100.0,37.3,99.0,1.0,Post-Workout
4339,115.0,37.5,99.0,2.0,Post-Workout
4340,104.0,37.1,100.0,3.0,Post-Workout
4341,108.0,37.3,100.0,3.0,Post-Workout
4342,90.0,37.1,99.0,2.0,Post-Workout
4343,119.0,37.1,98.0,3.0,Post-Workout
4344,110.0,37.4,100.0,2.0,Post-Workout
4345,105.0,37.5,100.0,1.0,Post-Workout
4346,98.0,37.4,100.0,2.0,Post-Workout
4347,114.0,37.1,96.0,3.0,Post-Workout
4348,92.0,37.4,97.0,3.0,Post-Workout
4349,120.0,37.0,97.0,1.0,Post-Workout
4350,113.0,37.5,100.0,2.0,Post-Workout
4351,90.0,37.0,99.0,1.0,Post-Workout
4352,96.0,37.1,98.0,2.0,Post-Workout
4353,119.0,37.3,99.0,1.0,Post-Workout
4354,108.0,37.2,98.0,3.0,Post-Workout
4355,100.0,37.1,95.0,1.0,Post-Workout
4356,104.0,37.4,96.0,3.0,Post-Workout
4357,104.0,37.5,97.0,3.0,Post-Workout
4358,118.0,37.1,98.0,2.0,Post-Workout
4359,111.0,37.3,96.0,3.0,Post-Workout
4360,93.0,37.4,98.0,3.0,Post-Workout
4361,115.0,37.1,95.0,2.0,Post-Workout
4362,117.0,37.3,95.0,1.0,Post-Workout
4363,106.0,37.1,95.0,3.0,Post-Workout
4364,110.0,37.2,100.0,2.0,Post-Workout
4365,109.0,37.1,97.0,1.0,Post-Workout
4366,105.0,37.5,99.0,1.0,Post-Workout
4367,93.0,37.4,99.0,1.0,Post-Workout
4368,102.0,37.3,99.0,3.0,Post-Workout
4369,106.0,37.2,96.0,3.0,Post-Workout
4370,94.0,37.2,99.0,3.0,Post-Workout
4371,102.0,37.3,98.0,1.0,Post-Workout
4372,93.0,37.1,100.0,2.0,Post-Workout
4373,112.0,37.1,97.0,3.0,Post-Workout
4374,105.0,37.3,96.0,2.0,Post-Workout
4375,94.0,37.1,100.0,3.0,Post-Workout
4376,92.0,37.4,100.0,2.0,Post-Workout
4377,97.0,37.0,99.0,2.0,Post-Workout
4378,104.0,37.1,96.0,3.0,Post-Workout
4379,107.0,37.1,98.0,3.0,Post-Workout
4380,92.0,37.3,100.0,1.0,Post-Workout
4381,117.0,37.1,100.0,3.0,Post-Workout
4382,120.0,37.4,96.0,2.0,Post-Workout
4383,101.0,37.2,98.0,1.0,Post-Workout
4384,114.0,37.5,97.0,1.0,Post-Workout
4385,93.0,37.4,99.0,1.0,Post-Workout
4386,105.0,37.3,99.0,1.0,Post-Workout
4387,117.0,37.4,95.0,2.0,Post-Workout
4388,102.0,37.4,100.0,1.0,Post-Workout
4389,112.0,37.1,96.0,2.0,Post-Workout
4390,103.0,37.4,98.0,3.0,Post-Workout
4391,100.0,37.3,96.0,2.0,Post-Workout
4392,109.0,37.4,97.0,1.0,Post-Workout
4393,98.0,37.4,95.0,1.0,Post-Workout
4394,119.0,37.3,99.0,1.0,Post-Workout
4395,115.0,37.2,99.0,2.0,Post-Workout
4396,110.0,37.1,96.0,2.0,Post-Workout
4397,99.0,37.2,96.0,3.0,Post-Workout
4398,104.0,37.4,95.0,1.0,Post-Workout
4399,93.0,37.5,98.0,1.0,Post-Workout
4400,97.0,37.2,100.0,2.0,Post-Workout
4401,107.0,37.0,99.0,3.0,Post-Workout
4402,93.0,37.4,95.0,1.0,Post-Workout
4403,115.0,37.4,98.0,3.0,Post-Workout
4404,103.0,37.3,100.0,2.0,Post-Workout
4405,110.0,37.5,100.0,1.0,Post-Workout
4406,115.0,37.0,96.0,3.0,Post-Workout
4407,99.0,37.4,99.0,3.0,Post-Workout
4408,106.0,37.0,95.0,2.0,Post-Workout
4409,91.0,37.4,95.0,2.0,Post-Workout
4410,95.0,37.2,99.0,3.0,Post-Workout
4411,111.0,37.3,95.0,2.0,Post-Workout
4412,110.0,37.4,95.0,3.0,Post-Workout
4413,100.0,37.3,100.0,2.0,Post-Workout
4414,102.0,37.1,100.0,3.0,Post-Workout
4415,118.0,37.2,99.0,2.0,Post-Workout
4416,117.0,37.2,98.0,1.0,Post-Workout
4417,93.0,37.3,98.0,3.0,Post-Workout
4418,120.0,37.1,95.0,1.0,Post-Workout
4419,112.0,37.3,95.0,3.0,Post-Workout
4420,101.0,37.1,98.0,1.0,Post-Workout
4421,111.0,37.3,96.0,1.0,Post-Workout
4422,91.0,37.2,99.0,2.0,Post-Workout
4423,119.0,37.3,98.0,3.0,Post-Workout
4424,109.0,37.4,99.0,1.0,Post-Workout
4425,120.0,37.3,100.0,3.0,Post-Workout
4426,95.0,37.4,99.0,2.0,Post-Workout
4427,119.0,37.0,95.0,2.0,Post-Workout
4428,104.0,37.2,96.0,1.0,Post-Workout
4429,90.0,37.3,99.0,3.0,Post-Workout
4430,111.0,37.0,97.0,2.0,Post-Workout
4431,111.0,37.2,99.0,2.0,Post-Workout
4432,105.0,37.4,95.0,1.0,Post-Workout
4433,92.0,37.4,95.0,1.0,Post-Workout
4434,104.0,37.4,98.0,1.0,Post-Workout
4435,108.0,37.3,97.0,1.0,Post-Workout
4436,95.0,37.3,99.0,3.0,Post-Workout
4437,98.0,37.2,95.0,1.0,Post-Workout
4438,108.0,37.1,97.0,3.0,Post-Workout
4439,114.0,37.2,95.0,3.0,Post-Workout
4440,120.0,37.2,99.0,2.0,Post-Workout
4441,112.0,37.1,96.0,1.0,Post-Workout
4442,100.0,37.2,96.0,1.0,Post-Workout
4443,96.0,37.3,99.0,2.0,Post-Workout
4444,104.0,37.0,97.0,1.0,Post-Workout
4445,102.0,37.4,99.0,1.0,Post-Workout
4446,115.0,37.0,95.0,2.0,Post-Workout
4447,91.0,37.5,99.0,3.0,Post-Workout
4448,94.0,37.3,99.0,3.0,Post-Workout
4449,98.0,37.4,97.0,3.0,Post-Workout
4450,110.0,37.2,96.0,2.0,Post-Workout
4451,95.0,37.4,97.0,3.0,Post-Workout
4452,97.0,37.1,96.0,3.0,Post-Workout
4453,97.0,37.4,97.0,1.0,Post-Workout
4454,90.0,37.4,98.0,3.0,Post-Workout
4455,112.0,37.3,99.0,3.0,Post-Workout
4456,119.0,37.5,96.0,2.0,Post-Workout
4457,102.0,37.1,95.0,1.0,Post-Workout
4458,93.0,37.4,98.0,1.0,Post-Workout
4459,110.0,37.5,99.0,2.0,Post-Workout
4460,102.0,37.3,99.0,2.0,Post-Workout
4461,117.0,37.0,95.0,3.0,Post-Workout
4462,112.0,37.5,100.0,3.0,Post-Workout
4463,91.0,37.3,96.0,3.0,Post-Workout
4464,112.0,37.1,96.0,1.0,Post-Workout
4465,119.0,37.2,96.0,1.0,Post-Workout
4466,99.0,37.4,100.0,3.0,Post-Workout
4467,98.0,37.3,97.0,2.0,Post-Workout
4468,117.0,37.3,96.0,3.0,Post-Workout
4469,104.0,37.1,99.0,3.0,Post-Workout
4470,110.0,37.4,100.0,2.0,Post-Workout
4471,95.0,37.2,99.0,1.0,Post-Workout
4472,113.0,37.3,99.0,3.0,Post-Workout
4473,115.0,37.1,96.0,3.0,Post-Workout
4474,106.0,37.5,96.0,1.0,Post-Workout
4475,101.0,37.2,99.0,1.0,Post-Workout
4476,99.0,37.2,95.0,3.0,Post-Workout
4477,92.0,37.2,99.0,2.0,Post-Workout
4478,113.0,37.5,97.0,2.0,Post-Workout
4479,106.0,37.4,100.0,2.0,Post-Workout
4480,111.0,37.0,98.0,3.0,Post-Workout
4481,108.0,37.3,96.0,1.0,Post-Workout
4482,112.0,37.2,95.0,3.0,Post-Workout
4483,113.0,37.3,97.0,3.0,Post-Workout
4484,102.0,37.1,100.0,3.0,Post-Workout
4485,98.0,37.0,98.0,2.0,Post-Workout
4486,109.0,37.0,96.0,1.0,Post-Workout
4487,91.0,37.4,100.0,2.0,Post-Workout
4488,93.0,37.3,95.0,1.0,Post-Workout
4489,102.0,37.2,97.0,1.0,Post-Workout
4490,97.0,37.3,99.0,3.0,Post-Workout
4491,92.0,37.1,100.0,1.0,Post-Workout
4492,102.0,37.4,99.0,2.0,Post-Workout
4493,92.0,37.3,96.0,2.0,Post-Workout
4494,91.0,37.1,95.0,3.0,Post-Workout
4495,118.0,37.4,99.0,1.0,Post-Workout
4496,95.0,37.0,98.0,1.0,Post-Workout
4497,102.0,37.3,98.0,2.0,Post-Workout
4498,118.0,37.4,98.0,3.0,Post-Workout
4499,93.0,37.3,100.0,2.0,Post-Workout
4500,110.0,37.2,98.0,1.0,Post-Workout
4501,115.0,37.0,95.0,3.0,Post-Workout
4502,97.0,37.2,100.0,3.0,Post-Workout
4503,102.0,37.2,97.0,3.0,Post-Workout
4504,97.0,37.1,99.0,3.0,Post-Workout
4505,102.0,37.0,99.0,2.0,Post-Workout
4506,112.0,37.0,99.0,3.0,Post-Workout
4507,93.0,37.3,100.0,3.0,Post-Workout
4508,115.0,37.4,95.0,3.0,Post-Workout
4509,116.0,37.2,97.0,3.0,Post-Workout
4510,96.0,37.4,95.0,3.0,Post-Workout
4511,113.0,37.4,95.0,1.0,Post-Workout
4512,102.0,37.3,95.0,2.0,Post-Workout
4513,107.0,37.5,97.0,3.0,Post-Workout
4514,115.0,37.0,98.0,1.0,Post-Workout
4515,90.0,37.4,95.0,2.0,Post-Workout
4516,114.0,37.5,99.0,1.0,Post-Workout
4517,92.0,37.4,97.0,3.0,Post-Workout
4518,120.0,37.1,97.0,3.0,Post-Workout
4519,104.0,37.2,100.0,2.0,Post-Workout
4520,91.0,37.2,98.0,3.0,Post-Workout
4521,106.0,37.3,100.0,3.0,Post-Workout
4522,97.0,37.3,95.0,2.0,Post-Workout
4523,116.0,37.2,98.0,2.0,Post-Workout
4524,109.0,37.2,98.0,3.0,Post-Workout
4525,97.0,37.5,100.0,1.0,Post-Workout
4526,95.0,37.2,98.0,1.0,Post-Workout
4527,101.0,37.2,95.0,3.0,Post-Workout
4528,114.0,37.5,99.0,2.0,Post-Workout
4529,107.0,37.0,100.0,2.0,Post-Workout
4530,102.0,37.3,100.0,3.0,Post-Workout
4531,110.0,37.3,98.0,3.0,Post-Workout
4532,90.0,37.2,99.0,2.0,Post-Workout
4533,97.0,37.3,99.0,3.0,Post-Workout
4534,109.0,37.5,97.0,2.0,Post-Workout
4535,108.0,37.1,95.0,2.0,Post-Workout
4536,92.0,37.4,95.0,2.0,Post-Workout
4537,100.0,37.1,95.0,2.0,Post-Workout
4538,117.0,37.3,97.0,2.0,Post-Workout
4539,101.0,37.4,95.0,2.0,Post-Workout
4540,111.0,37.1,96.0,1.0,Post-Workout
4541,119.0,37.5,96.0,1.0,Post-Workout
4542,96.0,37.1,95.0,3.0,Post-Workout
4543,92.0,37.0,96.0,1.0,Post-Workout
4544,112.0,37.1,97.0,3.0,Post-Workout
4545,108.0,37.1,100.0,3.0,Post-Workout
4546,104.0,37.3,96.0,2.0,Post-Workout
4547,113.0,37.5,95.0,3.0,Post-Workout
4548,110.0,37.3,98.0,3.0,Post-Workout
4549,98.0,37.5,98.0,1.0,Post-Workout
4550,103.0,37.1,99.0,2.0,Post-Workout
4551,171.0,37.5,98.0,8.0,Running
4552,167.0,37.6,95.0,8.0,Running
4553,144.0,37.9,95.0,9.0,Running
4554,157.0,37.1,94.0,9.0,Running
4555,138.0,37.3,94.0,10.0,Running
4556,133.0,37.5,96.0,10.0,Running
4557,124.0,37.0,93.0,9.0,Running
4558,138.0,37.5,95.0,10.0,Running
4559,178.0,37.4,96.0,8.0,Running
4560,154.0,37.7,95.0,9.0,Running
4561,131.0,37.6,93.0,10.0,Running
4562,122.0,37.2,93.0,8.0,Running
4563,128.0,38.0,97.0,8.0,Running
4564,141.0,37.1,96.0,8.0,Running
4565,150.0,37.2,92.0,8.0,Running
4566,156.0,37.8,96.0,10.0,Running
4567,180.0,38.0,95.0,8.0,Running
4568,123.0,37.9,95.0,8.0,Running
4569,147.0,37.5,94.0,9.0,Running
4570,143.0,37.5,97.0,10.0,Running
4571,157.0,37.5,94.0,8.0,Running
4572,146.0,37.0,96.0,10.0,Running
4573,177.0,37.8,94.0,9.0,Running
4574,154.0,37.7,98.0,9.0,Running
4575,156.0,37.2,94.0,10.0,Running
4576,127.0,37.9,97.0,9.0,Running
4577,145.0,37.9,94.0,9.0,Running
4578,163.0,37.3,92.0,9.0,Running
4579,146.0,37.7,97.0,9.0,Running
4580,178.0,37.2,92.0,8.0,Running
4581,155.0,37.5,97.0,9.0,Running
4582,164.0,37.5,96.0,9.0,Running
4583,122.0,37.9,96.0,10.0,Running
4584,122.0,37.4,98.0,10.0,Running
4585,124.0,37.0,96.0,8.0,Running
4586,145.0,37.3,96.0,8.0,Running
4587,124.0,37.1,95.0,10.0,Running
4588,144.0,37.9,97.0,8.0,Running
4589,143.0,37.1,92.0,10.0,Running
4590,168.0,37.7,93.0,9.0,Running
4591,180.0,37.3,96.0,9.0,Running
4592,168.0,37.4,96.0,8.0,Running
4593,123.0,37.5,93.0,9.0,Running
4594,172.0,37.1,92.0,9.0,Running
4595,137.0,37.5,94.0,9.0,Running
4596,121.0,37.6,92.0,10.0,Running
4597,176.0,37.3,96.0,8.0,Running
4598,146.0,37.5,94.0,8.0,Running
4599,128.0,38.0,98.0,9.0,Running
4600,151.0,37.5,95.0,8.0,Running
4601,136.0,37.6,93.0,8.0,Running
4602,157.0,37.5,92.0,9.0,Running
4603,153.0,37.9,92.0,10.0,Running
4604,132.0,37.9,93.0,8.0,Running
4605,132.0,37.5,96.0,8.0,Running
4606,153.0,38.0,96.0,10.0,Running
4607,138.0,37.1,98.0,8.0,Running
4608,176.0,37.1,98.0,10.0,Running
4609,132.0,37.4,96.0,8.0,Running
4610,172.0,37.5,97.0,8.0,Running
4611,170.0,37.2,98.0,9.0,Running
4612,120.0,37.7,96.0,9.0,Running
4613,170.0,37.9,92.0,8.0,Running
4614,179.0,37.6,98.0,9.0,Running
4615,155.0,37.8,98.0,10.0,Running
4616,149.0,37.8,93.0,9.0,Running
4617,120.0,37.9,94.0,8.0,Running
4618,179.0,37.3,95.0,9.0,Running
4619,123.0,37.1,95.0,9.0,Running
4620,154.0,37.9,92.0,10.0,Running
4621,153.0,37.4,94.0,9.0,Running
4622,125.0,37.2,95.0,9.0,Running
4623,128.0,37.8,95.0,9.0,Running
4624,178.0,37.5,93.0,8.0,Running
4625,120.0,37.4,96.0,9.0,Running
4626,177.0,37.8,98.0,10.0,Running
4627,159.0,37.8,94.0,10.0,Running
4628,138.0,37.4,92.0,8.0,Running
4629,140.0,37.5,93.0,9.0,Running
4630,171.0,37.2,93.0,9.0,Running
4631,172.0,37.9,94.0,8.0,Running
4632,163.0,37.3,94.0,9.0,Running
4633,138.0,37.8,95.0,9.0,Running
4634,145.0,37.1,92.0,9.0,Running
4635,170.0,37.6,93.0,10.0,Running
4636,124.0,37.7,93.0,8.0,Running
4637,146.0,37.7,93.0,9.0,Running
4638,152.0,37.8,98.0,9.0,Running
4639,148.0,37.2,94.0,8.0,Running
4640,128.0,37.1,95.0,10.0,Running
4641,152.0,37.2,96.0,9.0,Running
4642,137.0,37.4,98.0,10.0,Running
4643,121.0,37.3,97.0,8.0,Running
4644,171.0,37.2,92.0,8.0,Running
4645,142.0,38.0,98.0,8.0,Running
4646,173.0,37.4,96.0,8.0,Running
4647,137.0,38.0,96.0,9.0,Running
4648,143.0,37.8,98.0,8.0,Running
4649,164.0,37.2,96.0,10.0,Running
4650,176.0,37.4,97.0,9.0,Running
4651,171.0,37.6,97.0,10.0,Running
4652,157.0,37.9,96.0,9.0,Running
4653,172.0,37.8,97.0,10.0,Running
4654,137.0,37.8,98.0,8.0,Running
4655,134.0,37.7,94.0,10.0,Running
4656,125.0,37.5,98.0,10.0,Running
4657,140.0,37.7,96.0,8.0,Running
4658,124.0,37.1,93.0,10.0,Running
4659,137.0,37.9,96.0,10.0,Running
4660,155.0,37.8,98.0,8.0,Running
4661,120.0,37.9,94.0,10.0,Running
4662,171.0,37.6,95.0,9.0,Running
4663,171.0,37.6,97.0,10.0,Running
4664,142.0,37.2,92.0,9.0,Running
4665,176.0,37.0,93.0,10.0,Running
4666,154.0,37.8,95.0,8.0,Running
4667,177.0,38.0,98.0,10.0,Running
4668,131.0,37.5,97.0,9.0,Running
4669,177.0,37.2,96.0,8.0,Running
4670,166.0,37.9,96.0,10.0,Running
4671,136.0,37.7,92.0,10.0,Running
4672,180.0,37.9,95.0,8.0,Running
4673,132.0,37.8,93.0,9.0,Running
4674,142.0,37.1,95.0,8.0,Running
4675,141.0,37.3,97.0,10.0,Running
4676,138.0,37.7,93.0,10.0,Running
4677,138.0,37.5,93.0,10.0,Running
4678,131.0,37.2,93.0,10.0,Running
4679,121.0,37.2,94.0,8.0,Running
4680,173.0,37.0,96.0,8.0,Running
4681,144.0,37.3,97.0,9.0,Running
4682,143.0,37.3,97.0,8.0,Running
4683,167.0,37.3,95.0,9.0,Running
4684,122.0,37.1,92.0,8.0,Running
4685,171.0,37.0,92.0,10.0,Running
4686,146.0,37.0,92.0,10.0,Running
4687,175.0,37.6,98.0,10.0,Running
4688,131.0,38.0,95.0,10.0,Running
4689,160.0,37.7,94.0,8.0,Running
4690,157.0,37.1,95.0,8.0,Running
4691,170.0,37.5,96.0,8.0,Running
4692,134.0,37.4,97.0,10.0,Running
4693,126.0,37.8,93.0,9.0,Running
4694,159.0,37.3,95.0,9.0,Running
4695,126.0,37.5,98.0,9.0,Running
4696,177.0,37.9,97.0,8.0,Running
4697,171.0,37.2,98.0,9.0,Running
4698,164.0,37.9,96.0,10.0,Running
4699,154.0,37.2,93.0,10.0,Running
4700,174.0,37.9,96.0,8.0,Running
4701,171.0,37.1,93.0,10.0,Running
4702,133.0,37.6,96.0,10.0,Running
4703,177.0,37.4,92.0,8.0,Running
4704,126.0,37.4,96.0,10.0,Running
4705,122.0,37.8,92.0,9.0,Running
4706,130.0,37.9,93.0,9.0,Running
4707,160.0,37.3,95.0,9.0,Running
4708,158.0,37.3,97.0,10.0,Running
4709,175.0,37.8,92.0,9.0,Running
4710,120.0,37.7,93.0,9.0,Running
4711,141.0,37.6,95.0,10.0,Running
4712,123.0,37.6,97.0,8.0,Running
4713,135.0,37.9,96.0,8.0,Running
4714,174.0,38.0,93.0,8.0,Running
4715,138.0,37.3,96.0,10.0,Running
4716,146.0,37.3,97.0,8.0,Running
4717,177.0,37.5,92.0,8.0,Running
4718,133.0,37.9,97.0,10.0,Running
4719,138.0,37.7,97.0,10.0,Running
4720,130.0,37.2,97.0,10.0,Running
4721,149.0,37.7,97.0,10.0,Running
4722,148.0,37.3,92.0,10.0,Running
4723,160.0,37.5,98.0,10.0,Running
4724,165.0,37.9,96.0,8.0,Running
4725,148.0,37.2,97.0,8.0,Running
4726,154.0,37.1,96.0,10.0,Running
4727,178.0,37.0,95.0,9.0,Running
4728,156.0,38.0,97.0,9.0,Running
4729,165.0,37.1,98.0,9.0,Running
4730,138.0,37.5,97.0,8.0,Running
4731,135.0,37.3,95.0,9.0,Running
4732,150.0,37.3,92.0,9.0,Running
4733,175.0,37.1,95.0,9.0,Running
4734,141.0,37.7,98.0,9.0,Running
4735,171.0,37.1,98.0,10.0,Running
4736,164.0,37.6,92.0,10.0,Running
4737,128.0,38.0,92.0,8.0,Running
4738,154.0,37.7,92.0,10.0,Running
4739,136.0,37.7,93.0,10.0,Running
4740,157.0,37.6,96.0,9.0,Running
4741,138.0,37.8,93.0,8.0,Running
4742,146.0,37.1,98.0,8.0,Running
4743,134.0,37.1,93.0,8.0,Running
4744,169.0,37.2,93.0,9.0,Running
4745,147.0,37.5,94.0,10.0,Running
4746,146.0,37.5,96.0,10.0,Running
4747,158.0,37.5,95.0,10.0,Running
4748,150.0,37.1,92.0,8.0,Running
4749,132.0,37.8,95.0,8.0,Running
4750,177.0,37.8,95.0,8.0,Running
4751,156.0,37.2,98.0,8.0,Running
4752,163.0,37.6,94.0,9.0,Running
4753,130.0,37.2,95.0,8.0,Running
4754,129.0,37.7,93.0,8.0,Running
4755,154.0,37.9,98.0,10.0,Running
4756,175.0,37.3,92.0,9.0,Running
4757,139.0,37.8,96.0,9.0,Running
4758,175.0,37.4,94.0,8.0,Running
4759,133.0,37.2,95.0,8.0,Running
4760,138.0,37.8,98.0,8.0,Running
4761,151.0,37.1,97.0,8.0,Running
4762,150.0,37.1,95.0,8.0,Running
4763,137.0,37.3,96.0,8.0,Running
4764,163.0,37.1,96.0,8.0,Running
4765,120.0,37.9,97.0,9.0,Running
4766,122.0,37.8,94.0,9.0,Running
4767,168.0,38.0,97.0,10.0,Running
4768,145.0,37.0,93.0,8.0,Running
4769,157.0,37.4,92.0,10.0,Running
4770,147.0,37.5,95.0,10.0,Running
4771,180.0,37.2,95.0,8.0,Running
4772,180.0,37.2,96.0,8.0,Running
4773,140.0,37.9,94.0,8.0,Running
4774,120.0,37.8,92.0,8.0,Running
4775,164.0,37.4,93.0,9.0,Running
4776,176.0,37.5,94.0,9.0,Running
4777,155.0,37.8,97.0,9.0,Running
4778,164.0,37.6,94.0,8.0,Running
4779,137.0,38.0,92.0,10.0,Running
4780,136.0,37.7,94.0,9.0,Running
4781,174.0,37.4,97.0,10.0,Running
4782,158.0,37.2,98.0,8.0,Running
4783,129.0,38.0,94.0,8.0,Running
4784,127.0,37.1,92.0,8.0,Running
4785,135.0,37.6,97.0,10.0,Running
4786,166.0,37.9,98.0,8.0,Running
4787,160.0,37.6,92.0,9.0,Running
4788,139.0,38.0,93.0,10.0,Running
4789,131.0,37.8,92.0,8.0,Running
4790,143.0,37.4,93.0,8.0,Running
4791,158.0,37.0,97.0,10.0,Running
4792,162.0,37.3,95.0,8.0,Running
4793,150.0,37.7,94.0,8.0,Running
4794,169.0,37.2,96.0,9.0,Running
4795,124.0,37.1,93.0,8.0,Running
4796,150.0,37.7,93.0,10.0,Running
4797,168.0,37.0,96.0,9.0,Running
4798,128.0,37.3,95.0,10.0,Running
4799,153.0,37.5,96.0,10.0,Running
4800,139.0,37.8,95.0,10.0,Running
4801,138.0,37.5,97.0,10.0,Running
4802,165.0,37.5,96.0,8.0,Running
4803,168.0,37.9,97.0,10.0,Running
4804,169.0,37.1,97.0,9.0,Running
4805,132.0,37.2,92.0,8.0,Running
4806,127.0,37.3,95.0,8.0,Running
4807,121.0,37.3,94.0,8.0,Running
4808,136.0,37.3,94.0,8.0,Running
4809,139.0,37.4,92.0,8.0,Running
4810,154.0,37.9,98.0,8.0,Running
4811,134.0,37.5,96.0,10.0,Running
4812,161.0,37.3,93.0,10.0,Running
4813,128.0,37.1,97.0,8.0,Running
4814,157.0,37.4,93.0,8.0,Running
4815,125.0,37.0,97.0,10.0,Running
4816,130.0,37.9,93.0,9.0,Running
4817,135.0,37.7,98.0,9.0,Running
4818,180.0,37.9,94.0,8.0,Running
4819,138.0,38.0,94.0,9.0,Running
4820,161.0,37.1,92.0,9.0,Running
4821,142.0,37.2,93.0,9.0,Running
4822,162.0,37.4,97.0,10.0,Running
4823,162.0,37.7,98.0,8.0,Running
4824,124.0,37.8,93.0,10.0,Running
4825,120.0,37.5,96.0,8.0,Running
4826,145.0,37.2,94.0,9.0,Running
4827,121.0,37.9,92.0,9.0,Running
4828,171.0,37.1,98.0,10.0,Running
4829,162.0,37.5,94.0,8.0,Running
4830,144.0,37.8,93.0,8.0,Running
4831,124.0,37.2,95.0,10.0,Running
4832,154.0,37.9,94.0,9.0,Running
4833,142.0,37.4,96.0,8.0,Running
4834,130.0,37.2,96.0,8.0,Running
4835,124.0,37.4,93.0,9.0,Running
4836,138.0,37.3,92.0,9.0,Running
4837,171.0,37.8,92.0,10.0,Running
4838,133.0,37.8,95.0,9.0,Running
4839,139.0,37.7,96.0,9.0,Running
4840,145.0,37.1,97.0,10.0,Running
4841,158.0,37.7,94.0,9.0,Running
4842,138.0,37.6,96.0,8.0,Running
4843,164.0,38.0,94.0,8.0,Running
4844,141.0,37.5,93.0,10.0,Running
4845,156.0,37.8,97.0,9.0,Running
4846,131.0,37.9,95.0,10.0,Running
4847,124.0,38.0,92.0,10.0,Running
4848,171.0,37.5,98.0,9.0,Running
4849,131.0,37.7,96.0,10.0,Running
4850,122.0,37.7,96.0,8.0,Running
4851,136.0,37.0,96.0,8.0,Running
4852,152.0,37.2,94.0,10.0,Running
4853,142.0,37.6,95.0,9.0,Running
4854,139.0,37.3,93.0,10.0,Running
4855,133.0,37.3,95.0,9.0,Running
4856,174.0,37.3,92.0,9.0,Running
4857,131.0,37.9,94.0,9.0,Running
4858,143.0,37.7,96.0,10.0,Running
4859,171.0,37.7,94.0,10.0,Running
4860,165.0,37.3,98.0,10.0,Running
4861,124.0,37.2,92.0,10.0,Running
4862,148.0,37.9,97.0,9.0,Running
4863,128.0,37.5,92.0,9.0,Running
4864,172.0,37.8,97.0,9.0,Running
4865,152.0,37.1,95.0,9.0,Running
4866,157.0,37.8,92.0,8.0,Running
4867,132.0,37.1,98.0,9.0,Running
4868,159.0,37.1,98.0,9.0,Running
4869,154.0,37.8,97.0,9.0,Running
4870,152.0,37.6,98.0,8.0,Running
4871,160.0,37.0,96.0,8.0,Running
4872,120.0,37.1,94.0,10.0,Running
4873,130.0,37.3,92.0,8.0,Running
4874,136.0,37.2,94.0,8.0,Running
4875,136.0,37.6,95.0,9.0,Running
4876,171.0,37.1,92.0,8.0,Running
4877,130.0,37.4,97.0,10.0,Running
4878,156.0,37.9,96.0,8.0,Running
4879,122.0,37.8,92.0,10.0,Running
4880,157.0,38.0,97.0,8.0,Running
4881,148.0,37.6,93.0,9.0,Running
4882,128.0,37.1,92.0,8.0,Running
4883,135.0,37.6,94.0,10.0,Running
4884,151.0,37.7,97.0,10.0,Running
4885,172.0,37.5,93.0,9.0,Running
4886,151.0,37.5,92.0,8.0,Running
4887,125.0,37.4,93.0,9.0,Running
4888,138.0,37.9,98.0,10.0,Running
4889,130.0,37.9,93.0,8.0,Running
4890,168.0,37.6,97.0,8.0,Running
4891,126.0,37.2,92.0,9.0,Running
4892,167.0,37.4,96.0,8.0,Running
4893,141.0,37.9,93.0,9.0,Running
4894,147.0,37.7,94.0,10.0,Running
4895,151.0,37.1,95.0,10.0,Running
4896,130.0,37.4,98.0,10.0,Running
4897,146.0,37.3,94.0,10.0,Running
4898,168.0,37.8,93.0,9.0,Running
4899,179.0,37.5,98.0,10.0,Running
4900,138.0,37.8,92.0,8.0,Running
4901,135.0,37.3,97.0,9.0,Running
4902,149.0,37.6,96.0,8.0,Running
4903,171.0,37.1,96.0,8.0,Running
4904,165.0,37.6,95.0,8.0,Running
4905,168.0,37.7,97.0,8.0,Running
4906,175.0,37.2,98.0,10.0,Running
4907,167.0,37.1,96.0,10.0,Running
4908,146.0,37.8,97.0,10.0,Running
4909,156.0,37.1,97.0,10.0,Running
4910,153.0,37.2,92.0,8.0,Running
4911,170.0,37.9,97.0,9.0,Running
4912,127.0,37.8,95.0,10.0,Running
4913,169.0,37.0,94.0,8.0,Running
4914,139.0,37.9,98.0,9.0,Running
4915,138.0,37.2,95.0,8.0,Running
4916,176.0,37.9,97.0,8.0,Running
4917,177.0,37.1,93.0,10.0,Running
4918,168.0,37.6,94.0,9.0,Running
4919,149.0,37.9,98.0,10.0,Running
4920,131.0,37.8,97.0,8.0,Running
4921,166.0,37.9,97.0,9.0,Running
4922,147.0,37.2,97.0,10.0,Running
4923,176.0,37.5,93.0,9.0,Running
4924,167.0,37.2,97.0,9.0,Running
4925,170.0,37.8,93.0,9.0,Running
4926,143.0,37.4,94.0,10.0,Running
4927,141.0,37.5,97.0,8.0,Running
4928,136.0,37.7,94.0,10.0,Running
4929,140.0,37.8,98.0,9.0,Running
4930,140.0,37.3,96.0,9.0,Running
4931,127.0,38.0,96.0,10.0,Running
4932,124.0,37.4,93.0,8.0,Running
4933,149.0,37.8,96.0,8.0,Running
4934,134.0,37.9,94.0,10.0,Running
4935,125.0,37.8,96.0,9.0,Running
4936,176.0,37.2,94.0,9.0,Running
4937,139.0,37.7,95.0,10.0,Running
4938,150.0,37.4,94.0,9.0,Running
4939,169.0,37.4,97.0,9.0,Running
4940,159.0,37.0,96.0,10.0,Running
4941,139.0,37.1,95.0,10.0,Running
4942,128.0,37.8,95.0,9.0,Running
4943,121.0,37.4,93.0,8.0,Running
4944,161.0,37.6,98.0,10.0,Running
4945,167.0,37.5,98.0,10.0,Running
4946,135.0,37.6,92.0,8.0,Running
4947,148.0,37.8,94.0,10.0,Running
4948,154.0,37.0,96.0,9.0,Running
4949,158.0,37.5,94.0,8.0,Running
4950,180.0,37.3,98.0,8.0,Running
4951,147.0,37.5,96.0,8.0,Running
4952,120.0,37.1,96.0,9.0,Running
4953,149.0,37.6,98.0,8.0,Running
4954,177.0,37.5,92.0,8.0,Running
4955,145.0,37.6,96.0,8.0,Running
4956,137.0,37.1,97.0,10.0,Running
4957,166.0,37.5,94.0,9.0,Running
4958,125.0,37.6,93.0,10.0,Running
4959,121.0,37.7,95.0,10.0,Running
4960,133.0,37.4,96.0,10.0,Running
4961,169.0,37.1,93.0,8.0,Running
4962,137.0,37.5,94.0,10.0,Running
4963,174.0,37.3,98.0,10.0,Running
4964,134.0,37.8,95.0,8.0,Running
4965,147.0,37.4,94.0,9.0,Running
4966,179.0,37.5,97.0,9.0,Running
4967,128.0,37.6,92.0,10.0,Running
4968,154.0,37.0,93.0,10.0,Running
4969,121.0,38.0,93.0,8.0,Running
4970,128.0,37.6,96.0,9.0,Running
4971,164.0,37.6,96.0,10.0,Running
4972,168.0,37.5,92.0,8.0,Running
4973,141.0,38.0,95.0,8.0,Running
4974,167.0,37.7,94.0,9.0,Running
4975,141.0,37.2,94.0,10.0,Running
4976,154.0,37.4,93.0,8.0,Running
4977,139.0,37.6,94.0,9.0,Running
4978,164.0,37.4,96.0,8.0,Running
4979,143.0,38.0,98.0,10.0,Running
4980,129.0,37.7,94.0,9.0,Running
4981,133.0,37.5,95.0,9.0,Running
4982,176.0,37.5,97.0,8.0,Running
4983,171.0,37.3,92.0,10.0,Running
4984,129.0,37.9,96.0,8.0,Running
4985,125.0,37.9,95.0,9.0,Running
4986,169.0,38.0,94.0,8.0,Running
4987,122.0,37.0,98.0,8.0,Running
4988,175.0,37.1,97.0,8.0,Running
4989,133.0,37.8,94.0,10.0,Running
4990,146.0,37.8,95.0,9.0,Running
4991,175.0,37.5,98.0,10.0,Running
4992,140.0,37.2,92.0,8.0,Running
4993,162.0,37.7,98.0,10.0,Running
4994,142.0,37.3,98.0,9.0,Running
4995,172.0,37.4,95.0,10.0,Running
4996,161.0,37.9,98.0,10.0,Running
4997,160.0,37.0,94.0,8.0,Running
4998,131.0,37.4,95.0,10.0,Running
4999,179.0,37.9,92.0,8.0,Running
5000,129.0,37.3,92.0,10.0,Running
5001,165.0,37.4,96.0,10.0,Running
5002,139.0,37.6,95.0,10.0,Running
5003,180.0,37.4,95.0,10.0,Running
5004,142.0,37.6,95.0,9.0,Running
5005,155.0,37.8,93.0,9.0,Running
5006,124.0,37.7,96.0,8.0,Running
5007,137.0,37.4,95.0,9.0,Running
5008,145.0,37.1,95.0,8.0,Running
5009,154.0,38.0,93.0,8.0,Running
5010,123.0,37.5,95.0,8.0,Running
5011,151.0,37.4,93.0,9.0,Running
5012,144.0,37.8,96.0,8.0,Running
5013,124.0,37.3,92.0,9.0,Running
5014,143.0,37.8,95.0,9.0,Running
5015,133.0,37.9,96.0,10.0,Running
5016,167.0,37.2,95.0,9.0,Running
5017,158.0,37.0,97.0,9.0,Running
5018,151.0,37.7,92.0,8.0,Running
5019,151.0,37.7,92.0,10.0,Running
5020,165.0,37.0,98.0,8.0,Running
5021,151.0,37.9,93.0,10.0,Running
5022,151.0,37.4,93.0,9.0,Running
5023,179.0,37.4,93.0,9.0,Running
5024,151.0,37.6,92.0,10.0,Running
5025,178.0,37.3,94.0,8.0,Running
5026,139.0,37.6,94.0,10.0,Running
5027,160.0,37.1,97.0,9.0,Running
5028,171.0,37.9,94.0,9.0,Running
5029,147.0,37.7,98.0,10.0,Running
5030,143.0,37.7,98.0,10.0,Running
5031,167.0,37.4,98.0,10.0,Running
5032,131.0,37.8,97.0,10.0,Running
5033,149.0,38.0,96.0,8.0,Running
5034,128.0,37.6,97.0,10.0,Running
5035,173.0,37.1,98.0,8.0,Running
5036,157.0,37.6,95.0,10.0,Running
5037,178.0,37.5,95.0,10.0,Running
5038,173.0,37.8,95.0,10.0,Running
5039,164.0,37.8,96.0,9.0,Running
5040,176.0,37.6,96.0,9.0,Running
5041,120.0,37.5,98.0,8.0,Running
5042,129.0,37.8,97.0,10.0,Running
5043,128.0,37.1,97.0,9.0,Running
5044,153.0,37.5,94.0,8.0,Running
5045,151.0,37.8,93.0,10.0,Running
5046,164.0,37.3,98.0,9.0,Running
5047,177.0,37.9,92.0,8.0,Running
5048,124.0,37.2,94.0,10.0,Running
5049,159.0,37.8,94.0,10.0,Running
5050,138.0,37.2,95.0,8.0,Running
5051,177.0,37.6,95.0,9.0,Running
5052,126.0,37.4,94.0,10.0,Running
5053,134.0,37.5,95.0,10.0,Running
5054,123.0,37.4,93.0,9.0,Running
5055,145.0,37.8,96.0,10.0,Running
5056,142.0,37.5,93.0,10.0,Running
5057,136.0,37.7,94.0,9.0,Running
5058,166.0,37.3,98.0,9.0,Running
5059,161.0,37.9,96.0,10.0,Running
5060,176.0,37.5,93.0,9.0,Running
5061,178.0,37.8,97.0,8.0,Running
5062,161.0,37.4,95.0,10.0,Running
5063,149.0,37.3,97.0,10.0,Running
5064,127.0,37.9,93.0,8.0,Running
5065,129.0,37.7,96.0,9.0,Running
5066,131.0,37.5,96.0,8.0,Running
5067,150.0,37.8,97.0,10.0,Running
5068,156.0,37.1,97.0,9.0,Running
5069,127.0,37.4,98.0,9.0,Running
5070,170.0,37.1,98.0,9.0,Running
5071,143.0,37.6,97.0,8.0,Running
5072,152.0,37.6,92.0,9.0,Running
5073,150.0,37.9,98.0,8.0,Running
5074,132.0,37.3,97.0,9.0,Running
5075,127.0,37.5,93.0,9.0,Running
5076,141.0,37.1,95.0,8.0,Running
5077,136.0,37.3,98.0,9.0,Running
5078,158.0,37.0,95.0,9.0,Running
5079,124.0,37.5,95.0,10.0,Running
5080,142.0,37.3,92.0,8.0,Running
5081,121.0,37.0,93.0,8.0,Running
5082,128.0,37.8,95.0,10.0,Running
5083,156.0,37.4,98.0,9.0,Running
5084,150.0,37.9,96.0,9.0,Running
5085,155.0,37.5,92.0,8.0,Running
5086,175.0,37.0,98.0,9.0,Running
5087,122.0,37.1,98.0,10.0,Running
5088,160.0,37.9,98.0,10.0,Running
5089,155.0,37.3,96.0,10.0,Running
5090,172.0,37.4,95.0,8.0,Running
5091,132.0,37.2,98.0,8.0,Running
5092,123.0,37.2,94.0,8.0,Running
5093,127.0,37.6,95.0,10.0,Running
5094,151.0,37.7,94.0,9.0,Running
5095,137.0,37.1,96.0,9.0,Running
5096,128.0,37.8,94.0,10.0,Running
5097,151.0,37.7,94.0,10.0,Running
5098,122.0,38.0,93.0,8.0,Running
5099,125.0,37.1,96.0,8.0,Running
5100,168.0,37.9,93.0,8.0,Running
5101,169.0,38.0,92.0,9.0,Running
5102,128.0,37.5,98.0,8.0,Running
5103,123.0,37.2,95.0,9.0,Running
5104,138.0,37.7,95.0,10.0,Running
5105,175.0,37.6,92.0,8.0,Running
5106,150.0,37.8,95.0,8.0,Running
5107,162.0,37.4,96.0,9.0,Running
5108,158.0,37.1,94.0,9.0,Running
5109,148.0,37.8,96.0,8.0,Running
5110,161.0,37.0,95.0,8.0,Running
5111,168.0,37.7,94.0,10.0,Running
5112,172.0,37.9,95.0,10.0,Running
5113,148.0,37.1,96.0,8.0,Running
5114,145.0,37.2,98.0,9.0,Running
5115,145.0,37.1,94.0,8.0,Running
5116,173.0,38.0,98.0,9.0,Running
5117,163.0,37.6,95.0,9.0,Running
5118,130.0,37.4,98.0,10.0,Running
5119,121.0,37.5,94.0,8.0,Running
5120,158.0,38.0,97.0,8.0,Running
5121,158.0,37.8,95.0,8.0,Running
5122,161.0,37.7,97.0,10.0,Running
5123,147.0,37.5,92.0,9.0,Running
5124,141.0,38.0,97.0,8.0,Running
5125,148.0,37.3,94.0,8.0,Running
5126,180.0,37.9,98.0,10.0,Running
5127,135.0,37.3,92.0,8.0,Running
5128,134.0,37.6,92.0,10.0,Running
5129,164.0,37.1,92.0,10.0,Running
5130,150.0,37.0,95.0,9.0,Running
5131,132.0,37.6,96.0,9.0,Running
5132,140.0,37.7,97.0,8.0,Running
5133,175.0,37.6,94.0,9.0,Running
5134,172.0,38.0,97.0,9.0,Running
5135,170.0,37.7,93.0,10.0,Running
5136,180.0,38.0,97.0,9.0,Running
5137,149.0,37.1,98.0,8.0,Running
5138,175.0,37.8,92.0,10.0,Running
5139,134.0,37.2,92.0,10.0,Running
5140,159.0,37.4,96.0,8.0,Running
5141,167.0,37.6,97.0,10.0,Running
5142,139.0,37.7,98.0,10.0,Running
5143,126.0,37.9,96.0,9.0,Running
5144,176.0,37.2,96.0,10.0,Running
5145,126.0,37.1,95.0,8.0,Running
5146,161.0,37.3,97.0,10.0,Running
5147,129.0,37.4,98.0,8.0,Running
5148,175.0,38.0,96.0,9.0,Running
5149,171.0,38.0,97.0,8.0,Running
5150,121.0,37.1,94.0,10.0,Running
5151,144.0,37.7,94.0,8.0,Running
5152,137.0,37.1,92.0,8.0,Running
5153,168.0,37.7,97.0,8.0,Running
5154,157.0,37.5,93.0,10.0,Running
5155,135.0,37.4,94.0,10.0,Running
5156,127.0,38.0,92.0,9.0,Running
5157,141.0,37.2,98.0,9.0,Running
5158,168.0,37.5,93.0,10.0,Running
5159,137.0,37.1,98.0,8.0,Running
5160,139.0,37.6,95.0,10.0,Running
5161,167.0,37.7,95.0,9.0,Running
5162,164.0,37.3,96.0,9.0,Running
5163,125.0,37.3,96.0,10.0,Running
5164,128.0,37.9,98.0,9.0,Running
5165,132.0,37.0,97.0,10.0,Running
5166,157.0,37.6,97.0,9.0,Running
5167,175.0,37.0,95.0,10.0,Running
5168,142.0,37.2,95.0,9.0,Running
5169,125.0,37.9,97.0,9.0,Running
5170,167.0,37.8,92.0,8.0,Running
5171,144.0,37.5,93.0,10.0,Running
5172,180.0,37.3,94.0,8.0,Running
5173,175.0,38.0,94.0,9.0,Running
5174,164.0,37.9,95.0,8.0,Running
5175,145.0,37.0,98.0,10.0,Running
5176,167.0,37.4,96.0,9.0,Running
5177,168.0,37.4,94.0,10.0,Running
5178,123.0,37.2,92.0,9.0,Running
5179,139.0,38.0,98.0,8.0,Running
5180,177.0,37.0,98.0,9.0,Running
5181,128.0,37.1,92.0,9.0,Running
5182,177.0,37.4,96.0,10.0,Running
5183,166.0,37.5,93.0,8.0,Running
5184,121.0,37.0,95.0,10.0,Running
5185,167.0,37.8,92.0,10.0,Running
5186,170.0,37.7,92.0,8.0,Running
5187,179.0,37.0,97.0,8.0,Running
5188,155.0,37.5,97.0,10.0,Running
5189,135.0,37.2,94.0,10.0,Running
5190,179.0,37.3,95.0,9.0,Running
5191,167.0,37.4,93.0,8.0,Running
5192,143.0,37.4,92.0,9.0,Running
5193,147.0,37.2,92.0,9.0,Running
5194,134.0,37.0,98.0,8.0,Running
5195,177.0,37.1,96.0,10.0,Running
5196,123.0,37.6,97.0,10.0,Running
5197,140.0,37.8,96.0,10.0,Running
5198,120.0,37.9,92.0,8.0,Running
5199,142.0,37.7,98.0,10.0,Running
5200,141.0,37.5,96.0,10.0,Running
5201,146.0,37.2,95.0,10.0,Running
5202,145.0,37.2,92.0,9.0,Running
5203,156.0,37.9,97.0,9.0,Running
5204,166.0,37.4,93.0,9.0,Running
5205,179.0,37.1,93.0,9.0,Running
5206,140.0,37.7,96.0,10.0,Running
5207,174.0,37.2,97.0,8.0,Running
5208,123.0,37.2,95.0,10.0,Running
5209,134.0,37.5,96.0,8.0,Running
5210,150.0,37.7,94.0,10.0,Running
5211,133.0,37.3,97.0,8.0,Running
5212,138.0,37.6,98.0,8.0,Running
5213,154.0,37.5,96.0,10.0,Running
5214,135.0,37.6,94.0,10.0,Running
5215,161.0,37.5,95.0,8.0,Running
5216,124.0,37.3,95.0,8.0,Running
5217,130.0,37.5,94.0,10.0,Running
5218,131.0,37.6,94.0,8.0,Running
5219,178.0,37.9,97.0,10.0,Running
5220,156.0,37.5,98.0,10.0,Running
5221,160.0,37.1,94.0,8.0,Running
5222,168.0,37.7,94.0,8.0,Running
5223,180.0,37.7,93.0,8.0,Running
5224,128.0,37.5,98.0,9.0,Running
5225,180.0,37.7,92.0,9.0,Running
5226,156.0,37.6,95.0,10.0,Running
5227,157.0,37.8,95.0,8.0,Running
5228,120.0,37.9,93.0,8.0,Running
5229,172.0,37.7,98.0,8.0,Running
5230,172.0,37.6,92.0,8.0,Running
5231,138.0,37.6,95.0,10.0,Running
5232,129.0,37.0,97.0,10.0,Running
5233,151.0,37.0,97.0,10.0,Running
5234,173.0,37.6,96.0,10.0,Running
5235,128.0,37.6,96.0,10.0,Running
5236,144.0,37.2,94.0,10.0,Running
5237,172.0,37.9,96.0,10.0,Running
5238,128.0,37.4,97.0,10.0,Running
5239,153.0,37.8,94.0,8.0,Running
5240,175.0,37.8,97.0,8.0,Running
5241,143.0,37.6,97.0,8.0,Running
5242,173.0,37.3,96.0,10.0,Running
5243,124.0,37.2,95.0,8.0,Running
5244,175.0,37.8,94.0,9.0,Running
5245,163.0,37.3,92.0,10.0,Running
5246,171.0,37.5,96.0,8.0,Running
5247,148.0,37.6,96.0,9.0,Running
5248,171.0,37.5,94.0,10.0,Running
5249,178.0,37.3,95.0,10.0,Running
5250,126.0,37.3,97.0,8.0,Running
5251,178.0,37.9,94.0,10.0,Running
5252,180.0,37.6,92.0,10.0,Running
5253,177.0,37.3,93.0,9.0,Running
5254,143.0,37.2,97.0,9.0,Running
5255,129.0,37.6,98.0,9.0,Running
5256,127.0,37.4,97.0,9.0,Running
5257,161.0,37.8,92.0,8.0,Running
5258,138.0,37.7,93.0,9.0,Running
5259,123.0,37.9,94.0,8.0,Running
5260,160.0,37.6,93.0,8.0,Running
5261,122.0,37.8,94.0,9.0,Running
5262,159.0,37.8,95.0,9.0,Running
5263,141.0,37.8,98.0,9.0,Running
5264,127.0,37.6,92.0,10.0,Running
5265,129.0,37.1,98.0,9.0,Running
5266,129.0,37.1,92.0,10.0,Running
5267,162.0,37.3,96.0,8.0,Running
5268,136.0,37.1,94.0,9.0,Running
5269,122.0,37.0,93.0,9.0,Running
5270,131.0,37.3,98.0,9.0,Running
5271,152.0,37.8,98.0,8.0,Running
5272,132.0,37.0,97.0,8.0,Running
5273,143.0,37.4,93.0,10.0,Running
5274,136.0,37.1,95.0,10.0,Running
5275,166.0,37.2,93.0,10.0,Running
5276,124.0,37.5,92.0,8.0,Running
5277,129.0,37.7,92.0,10.0,Running
5278,148.0,37.5,96.0,10.0,Running
5279,155.0,37.9,95.0,8.0,Running
5280,154.0,37.5,93.0,8.0,Running
5281,123.0,37.7,96.0,9.0,Running
5282,133.0,37.9,96.0,8.0,Running
5283,129.0,37.3,97.0,8.0,Running
5284,162.0,37.8,98.0,10.0,Running
5285,154.0,37.2,97.0,8.0,Running
5286,133.0,37.7,97.0,10.0,Running
5287,169.0,37.6,93.0,10.0,Running
5288,174.0,37.1,94.0,10.0,Running
5289,177.0,37.6,95.0,9.0,Running
5290,174.0,37.0,93.0,10.0,Running
5291,161.0,37.2,93.0,8.0,Running
5292,165.0,37.7,98.0,8.0,Running
5293,126.0,37.3,98.0,8.0,Running
5294,151.0,37.6,94.0,10.0,Running
5295,142.0,37.7,98.0,10.0,Running
5296,120.0,37.5,96.0,8.0,Running
5297,128.0,37.9,93.0,10.0,Running
5298,122.0,37.8,94.0,10.0,Running
5299,132.0,37.3,98.0,10.0,Running
5300,125.0,37.4,92.0,10.0,Running
5301,139.0,37.5,98.0,8.0,Running
5302,142.0,37.6,97.0,8.0,Running
5303,159.0,37.3,98.0,9.0,Running
5304,168.0,37.3,95.0,10.0,Running
5305,137.0,37.9,93.0,8.0,Running
5306,170.0,37.3,93.0,9.0,Running
5307,165.0,37.0,94.0,8.0,Running
5308,125.0,37.6,98.0,8.0,Running
5309,133.0,37.5,93.0,9.0,Running
5310,165.0,37.5,98.0,10.0,Running
5311,127.0,37.3,96.0,9.0,Running
5312,165.0,37.3,98.0,8.0,Running
5313,121.0,37.9,97.0,8.0,Running
5314,128.0,37.8,92.0,9.0,Running
5315,165.0,37.1,97.0,9.0,Running
5316,165.0,37.1,93.0,10.0,Running
5317,170.0,37.3,96.0,10.0,Running
5318,168.0,37.2,94.0,10.0,Running
5319,128.0,37.0,94.0,10.0,Running
5320,121.0,37.7,95.0,9.0,Running
5321,173.0,37.3,92.0,10.0,Running
5322,138.0,37.4,97.0,9.0,Running
5323,180.0,37.4,94.0,10.0,Running
5324,167.0,37.3,92.0,9.0,Running
5325,158.0,37.6,92.0,10.0,Running
5326,159.0,37.5,93.0,10.0,Running
5327,122.0,37.9,92.0,8.0,Running
5328,174.0,37.5,92.0,9.0,Running
5329,179.0,37.3,95.0,9.0,Running
5330,168.0,37.9,95.0,10.0,Running
5331,180.0,37.3,92.0,10.0,Running
5332,177.0,37.7,92.0,10.0,Running
5333,127.0,37.6,96.0,9.0,Running
5334,150.0,37.1,98.0,10.0,Running
5335,142.0,37.1,95.0,9.0,Running
5336,141.0,37.0,95.0,10.0,Running
5337,137.0,37.2,92.0,8.0,Running
5338,134.0,37.3,93.0,10.0,Running
5339,167.0,37.6,97.0,10.0,Running
5340,162.0,37.6,98.0,9.0,Running
5341,179.0,37.4,93.0,8.0,Running
5342,171.0,37.3,95.0,9.0,Running
5343,128.0,37.2,92.0,9.0,Running
5344,155.0,37.6,96.0,8.0,Running
5345,137.0,37.8,98.0,9.0,Running
5346,174.0,37.4,95.0,8.0,Running
5347,175.0,37.1,95.0,8.0,Running
5348,174.0,37.6,93.0,8.0,Running
5349,160.0,37.6,93.0,9.0,Running
5350,166.0,37.5,95.0,9.0,Running
5351,163.0,37.3,92.0,9.0,Running
5352,135.0,37.8,93.0,10.0,Running
5353,132.0,37.5,94.0,8.0,Running
5354,135.0,37.2,95.0,9.0,Running
5355,161.0,37.6,98.0,8.0,Running
5356,123.0,37.0,94.0,8.0,Running
5357,164.0,37.7,98.0,8.0,Running
5358,153.0,37.9,93.0,10.0,Running
5359,157.0,37.4,98.0,9.0,Running
5360,130.0,37.8,97.0,8.0,Running
5361,171.0,37.6,97.0,8.0,Running
5362,137.0,37.6,97.0,8.0,Running
5363,166.0,37.8,96.0,8.0,Running
5364,155.0,37.6,95.0,8.0,Running
5365,161.0,37.5,94.0,10.0,Running
5366,144.0,37.9,92.0,8.0,Running
5367,177.0,38.0,92.0,10.0,Running
5368,152.0,37.6,95.0,8.0,Running
5369,151.0,37.4,97.0,9.0,Running
5370,145.0,37.8,94.0,9.0,Running
5371,160.0,37.5,96.0,8.0,Running
5372,161.0,37.9,92.0,9.0,Running
5373,149.0,37.9,96.0,10.0,Running
5374,161.0,37.2,94.0,8.0,Running
5375,129.0,37.7,95.0,9.0,Running
5376,126.0,37.7,94.0,10.0,Running
5377,167.0,37.0,97.0,8.0,Running
5378,134.0,37.5,95.0,9.0,Running
5379,122.0,37.2,93.0,9.0,Running
5380,121.0,37.6,98.0,10.0,Running
5381,148.0,37.2,95.0,9.0,Running
5382,170.0,37.3,97.0,9.0,Running
5383,180.0,37.9,92.0,9.0,Running
5384,174.0,37.4,93.0,8.0,Running
5385,138.0,37.7,93.0,9.0,Running
5386,134.0,37.9,94.0,8.0,Running
5387,150.0,37.4,97.0,9.0,Running
5388,123.0,37.8,98.0,9.0,Running
5389,151.0,37.1,95.0,9.0,Running
5390,136.0,37.6,95.0,10.0,Running
5391,126.0,37.9,94.0,8.0,Running
5392,149.0,37.3,93.0,8.0,Running
5393,169.0,37.8,92.0,8.0,Running
5394,163.0,37.5,94.0,9.0,Running
5395,135.0,37.8,94.0,10.0,Running
5396,120.0,38.0,98.0,9.0,Running
5397,126.0,37.3,93.0,10.0,Running
5398,166.0,37.2,93.0,10.0,Running
5399,145.0,37.8,96.0,9.0,Running
5400,149.0,37.7,96.0,9.0,Running
5401,180.0,37.1,98.0,10.0,Running
5402,137.0,37.2,95.0,9.0,Running
5403,166.0,37.3,96.0,8.0,Running
5404,134.0,37.4,94.0,10.0,Running
5405,151.0,37.7,95.0,8.0,Running
5406,134.0,37.4,92.0,8.0,Running
5407,171.0,37.2,92.0,9.0,Running
5408,156.0,37.1,97.0,8.0,Running
5409,142.0,37.5,92.0,9.0,Running
5410,170.0,37.9,96.0,9.0,Running
5411,157.0,37.7,93.0,8.0,Running
5412,171.0,37.5,92.0,8.0,Running
5413,135.0,37.6,94.0,9.0,Running
5414,178.0,37.3,93.0,9.0,Running
5415,156.0,37.0,92.0,10.0,Running
5416,129.0,37.3,95.0,9.0,Running
5417,130.0,37.7,92.0,8.0,Running
5418,171.0,37.4,93.0,9.0,Running
5419,143.0,37.2,98.0,10.0,Running
5420,130.0,37.9,96.0,10.0,Running
5421,170.0,38.0,93.0,10.0,Running
5422,122.0,37.4,92.0,9.0,Running
5423,174.0,37.1,98.0,10.0,Running
5424,137.0,37.5,97.0,10.0,Running
5425,122.0,37.1,98.0,9.0,Running
5426,134.0,37.2,94.0,10.0,Running
5427,142.0,37.9,94.0,10.0,Running
5428,159.0,37.5,98.0,8.0,Running
5429,171.0,37.8,93.0,9.0,Running
5430,143.0,37.6,97.0,10.0,Running
5431,179.0,37.9,92.0,8.0,Running
5432,144.0,37.3,95.0,8.0,Running
5433,123.0,38.0,96.0,8.0,Running
5434,177.0,37.4,96.0,8.0,Running
5435,122.0,37.3,97.0,10.0,Running
5436,138.0,37.1,93.0,10.0,Running
5437,169.0,37.1,92.0,10.0,Running
5438,162.0,37.4,92.0,9.0,Running
5439,161.0,37.2,97.0,8.0,Running
5440,143.0,37.3,98.0,8.0,Running
5441,122.0,37.4,92.0,10.0,Running
5442,172.0,38.0,93.0,9.0,Running
5443,140.0,37.6,98.0,8.0,Running
5444,146.0,37.6,92.0,9.0,Running
5445,144.0,37.4,94.0,9.0,Running
5446,150.0,37.4,96.0,9.0,Running
5447,154.0,37.9,94.0,10.0,Running
5448,155.0,37.9,95.0,10.0,Running
5449,179.0,37.6,92.0,9.0,Running
5450,150.0,37.2,96.0,8.0,Running
5451,164.0,37.6,97.0,9.0,Running
5452,135.0,37.1,95.0,10.0,Running
5453,138.0,37.6,94.0,9.0,Running
5454,123.0,37.7,94.0,8.0,Running
5455,127.0,37.5,94.0,9.0,Running
5456,170.0,37.4,98.0,9.0,Running
5457,164.0,37.3,98.0,10.0,Running
5458,157.0,38.0,98.0,10.0,Running
5459,150.0,37.2,93.0,9.0,Running
5460,126.0,37.6,95.0,10.0,Running
5461,134.0,37.5,97.0,9.0,Running
5462,127.0,37.0,96.0,8.0,Running
5463,157.0,37.8,92.0,9.0,Running
5464,179.0,37.5,94.0,8.0,Running
5465,157.0,37.6,94.0,10.0,Running
5466,155.0,37.9,92.0,10.0,Running
5467,153.0,37.2,95.0,8.0,Running
5468,154.0,37.8,95.0,9.0,Running
5469,120.0,37.3,95.0,9.0,Running
5470,137.0,37.1,97.0,8.0,Running
5471,95.0,36.9,91.0,10.0,Seizure
5472,139.0,37.3,88.0,10.0,Seizure
5473,139.0,37.1,94.0,10.0,Seizure
5474,128.0,36.8,89.0,9.0,Seizure
5475,111.0,36.8,94.0,10.0,Seizure
5476,110.0,37.3,95.0,9.0,Seizure
5477,126.0,37.0,92.0,10.0,Seizure
5478,106.0,36.9,89.0,10.0,Seizure
5479,104.0,37.1,91.0,9.0,Seizure
5480,140.0,36.6,95.0,9.0,Seizure
5481,104.0,37.0,90.0,10.0,Seizure
5482,102.0,37.2,93.0,10.0,Seizure
5483,90.0,37.2,90.0,9.0,Seizure
5484,136.0,37.3,88.0,9.0,Seizure
5485,121.0,37.1,94.0,10.0,Seizure
5486,91.0,36.8,89.0,10.0,Seizure
5487,116.0,37.0,89.0,9.0,Seizure
5488,96.0,37.4,90.0,10.0,Seizure
5489,91.0,36.6,91.0,9.0,Seizure
5490,102.0,36.7,89.0,9.0,Seizure
5491,108.0,36.9,88.0,9.0,Seizure
5492,115.0,37.4,94.0,9.0,Seizure
5493,140.0,37.2,94.0,9.0,Seizure
5494,118.0,37.1,89.0,10.0,Seizure
5495,92.0,37.0,89.0,9.0,Seizure
5496,126.0,37.1,94.0,9.0,Seizure
5497,110.0,36.5,92.0,10.0,Seizure
5498,93.0,37.1,89.0,10.0,Seizure
5499,140.0,36.6,92.0,9.0,Seizure
5500,135.0,36.7,90.0,10.0,Seizure
5501,126.0,36.9,89.0,10.0,Seizure
5502,97.0,37.0,93.0,10.0,Seizure
5503,120.0,37.4,93.0,9.0,Seizure
5504,128.0,36.7,93.0,9.0,Seizure
5505,113.0,37.4,90.0,9.0,Seizure
5506,125.0,36.8,88.0,9.0,Seizure
5507,128.0,36.9,93.0,9.0,Seizure
5508,106.0,36.9,89.0,10.0,Seizure
5509,99.0,36.9,92.0,9.0,Seizure
5510,116.0,37.0,91.0,9.0,Seizure
5511,136.0,36.7,90.0,9.0,Seizure
5512,124.0,36.8,95.0,9.0,Seizure
5513,134.0,37.0,94.0,10.0,Seizure
5514,96.0,36.5,94.0,9.0,Seizure
5515,122.0,37.4,92.0,10.0,Seizure
5516,121.0,37.0,94.0,10.0,Seizure
5517,134.0,36.9,94.0,10.0,Seizure
5518,119.0,36.7,89.0,9.0,Seizure
5519,132.0,37.2,93.0,10.0,Seizure
5520,132.0,37.4,89.0,9.0,Seizure
5521,138.0,37.3,95.0,10.0,Seizure
5522,131.0,37.1,90.0,10.0,Seizure
5523,125.0,37.2,94.0,10.0,Seizure
5524,109.0,36.8,94.0,9.0,Seizure
5525,93.0,37.1,91.0,10.0,Seizure
5526,106.0,37.0,88.0,9.0,Seizure
5527,121.0,37.2,88.0,9.0,Seizure
5528,120.0,37.2,94.0,10.0,Seizure
5529,108.0,37.3,92.0,9.0,Seizure
5530,137.0,36.8,89.0,9.0,Seizure
5531,116.0,36.7,91.0,10.0,Seizure
5532,101.0,37.3,91.0,10.0,Seizure
5533,133.0,36.8,92.0,10.0,Seizure
5534,136.0,36.8,94.0,10.0,Seizure
5535,115.0,36.8,95.0,10.0,Seizure
5536,130.0,37.4,95.0,9.0,Seizure
5537,98.0,36.6,89.0,9.0,Seizure
5538,127.0,36.9,88.0,9.0,Seizure
5539,101.0,36.7,93.0,9.0,Seizure
5540,110.0,36.6,88.0,9.0,Seizure
5541,113.0,37.2,91.0,9.0,Seizure
5542,129.0,36.6,91.0,10.0,Seizure
5543,103.0,37.0,94.0,9.0,Seizure
5544,96.0,36.9,91.0,10.0,Seizure
5545,101.0,36.7,94.0,10.0,Seizure
5546,128.0,37.3,88.0,10.0,Seizure
5547,118.0,37.2,94.0,10.0,Seizure
5548,135.0,36.9,94.0,10.0,Seizure
5549,115.0,37.4,89.0,10.0,Seizure
5550,120.0,36.8,91.0,9.0,Seizure
5551,108.0,36.7,90.0,10.0,Seizure
5552,125.0,36.9,94.0,9.0,Seizure
5553,106.0,37.1,95.0,9.0,Seizure
5554,114.0,37.1,93.0,10.0,Seizure
5555,126.0,37.0,93.0,9.0,Seizure
5556,131.0,37.2,88.0,10.0,Seizure
5557,106.0,37.2,95.0,9.0,Seizure
5558,140.0,37.4,88.0,10.0,Seizure
5559,99.0,37.3,94.0,9.0,Seizure
5560,123.0,37.2,93.0,9.0,Seizure
5561,139.0,37.3,90.0,10.0,Seizure
5562,114.0,36.6,90.0,9.0,Seizure
5563,97.0,37.4,90.0,10.0,Seizure
5564,99.0,37.0,88.0,9.0,Seizure
5565,123.0,36.5,91.0,9.0,Seizure
5566,92.0,37.2,94.0,9.0,Seizure
5567,129.0,37.0,92.0,10.0,Seizure
5568,136.0,37.1,93.0,10.0,Seizure
5569,109.0,37.3,89.0,10.0,Seizure
5570,118.0,37.1,89.0,9.0,Seizure
5571,92.0,37.2,92.0,9.0,Seizure
5572,132.0,36.7,90.0,10.0,Seizure
5573,107.0,37.0,94.0,9.0,Seizure
5574,135.0,37.1,90.0,10.0,Seizure
5575,117.0,36.7,92.0,10.0,Seizure
5576,117.0,37.2,89.0,10.0,Seizure
5577,112.0,36.9,93.0,10.0,Seizure
5578,96.0,37.2,95.0,9.0,Seizure
5579,131.0,36.9,95.0,10.0,Seizure
5580,98.0,36.8,94.0,10.0,Seizure
5581,101.0,37.2,92.0,10.0,Seizure
5582,101.0,36.5,89.0,10.0,Seizure
5583,134.0,36.9,88.0,9.0,Seizure
5584,125.0,37.0,94.0,10.0,Seizure
5585,138.0,36.6,94.0,9.0,Seizure
5586,138.0,36.9,88.0,10.0,Seizure
5587,127.0,37.2,91.0,10.0,Seizure
5588,122.0,37.1,90.0,9.0,Seizure
5589,118.0,37.2,93.0,10.0,Seizure
5590,99.0,37.1,94.0,9.0,Seizure
5591,98.0,36.9,89.0,10.0,Seizure
5592,131.0,37.3,89.0,10.0,Seizure
5593,115.0,36.9,95.0,9.0,Seizure
5594,119.0,37.1,94.0,9.0,Seizure
5595,94.0,37.3,93.0,9.0,Seizure
5596,129.0,37.3,89.0,10.0,Seizure
5597,132.0,36.9,92.0,10.0,Seizure
5598,132.0,37.2,89.0,9.0,Seizure
5599,140.0,37.4,94.0,9.0,Seizure
5600,107.0,37.0,95.0,10.0,Seizure
5601,133.0,37.0,91.0,9.0,Seizure
5602,95.0,37.3,89.0,9.0,Seizure
5603,121.0,36.8,93.0,9.0,Seizure
5604,108.0,37.0,91.0,9.0,Seizure
5605,132.0,36.8,91.0,9.0,Seizure
5606,102.0,36.8,92.0,10.0,Seizure
5607,125.0,37.1,93.0,9.0,Seizure
5608,128.0,37.4,89.0,9.0,Seizure
5609,132.0,36.9,93.0,10.0,Seizure
5610,93.0,36.9,94.0,10.0,Seizure
5611,135.0,36.6,90.0,10.0,Seizure
5612,133.0,36.7,88.0,9.0,Seizure
5613,120.0,37.2,95.0,10.0,Seizure
5614,119.0,36.5,93.0,9.0,Seizure
5615,96.0,36.8,95.0,9.0,Seizure
5616,135.0,36.9,88.0,9.0,Seizure
5617,138.0,37.4,93.0,10.0,Seizure
5618,92.0,37.0,95.0,9.0,Seizure
5619,99.0,36.8,93.0,9.0,Seizure
5620,99.0,37.5,94.0,10.0,Seizure
5621,136.0,37.1,92.0,10.0,Seizure
5622,99.0,36.9,92.0,10.0,Seizure
5623,140.0,37.4,90.0,9.0,Seizure
5624,140.0,36.7,94.0,9.0,Seizure
5625,116.0,36.7,88.0,10.0,Seizure
5626,99.0,36.7,90.0,9.0,Seizure
5627,134.0,36.9,89.0,10.0,Seizure
5628,120.0,36.8,90.0,9.0,Seizure
5629,115.0,36.6,95.0,9.0,Seizure
5630,98.0,37.4,94.0,10.0,Seizure
5631,126.0,37.3,94.0,9.0,Seizure
5632,124.0,36.7,94.0,10.0,Seizure
5633,125.0,37.3,88.0,10.0,Seizure
5634,100.0,36.5,88.0,9.0,Seizure
5635,136.0,37.5,89.0,10.0,Seizure
5636,115.0,37.1,90.0,10.0,Seizure
5637,93.0,37.0,91.0,9.0,Seizure
5638,129.0,37.0,92.0,9.0,Seizure
5639,96.0,37.4,94.0,9.0,Seizure
5640,104.0,36.6,90.0,10.0,Seizure
5641,136.0,36.8,89.0,9.0,Seizure
5642,117.0,37.3,92.0,9.0,Seizure
5643,137.0,37.3,88.0,9.0,Seizure
5644,126.0,36.5,95.0,10.0,Seizure
5645,117.0,36.6,93.0,9.0,Seizure
5646,121.0,37.3,89.0,9.0,Seizure
5647,116.0,37.4,91.0,10.0,Seizure
5648,97.0,36.5,88.0,10.0,Seizure
5649,133.0,37.1,95.0,9.0,Seizure
5650,111.0,37.4,91.0,9.0,Seizure
5651,129.0,37.0,91.0,9.0,Seizure
5652,107.0,37.3,95.0,10.0,Seizure
5653,103.0,37.2,94.0,10.0,Seizure
5654,135.0,36.6,88.0,9.0,Seizure
5655,135.0,37.2,94.0,10.0,Seizure
5656,108.0,37.1,88.0,9.0,Seizure
5657,129.0,37.5,92.0,10.0,Seizure
5658,138.0,36.9,91.0,9.0,Seizure
5659,100.0,36.6,93.0,9.0,Seizure
5660,123.0,37.1,89.0,10.0,Seizure
5661,104.0,36.6,90.0,9.0,Seizure
5662,124.0,36.9,91.0,10.0,Seizure
5663,113.0,36.6,94.0,9.0,Seizure
5664,117.0,36.7,94.0,10.0,Seizure
5665,105.0,37.0,89.0,9.0,Seizure
5666,138.0,37.2,95.0,9.0,Seizure
5667,137.0,36.8,90.0,9.0,Seizure
5668,130.0,36.9,90.0,9.0,Seizure
5669,122.0,37.2,92.0,9.0,Seizure
5670,99.0,37.3,91.0,10.0,Seizure
5671,93.0,37.1,92.0,10.0,Seizure
5672,137.0,36.6,95.0,10.0,Seizure
5673,124.0,37.1,89.0,10.0,Seizure
5674,90.0,37.2,95.0,10.0,Seizure
5675,134.0,37.3,92.0,10.0,Seizure
5676,90.0,37.0,93.0,10.0,Seizure
5677,132.0,36.9,90.0,10.0,Seizure
5678,107.0,36.7,92.0,9.0,Seizure
5679,96.0,36.6,93.0,9.0,Seizure
5680,110.0,36.9,95.0,9.0,Seizure
5681,120.0,37.4,95.0,10.0,Seizure
5682,94.0,37.0,92.0,10.0,Seizure
5683,93.0,36.7,88.0,10.0,Seizure
5684,117.0,37.0,92.0,9.0,Seizure
5685,127.0,36.9,92.0,9.0,Seizure
5686,98.0,37.0,89.0,10.0,Seizure
5687,96.0,36.9,93.0,9.0,Seizure
5688,104.0,37.3,93.0,10.0,Seizure
5689,124.0,37.5,91.0,10.0,Seizure
5690,94.0,36.8,95.0,10.0,Seizure
5691,124.0,36.9,90.0,9.0,Seizure
5692,100.0,37.1,89.0,10.0,Seizure
5693,115.0,37.1,89.0,9.0,Seizure
5694,132.0,37.0,90.0,10.0,Seizure
5695,107.0,37.4,94.0,10.0,Seizure
5696,137.0,37.5,88.0,9.0,Seizure
5697,131.0,36.6,89.0,10.0,Seizure
5698,123.0,36.7,90.0,10.0,Seizure
5699,93.0,36.9,91.0,10.0,Seizure
5700,130.0,36.9,95.0,10.0,Seizure
5701,96.0,36.8,93.0,9.0,Seizure
5702,135.0,37.1,94.0,9.0,Seizure
5703,137.0,37.1,91.0,9.0,Seizure
5704,138.0,36.5,94.0,10.0,Seizure
5705,96.0,37.3,89.0,10.0,Seizure
5706,113.0,37.4,91.0,10.0,Seizure
5707,98.0,36.5,88.0,10.0,Seizure
5708,100.0,37.1,88.0,10.0,Seizure
5709,135.0,37.3,94.0,9.0,Seizure
5710,96.0,36.5,89.0,10.0,Seizure
5711,107.0,36.9,93.0,10.0,Seizure
5712,122.0,36.8,90.0,10.0,Seizure
5713,97.0,37.4,90.0,10.0,Seizure
5714,138.0,37.2,92.0,9.0,Seizure
5715,101.0,36.9,92.0,9.0,Seizure
5716,125.0,37.0,90.0,9.0,Seizure
5717,126.0,36.7,92.0,10.0,Seizure
5718,96.0,37.0,93.0,9.0,Seizure
5719,99.0,36.6,90.0,10.0,Seizure
5720,104.0,36.9,92.0,10.0,Seizure
5721,126.0,36.5,94.0,9.0,Seizure
5722,96.0,36.7,88.0,9.0,Seizure
5723,92.0,37.2,88.0,9.0,Seizure
5724,133.0,37.0,95.0,10.0,Seizure
5725,132.0,36.8,93.0,10.0,Seizure
5726,140.0,37.0,90.0,9.0,Seizure
5727,126.0,36.9,88.0,9.0,Seizure
5728,139.0,36.7,88.0,9.0,Seizure
5729,113.0,37.3,88.0,10.0,Seizure
5730,125.0,36.8,90.0,9.0,Seizure
5731,132.0,37.1,93.0,10.0,Seizure
5732,122.0,37.1,94.0,10.0,Seizure
5733,112.0,36.9,94.0,10.0,Seizure
5734,139.0,36.7,95.0,10.0,Seizure
5735,113.0,37.0,91.0,10.0,Seizure
5736,95.0,36.7,90.0,9.0,Seizure
5737,126.0,36.9,89.0,9.0,Seizure
5738,116.0,37.0,95.0,10.0,Seizure
5739,110.0,37.4,91.0,10.0,Seizure
5740,92.0,36.8,94.0,9.0,Seizure
5741,134.0,37.0,95.0,9.0,Seizure
5742,132.0,37.3,95.0,10.0,Seizure
5743,103.0,37.4,94.0,10.0,Seizure
5744,129.0,36.7,95.0,9.0,Seizure
5745,103.0,36.6,95.0,10.0,Seizure
5746,127.0,36.8,89.0,9.0,Seizure
5747,119.0,36.6,90.0,9.0,Seizure
5748,120.0,37.5,94.0,10.0,Seizure
5749,113.0,37.1,92.0,9.0,Seizure
5750,136.0,37.4,88.0,10.0,Seizure
5751,130.0,36.9,95.0,10.0,Seizure
5752,136.0,36.7,94.0,10.0,Seizure
5753,114.0,37.0,90.0,10.0,Seizure
5754,92.0,37.5,92.0,10.0,Seizure
5755,136.0,37.3,93.0,10.0,Seizure
5756,103.0,36.7,92.0,10.0,Seizure
5757,110.0,37.4,89.0,9.0,Seizure
5758,100.0,36.8,92.0,10.0,Seizure
5759,116.0,37.1,89.0,9.0,Seizure
5760,111.0,36.6,94.0,10.0,Seizure
5761,122.0,37.2,95.0,9.0,Seizure
5762,138.0,37.1,94.0,9.0,Seizure
5763,129.0,37.1,95.0,10.0,Seizure
5764,133.0,37.3,95.0,10.0,Seizure
5765,110.0,36.7,90.0,9.0,Seizure
5766,111.0,37.0,94.0,9.0,Seizure
5767,95.0,37.1,89.0,9.0,Seizure
5768,137.0,37.5,88.0,9.0,Seizure
5769,137.0,37.5,88.0,9.0,Seizure
5770,90.0,36.7,89.0,9.0,Seizure
5771,105.0,36.7,90.0,10.0,Seizure
5772,107.0,36.6,92.0,10.0,Seizure
5773,139.0,37.1,89.0,10.0,Seizure
5774,119.0,36.8,89.0,9.0,Seizure
5775,128.0,36.8,90.0,10.0,Seizure
5776,137.0,36.6,91.0,9.0,Seizure
5777,121.0,36.9,93.0,10.0,Seizure
5778,106.0,36.7,94.0,9.0,Seizure
5779,122.0,37.3,91.0,10.0,Seizure
5780,112.0,36.8,88.0,10.0,Seizure
5781,96.0,36.6,92.0,10.0,Seizure
5782,114.0,37.0,89.0,10.0,Seizure
5783,95.0,37.3,90.0,10.0,Seizure
5784,93.0,36.6,92.0,10.0,Seizure
5785,135.0,37.3,89.0,10.0,Seizure
5786,108.0,37.1,89.0,10.0,Seizure
5787,101.0,37.2,95.0,10.0,Seizure
5788,104.0,37.1,95.0,10.0,Seizure
5789,91.0,36.5,95.0,9.0,Seizure
5790,94.0,37.2,91.0,10.0,Seizure
5791,103.0,36.8,93.0,10.0,Seizure
5792,94.0,37.0,92.0,9.0,Seizure
5793,134.0,36.8,95.0,10.0,Seizure
5794,137.0,37.0,89.0,9.0,Seizure
5795,129.0,36.8,90.0,9.0,Seizure
5796,126.0,36.7,90.0,9.0,Seizure
5797,107.0,36.9,89.0,10.0,Seizure
5798,92.0,37.5,93.0,9.0,Seizure
5799,101.0,37.3,93.0,10.0,Seizure
5800,137.0,37.1,92.0,10.0,Seizure
5801,92.0,36.6,89.0,9.0,Seizure
5802,131.0,37.4,90.0,10.0,Seizure
5803,102.0,37.0,88.0,9.0,Seizure
5804,92.0,37.2,90.0,9.0,Seizure
5805,121.0,37.0,90.0,9.0,Seizure
5806,108.0,36.6,91.0,9.0,Seizure
5807,104.0,37.1,92.0,9.0,Seizure
5808,135.0,36.8,94.0,10.0,Seizure
5809,122.0,37.5,94.0,10.0,Seizure
5810,119.0,36.5,88.0,9.0,Seizure
5811,114.0,36.6,93.0,9.0,Seizure
5812,119.0,36.5,90.0,9.0,Seizure
5813,124.0,37.1,91.0,10.0,Seizure
5814,122.0,36.7,93.0,10.0,Seizure
5815,122.0,36.7,93.0,9.0,Seizure
5816,119.0,37.2,95.0,10.0,Seizure
5817,97.0,36.7,88.0,9.0,Seizure
5818,101.0,37.1,94.0,9.0,Seizure
5819,102.0,37.3,95.0,10.0,Seizure
5820,118.0,37.1,94.0,10.0,Seizure
5821,138.0,37.3,88.0,10.0,Seizure
5822,120.0,37.1,90.0,9.0,Seizure
5823,90.0,36.9,92.0,10.0,Seizure
5824,109.0,37.3,94.0,10.0,Seizure
5825,138.0,37.1,91.0,10.0,Seizure
5826,137.0,36.8,90.0,10.0,Seizure
5827,92.0,37.2,91.0,9.0,Seizure
5828,99.0,36.6,94.0,9.0,Seizure
5829,91.0,36.9,88.0,9.0,Seizure
5830,111.0,37.4,89.0,9.0,Seizure
5831,97.0,37.3,94.0,10.0,Seizure
5832,135.0,36.6,94.0,9.0,Seizure
5833,91.0,37.5,88.0,10.0,Seizure
5834,129.0,37.0,92.0,10.0,Seizure
5835,113.0,37.5,90.0,9.0,Seizure
5836,130.0,37.4,94.0,9.0,Seizure
5837,100.0,36.9,92.0,9.0,Seizure
5838,97.0,36.8,93.0,9.0,Seizure
5839,116.0,36.6,90.0,10.0,Seizure
5840,124.0,36.6,93.0,10.0,Seizure
5841,129.0,37.1,88.0,10.0,Seizure
5842,103.0,37.4,94.0,9.0,Seizure
5843,112.0,37.2,88.0,9.0,Seizure
5844,126.0,37.5,88.0,10.0,Seizure
5845,122.0,36.8,89.0,9.0,Seizure
5846,104.0,37.1,88.0,9.0,Seizure
5847,90.0,37.1,93.0,10.0,Seizure
5848,102.0,37.4,95.0,10.0,Seizure
5849,124.0,37.1,95.0,9.0,Seizure
5850,117.0,37.2,90.0,10.0,Seizure
5851,124.0,37.0,92.0,10.0,Seizure
5852,99.0,37.3,90.0,9.0,Seizure
5853,124.0,37.1,95.0,10.0,Seizure
5854,109.0,36.7,91.0,9.0,Seizure
5855,124.0,36.8,95.0,9.0,Seizure
5856,114.0,37.0,94.0,9.0,Seizure
5857,131.0,36.9,88.0,9.0,Seizure
5858,91.0,37.2,89.0,9.0,Seizure
5859,121.0,37.5,92.0,10.0,Seizure
5860,91.0,37.3,95.0,9.0,Seizure
5861,98.0,36.7,93.0,9.0,Seizure
5862,126.0,36.8,89.0,9.0,Seizure
5863,110.0,37.4,93.0,9.0,Seizure
5864,124.0,37.1,90.0,9.0,Seizure
5865,125.0,37.4,90.0,9.0,Seizure
5866,104.0,36.8,90.0,9.0,Seizure
5867,130.0,36.5,92.0,10.0,Seizure
5868,90.0,37.0,94.0,10.0,Seizure
5869,95.0,36.7,92.0,10.0,Seizure
5870,105.0,36.8,89.0,10.0,Seizure
5871,118.0,37.3,93.0,10.0,Seizure
5872,131.0,37.4,91.0,9.0,Seizure
5873,100.0,37.4,91.0,9.0,Seizure
5874,94.0,36.5,93.0,10.0,Seizure
5875,133.0,37.5,94.0,9.0,Seizure
5876,99.0,37.0,92.0,10.0,Seizure
5877,98.0,37.5,94.0,9.0,Seizure
5878,120.0,37.4,95.0,10.0,Seizure
5879,90.0,37.0,88.0,10.0,Seizure
5880,133.0,37.5,89.0,10.0,Seizure
5881,105.0,36.9,91.0,9.0,Seizure
5882,94.0,37.3,89.0,10.0,Seizure
5883,108.0,37.3,95.0,9.0,Seizure
5884,139.0,36.5,91.0,9.0,Seizure
5885,120.0,37.5,94.0,10.0,Seizure
5886,122.0,37.2,92.0,9.0,Seizure
5887,94.0,37.2,94.0,10.0,Seizure
5888,139.0,36.8,91.0,10.0,Seizure
5889,117.0,36.7,92.0,10.0,Seizure
5890,92.0,36.9,88.0,9.0,Seizure
5891,97.0,37.0,90.0,9.0,Seizure
5892,115.0,36.9,89.0,10.0,Seizure
5893,119.0,36.6,94.0,10.0,Seizure
5894,106.0,37.4,88.0,10.0,Seizure
5895,106.0,36.6,92.0,10.0,Seizure
5896,102.0,37.0,94.0,9.0,Seizure
5897,132.0,36.9,91.0,9.0,Seizure
5898,124.0,36.9,90.0,9.0,Seizure
5899,121.0,37.0,91.0,9.0,Seizure
5900,100.0,37.1,90.0,9.0,Seizure
5901,105.0,37.0,92.0,9.0,Seizure
5902,124.0,37.1,94.0,9.0,Seizure
5903,103.0,37.5,92.0,9.0,Seizure
5904,93.0,37.4,95.0,10.0,Seizure
5905,107.0,37.1,94.0,10.0,Seizure
5906,130.0,36.6,95.0,9.0,Seizure
5907,101.0,37.2,94.0,10.0,Seizure
5908,118.0,37.3,88.0,10.0,Seizure
5909,109.0,36.6,91.0,9.0,Seizure
5910,97.0,37.2,90.0,10.0,Seizure
5911,121.0,36.7,91.0,10.0,Seizure
5912,137.0,37.2,92.0,9.0,Seizure
5913,113.0,36.7,88.0,9.0,Seizure
5914,101.0,36.5,91.0,10.0,Seizure
5915,118.0,36.5,88.0,9.0,Seizure
5916,128.0,37.1,90.0,9.0,Seizure
5917,123.0,37.5,89.0,9.0,Seizure
5918,109.0,37.2,92.0,10.0,Seizure
5919,98.0,36.6,90.0,10.0,Seizure
5920,130.0,36.6,88.0,10.0,Seizure
5921,125.0,36.8,92.0,10.0,Seizure
5922,118.0,37.2,92.0,9.0,Seizure
5923,126.0,36.9,88.0,10.0,Seizure
5924,131.0,37.1,90.0,10.0,Seizure
5925,120.0,36.6,95.0,9.0,Seizure
5926,130.0,37.5,88.0,10.0,Seizure
5927,134.0,37.0,92.0,10.0,Seizure
5928,128.0,36.7,95.0,10.0,Seizure
5929,133.0,37.5,90.0,9.0,Seizure
5930,127.0,36.9,93.0,9.0,Seizure
5931,109.0,36.5,91.0,9.0,Seizure
5932,104.0,37.4,92.0,10.0,Seizure
5933,133.0,36.9,88.0,9.0,Seizure
5934,122.0,36.5,91.0,9.0,Seizure
5935,139.0,36.6,93.0,10.0,Seizure
5936,120.0,37.0,92.0,10.0,Seizure
5937,123.0,37.3,88.0,10.0,Seizure
5938,121.0,36.5,91.0,10.0,Seizure
5939,95.0,37.0,91.0,10.0,Seizure
5940,111.0,37.5,90.0,9.0,Seizure
5941,102.0,36.9,94.0,9.0,Seizure
5942,132.0,37.1,90.0,10.0,Seizure
5943,133.0,37.4,89.0,9.0,Seizure
5944,125.0,36.6,93.0,10.0,Seizure
5945,94.0,37.2,88.0,9.0,Seizure
5946,137.0,36.5,91.0,9.0,Seizure
5947,122.0,36.9,92.0,9.0,Seizure
5948,121.0,37.3,92.0,9.0,Seizure
5949,125.0,37.0,95.0,9.0,Seizure
5950,98.0,37.1,89.0,10.0,Seizure
5951,130.0,37.2,88.0,9.0,Seizure
5952,109.0,37.2,94.0,10.0,Seizure
5953,105.0,37.2,94.0,9.0,Seizure
5954,95.0,36.8,91.0,9.0,Seizure
5955,115.0,36.7,92.0,9.0,Seizure
5956,137.0,37.1,92.0,9.0,Seizure
5957,139.0,37.3,94.0,10.0,Seizure
5958,95.0,37.1,88.0,9.0,Seizure
5959,140.0,37.2,95.0,10.0,Seizure
5960,116.0,37.5,92.0,9.0,Seizure
5961,120.0,36.8,95.0,9.0,Seizure
5962,106.0,37.0,93.0,9.0,Seizure
5963,135.0,36.9,90.0,9.0,Seizure
5964,93.0,37.3,88.0,10.0,Seizure
5965,93.0,37.3,93.0,9.0,Seizure
5966,100.0,37.3,92.0,10.0,Seizure
5967,91.0,36.5,92.0,9.0,Seizure
5968,114.0,37.4,92.0,10.0,Seizure
5969,92.0,37.2,91.0,10.0,Seizure
5970,108.0,37.0,89.0,10.0,Seizure
5971,106.0,36.9,91.0,10.0,Seizure
5972,106.0,36.8,95.0,10.0,Seizure
5973,140.0,36.5,89.0,10.0,Seizure
5974,123.0,36.5,94.0,10.0,Seizure
5975,132.0,36.9,94.0,10.0,Seizure
5976,134.0,37.3,95.0,10.0,Seizure
5977,133.0,37.5,93.0,10.0,Seizure
5978,114.0,37.1,88.0,10.0,Seizure
5979,99.0,37.2,89.0,10.0,Seizure
5980,138.0,36.7,92.0,9.0,Seizure
5981,110.0,36.7,92.0,10.0,Seizure
5982,96.0,37.5,88.0,10.0,Seizure
5983,131.0,37.0,94.0,10.0,Seizure
5984,103.0,36.5,92.0,10.0,Seizure
5985,135.0,36.5,88.0,10.0,Seizure
5986,122.0,36.7,92.0,10.0,Seizure
5987,106.0,37.5,88.0,9.0,Seizure
5988,93.0,37.3,90.0,9.0,Seizure
5989,120.0,36.7,93.0,9.0,Seizure
5990,138.0,36.6,95.0,9.0,Seizure
5991,119.0,37.3,91.0,10.0,Seizure
5992,124.0,36.7,95.0,9.0,Seizure
5993,111.0,37.4,94.0,9.0,Seizure
5994,103.0,37.2,92.0,9.0,Seizure
5995,118.0,36.5,90.0,10.0,Seizure
5996,117.0,36.8,94.0,9.0,Seizure
5997,117.0,37.3,91.0,10.0,Seizure
5998,138.0,37.0,94.0,10.0,Seizure
5999,104.0,37.3,88.0,9.0,Seizure
6000,117.0,37.1,91.0,9.0,Seizure
6001,121.0,37.3,89.0,9.0,Seizure
6002,123.0,36.7,88.0,9.0,Seizure
6003,93.0,37.0,88.0,9.0,Seizure
6004,115.0,37.4,88.0,9.0,Seizure
6005,128.0,36.9,91.0,10.0,Seizure
6006,133.0,36.7,90.0,10.0,Seizure
6007,123.0,37.2,90.0,10.0,Seizure
6008,103.0,37.0,93.0,9.0,Seizure
6009,104.0,37.1,88.0,10.0,Seizure
6010,116.0,37.0,90.0,10.0,Seizure
6011,137.0,37.0,92.0,10.0,Seizure
6012,133.0,37.0,95.0,10.0,Seizure
6013,139.0,36.8,94.0,10.0,Seizure
6014,125.0,36.6,90.0,10.0,Seizure
6015,138.0,36.6,91.0,10.0,Seizure
6016,118.0,36.9,89.0,10.0,Seizure
6017,99.0,37.4,94.0,9.0,Seizure
6018,118.0,37.4,91.0,9.0,Seizure
6019,94.0,36.5,91.0,10.0,Seizure
6020,100.0,36.8,93.0,9.0,Seizure
6021,108.0,36.9,95.0,10.0,Seizure
6022,94.0,36.8,95.0,10.0,Seizure
6023,91.0,37.1,88.0,9.0,Seizure
6024,119.0,36.6,92.0,9.0,Seizure
6025,113.0,36.8,95.0,9.0,Seizure
6026,113.0,37.3,91.0,9.0,Seizure
6027,100.0,36.9,90.0,10.0,Seizure
6028,103.0,37.2,89.0,10.0,Seizure
6029,119.0,37.4,94.0,9.0,Seizure
6030,96.0,37.2,95.0,9.0,Seizure
6031,97.0,36.6,95.0,10.0,Seizure
6032,102.0,37.1,89.0,9.0,Seizure
6033,140.0,37.1,90.0,10.0,Seizure
6034,93.0,36.9,88.0,10.0,Seizure
6035,115.0,37.2,89.0,10.0,Seizure
6036,95.0,36.8,93.0,10.0,Seizure
6037,119.0,36.9,91.0,10.0,Seizure
6038,98.0,36.7,89.0,9.0,Seizure
6039,100.0,37.2,90.0,10.0,Seizure
6040,128.0,37.2,95.0,10.0,Seizure
6041,131.0,37.2,91.0,10.0,Seizure
6042,131.0,36.6,93.0,9.0,Seizure
6043,92.0,36.9,94.0,9.0,Seizure
6044,134.0,37.4,94.0,9.0,Seizure
6045,135.0,36.7,92.0,10.0,Seizure
6046,112.0,36.6,94.0,9.0,Seizure
6047,108.0,36.8,95.0,10.0,Seizure
6048,114.0,37.1,88.0,9.0,Seizure
6049,90.0,37.2,93.0,10.0,Seizure
6050,94.0,36.7,90.0,9.0,Seizure
6051,122.0,36.5,92.0,9.0,Seizure
6052,94.0,36.5,95.0,10.0,Seizure
6053,125.0,37.4,91.0,9.0,Seizure
6054,122.0,37.5,88.0,9.0,Seizure
6055,111.0,36.5,90.0,9.0,Seizure
6056,136.0,37.2,93.0,10.0,Seizure
6057,90.0,36.8,92.0,9.0,Seizure
6058,124.0,36.5,92.0,10.0,Seizure
6059,123.0,37.1,94.0,10.0,Seizure
6060,111.0,36.7,94.0,9.0,Seizure
6061,128.0,37.3,92.0,9.0,Seizure
6062,134.0,37.5,90.0,9.0,Seizure
6063,120.0,36.6,91.0,9.0,Seizure
6064,122.0,37.4,89.0,9.0,Seizure
6065,120.0,37.3,88.0,10.0,Seizure
6066,94.0,36.6,88.0,9.0,Seizure
6067,121.0,37.1,93.0,10.0,Seizure
6068,94.0,36.5,90.0,9.0,Seizure
6069,128.0,37.3,90.0,9.0,Seizure
6070,108.0,36.9,94.0,9.0,Seizure
6071,134.0,37.2,90.0,10.0,Seizure
6072,97.0,36.9,93.0,10.0,Seizure
6073,130.0,37.5,95.0,10.0,Seizure
6074,123.0,37.5,90.0,9.0,Seizure
6075,132.0,36.8,95.0,9.0,Seizure
6076,97.0,37.3,89.0,10.0,Seizure
6077,94.0,37.2,94.0,10.0,Seizure
6078,102.0,37.2,94.0,10.0,Seizure
6079,106.0,37.3,91.0,9.0,Seizure
6080,119.0,37.4,89.0,9.0,Seizure
6081,137.0,36.7,95.0,9.0,Seizure
6082,122.0,37.5,88.0,10.0,Seizure
6083,108.0,37.1,88.0,9.0,Seizure
6084,90.0,36.5,89.0,10.0,Seizure
6085,110.0,37.4,95.0,9.0,Seizure
6086,139.0,36.5,95.0,9.0,Seizure
6087,108.0,37.3,91.0,9.0,Seizure
6088,134.0,36.6,93.0,9.0,Seizure
6089,91.0,37.0,90.0,9.0,Seizure
6090,139.0,37.3,88.0,10.0,Seizure
6091,107.0,36.5,90.0,9.0,Seizure
6092,94.0,37.5,88.0,9.0,Seizure
6093,140.0,36.6,89.0,9.0,Seizure
6094,101.0,37.4,92.0,10.0,Seizure
6095,115.0,36.8,92.0,9.0,Seizure
6096,114.0,37.4,88.0,9.0,Seizure
6097,125.0,36.9,93.0,10.0,Seizure
6098,93.0,37.4,88.0,10.0,Seizure
6099,115.0,37.4,95.0,9.0,Seizure
6100,129.0,36.9,93.0,10.0,Seizure
6101,110.0,37.0,91.0,10.0,Seizure
6102,118.0,36.5,88.0,9.0,Seizure
6103,130.0,36.5,94.0,9.0,Seizure
6104,103.0,37.3,94.0,9.0,Seizure
6105,116.0,36.5,94.0,9.0,Seizure
6106,104.0,36.9,91.0,10.0,Seizure
6107,102.0,37.3,88.0,10.0,Seizure
6108,112.0,37.4,92.0,10.0,Seizure
6109,140.0,37.0,93.0,10.0,Seizure
6110,131.0,37.4,89.0,10.0,Seizure
6111,94.0,36.8,91.0,9.0,Seizure
6112,114.0,37.1,89.0,10.0,Seizure
6113,137.0,37.2,95.0,10.0,Seizure
6114,98.0,36.9,92.0,9.0,Seizure
6115,108.0,37.2,88.0,10.0,Seizure
6116,128.0,36.8,94.0,9.0,Seizure
6117,115.0,36.8,88.0,9.0,Seizure
6118,123.0,37.4,88.0,9.0,Seizure
6119,118.0,36.8,88.0,9.0,Seizure
6120,127.0,36.5,93.0,10.0,Seizure
6121,122.0,37.5,90.0,9.0,Seizure
6122,128.0,36.6,94.0,9.0,Seizure
6123,119.0,37.5,89.0,9.0,Seizure
6124,139.0,36.7,94.0,10.0,Seizure
6125,91.0,37.4,91.0,9.0,Seizure
6126,114.0,37.4,92.0,9.0,Seizure
6127,107.0,37.3,89.0,10.0,Seizure
6128,118.0,36.6,89.0,9.0,Seizure
6129,97.0,36.8,90.0,10.0,Seizure
6130,138.0,37.1,88.0,9.0,Seizure
6131,104.0,36.7,88.0,9.0,Seizure
6132,107.0,36.9,90.0,9.0,Seizure
6133,104.0,36.9,95.0,10.0,Seizure
6134,94.0,37.2,88.0,9.0,Seizure
6135,112.0,36.8,92.0,10.0,Seizure
6136,99.0,37.2,89.0,10.0,Seizure
6137,104.0,37.0,88.0,10.0,Seizure
6138,94.0,37.0,89.0,10.0,Seizure
6139,117.0,37.1,89.0,9.0,Seizure
6140,135.0,37.0,93.0,10.0,Seizure
6141,130.0,36.7,92.0,10.0,Seizure
6142,111.0,36.8,95.0,10.0,Seizure
6143,135.0,36.9,88.0,10.0,Seizure
6144,92.0,37.1,88.0,9.0,Seizure
6145,90.0,36.6,94.0,9.0,Seizure
6146,91.0,37.0,90.0,9.0,Seizure
6147,104.0,36.7,89.0,9.0,Seizure
6148,112.0,36.5,95.0,10.0,Seizure
6149,111.0,36.8,89.0,10.0,Seizure
6150,120.0,37.2,94.0,9.0,Seizure
6151,140.0,36.5,93.0,9.0,Seizure
6152,115.0,36.7,92.0,9.0,Seizure
6153,113.0,36.7,88.0,10.0,Seizure
6154,107.0,37.2,95.0,10.0,Seizure
6155,131.0,37.2,93.0,9.0,Seizure
6156,94.0,37.5,88.0,10.0,Seizure
6157,107.0,37.1,95.0,10.0,Seizure
6158,117.0,37.1,95.0,10.0,Seizure
6159,134.0,36.6,93.0,9.0,Seizure
6160,131.0,36.8,89.0,10.0,Seizure
6161,123.0,36.6,90.0,9.0,Seizure
6162,136.0,37.2,88.0,10.0,Seizure
6163,100.0,36.6,94.0,9.0,Seizure
6164,113.0,37.3,88.0,9.0,Seizure
6165,125.0,37.0,92.0,9.0,Seizure
6166,135.0,36.9,88.0,9.0,Seizure
6167,127.0,37.5,88.0,10.0,Seizure
6168,113.0,36.9,89.0,9.0,Seizure
6169,123.0,37.3,94.0,9.0,Seizure
6170,103.0,37.1,89.0,9.0,Seizure
6171,114.0,37.4,89.0,10.0,Seizure
6172,135.0,36.8,92.0,10.0,Seizure
6173,120.0,36.8,88.0,10.0,Seizure
6174,112.0,37.2,88.0,9.0,Seizure
6175,100.0,36.6,90.0,9.0,Seizure
6176,118.0,36.6,89.0,10.0,Seizure
6177,99.0,37.0,88.0,9.0,Seizure
6178,138.0,36.6,89.0,10.0,Seizure
6179,123.0,37.1,92.0,9.0,Seizure
6180,92.0,37.5,88.0,9.0,Seizure
6181,137.0,37.0,94.0,10.0,Seizure
6182,109.0,37.1,89.0,10.0,Seizure
6183,98.0,36.7,91.0,10.0,Seizure
6184,108.0,37.4,93.0,10.0,Seizure
6185,105.0,37.4,92.0,10.0,Seizure
6186,106.0,37.0,95.0,9.0,Seizure
6187,115.0,36.9,89.0,10.0,Seizure
6188,104.0,37.0,95.0,9.0,Seizure
6189,98.0,37.1,89.0,10.0,Seizure
6190,121.0,36.8,91.0,9.0,Seizure
6191,139.0,37.1,91.0,10.0,Seizure
6192,123.0,37.0,89.0,9.0,Seizure
6193,101.0,36.7,94.0,9.0,Seizure
6194,132.0,37.0,91.0,10.0,Seizure
6195,126.0,37.3,91.0,10.0,Seizure
6196,137.0,36.7,95.0,9.0,Seizure
6197,104.0,37.3,95.0,10.0,Seizure
6198,127.0,36.5,90.0,9.0,Seizure
6199,125.0,37.3,95.0,10.0,Seizure
6200,90.0,36.6,91.0,10.0,Seizure
6201,119.0,37.2,92.0,10.0,Seizure
6202,117.0,37.2,92.0,9.0,Seizure
6203,136.0,36.9,95.0,9.0,Seizure
6204,120.0,37.1,89.0,9.0,Seizure
6205,95.0,37.2,95.0,10.0,Seizure
6206,125.0,37.4,90.0,9.0,Seizure
6207,91.0,37.3,90.0,9.0,Seizure
6208,123.0,37.3,93.0,9.0,Seizure
6209,102.0,37.0,93.0,10.0,Seizure
6210,108.0,36.5,90.0,10.0,Seizure
6211,92.0,37.0,89.0,9.0,Seizure
6212,120.0,37.5,91.0,10.0,Seizure
6213,104.0,37.3,94.0,9.0,Seizure
6214,131.0,36.7,90.0,10.0,Seizure
6215,122.0,36.8,95.0,10.0,Seizure
6216,98.0,37.0,94.0,9.0,Seizure
6217,93.0,36.8,94.0,9.0,Seizure
6218,97.0,37.0,91.0,9.0,Seizure
6219,125.0,36.6,92.0,9.0,Seizure
6220,97.0,37.4,88.0,9.0,Seizure
6221,106.0,37.0,94.0,9.0,Seizure
6222,99.0,37.1,95.0,10.0,Seizure
6223,95.0,37.4,94.0,9.0,Seizure
6224,132.0,37.2,89.0,9.0,Seizure
6225,127.0,37.3,89.0,9.0,Seizure
6226,91.0,36.9,89.0,10.0,Seizure
6227,110.0,36.6,93.0,10.0,Seizure
6228,115.0,37.3,90.0,9.0,Seizure
6229,118.0,37.3,90.0,10.0,Seizure
6230,130.0,37.1,89.0,10.0,Seizure
6231,134.0,37.1,90.0,10.0,Seizure
6232,116.0,37.3,88.0,10.0,Seizure
6233,107.0,36.8,94.0,10.0,Seizure
6234,135.0,36.6,95.0,9.0,Seizure
6235,97.0,37.4,88.0,9.0,Seizure
6236,124.0,36.8,88.0,9.0,Seizure
6237,104.0,37.3,88.0,9.0,Seizure
6238,95.0,37.2,94.0,9.0,Seizure
6239,121.0,37.4,92.0,9.0,Seizure
6240,104.0,37.2,92.0,10.0,Seizure
6241,112.0,36.5,92.0,9.0,Seizure
6242,119.0,37.1,88.0,9.0,Seizure
6243,122.0,37.2,91.0,10.0,Seizure
6244,111.0,37.0,92.0,9.0,Seizure
6245,91.0,37.1,92.0,10.0,Seizure
6246,94.0,37.0,88.0,9.0,Seizure
6247,109.0,36.9,90.0,9.0,Seizure
6248,130.0,36.6,90.0,9.0,Seizure
6249,103.0,37.4,95.0,10.0,Seizure
6250,113.0,37.2,89.0,10.0,Seizure
6251,136.0,37.4,94.0,10.0,Seizure
6252,130.0,36.7,89.0,10.0,Seizure
6253,102.0,36.7,94.0,9.0,Seizure
6254,102.0,37.4,95.0,9.0,Seizure
6255,90.0,37.3,89.0,9.0,Seizure
6256,107.0,36.6,88.0,9.0,Seizure
6257,108.0,37.4,93.0,9.0,Seizure
6258,125.0,37.3,92.0,9.0,Seizure
6259,135.0,37.0,91.0,10.0,Seizure
6260,130.0,36.6,88.0,9.0,Seizure
6261,96.0,37.1,90.0,9.0,Seizure
6262,118.0,37.3,88.0,9.0,Seizure
6263,98.0,37.4,91.0,9.0,Seizure
6264,95.0,37.2,94.0,9.0,Seizure
6265,101.0,37.2,90.0,9.0,Seizure
6266,133.0,37.4,95.0,9.0,Seizure
6267,124.0,36.5,91.0,9.0,Seizure
6268,127.0,37.5,90.0,9.0,Seizure
6269,96.0,36.6,92.0,9.0,Seizure
6270,93.0,36.7,88.0,10.0,Seizure
6271,116.0,36.8,91.0,9.0,Seizure
6272,134.0,36.5,90.0,10.0,Seizure
6273,123.0,36.8,93.0,10.0,Seizure
6274,137.0,36.5,89.0,10.0,Seizure
6275,107.0,37.1,90.0,9.0,Seizure
6276,112.0,37.1,94.0,10.0,Seizure
6277,116.0,36.6,88.0,9.0,Seizure
6278,120.0,36.6,91.0,10.0,Seizure
6279,107.0,37.3,89.0,9.0,Seizure
6280,118.0,36.7,91.0,10.0,Seizure
6281,127.0,36.8,88.0,9.0,Seizure
6282,132.0,36.7,95.0,10.0,Seizure
6283,138.0,36.6,91.0,9.0,Seizure
6284,125.0,37.1,92.0,10.0,Seizure
6285,140.0,36.6,93.0,10.0,Seizure
6286,101.0,36.7,94.0,10.0,Seizure
6287,130.0,37.2,88.0,10.0,Seizure
6288,124.0,37.1,89.0,9.0,Seizure
6289,114.0,37.2,90.0,9.0,Seizure
6290,140.0,36.9,95.0,9.0,Seizure
6291,125.0,36.6,91.0,9.0,Seizure
6292,101.0,37.1,91.0,9.0,Seizure
6293,111.0,36.6,90.0,9.0,Seizure
6294,91.0,37.4,94.0,10.0,Seizure
6295,126.0,36.8,94.0,10.0,Seizure
6296,120.0,36.6,92.0,10.0,Seizure
6297,100.0,36.5,94.0,9.0,Seizure
6298,93.0,36.6,89.0,9.0,Seizure
6299,129.0,37.1,94.0,10.0,Seizure
6300,104.0,36.7,89.0,9.0,Seizure
6301,110.0,37.2,91.0,10.0,Seizure
6302,136.0,37.0,89.0,9.0,Seizure
6303,108.0,37.2,88.0,10.0,Seizure
6304,101.0,37.3,92.0,9.0,Seizure
6305,129.0,37.1,88.0,10.0,Seizure
6306,128.0,36.5,89.0,9.0,Seizure
6307,119.0,37.2,90.0,9.0,Seizure
6308,105.0,37.1,95.0,10.0,Seizure
6309,96.0,37.2,92.0,10.0,Seizure
6310,99.0,36.6,90.0,9.0,Seizure
6311,131.0,36.7,92.0,10.0,Seizure
6312,106.0,36.6,93.0,10.0,Seizure
6313,111.0,36.6,92.0,9.0,Seizure
6314,132.0,37.2,91.0,9.0,Seizure
6315,103.0,37.2,90.0,10.0,Seizure
6316,103.0,37.1,89.0,9.0,Seizure
6317,118.0,37.1,90.0,10.0,Seizure
6318,123.0,36.7,95.0,9.0,Seizure
6319,108.0,36.6,90.0,9.0,Seizure
6320,113.0,36.9,92.0,10.0,Seizure
6321,120.0,37.1,89.0,9.0,Seizure
6322,102.0,37.0,91.0,9.0,Seizure
6323,108.0,37.0,89.0,10.0,Seizure
6324,96.0,37.2,93.0,10.0,Seizure
6325,131.0,37.4,89.0,9.0,Seizure
6326,117.0,37.2,92.0,9.0,Seizure
6327,91.0,36.9,94.0,10.0,Seizure
6328,90.0,36.5,95.0,9.0,Seizure
6329,126.0,36.9,95.0,9.0,Seizure
6330,112.0,37.2,89.0,9.0,Seizure
6331,106.0,36.9,94.0,9.0,Seizure
6332,108.0,36.9,94.0,9.0,Seizure
6333,105.0,36.9,94.0,9.0,Seizure
6334,140.0,37.1,89.0,9.0,Seizure
6335,122.0,37.5,94.0,10.0,Seizure
6336,127.0,37.0,88.0,9.0,Seizure
6337,116.0,36.9,94.0,9.0,Seizure
6338,124.0,36.6,90.0,10.0,Seizure
6339,92.0,36.7,94.0,10.0,Seizure
6340,137.0,37.0,90.0,9.0,Seizure
6341,64.0,36.5,99.0,0.0,Sleeping
6342,55.0,36.6,95.0,1.0,Sleeping
6343,53.0,36.7,98.0,0.0,Sleeping
6344,64.0,36.4,95.0,0.0,Sleeping
6345,61.0,36.6,96.0,1.0,Sleeping
6346,63.0,36.4,97.0,0.0,Sleeping
6347,59.0,36.6,98.0,1.0,Sleeping
6348,57.0,36.7,96.0,1.0,Sleeping
6349,51.0,36.3,100.0,1.0,Sleeping
6350,51.0,36.1,97.0,1.0,Sleeping
6351,56.0,36.3,96.0,0.0,Sleeping
6352,52.0,36.2,98.0,1.0,Sleeping
6353,50.0,36.7,100.0,1.0,Sleeping
6354,55.0,36.3,96.0,0.0,Sleeping
6355,58.0,36.0,99.0,1.0,Sleeping
6356,55.0,36.1,97.0,0.0,Sleeping
6357,53.0,36.0,96.0,1.0,Sleeping
6358,63.0,36.5,97.0,1.0,Sleeping
6359,57.0,36.6,99.0,0.0,Sleeping
6360,53.0,36.5,96.0,1.0,Sleeping
6361,54.0,36.3,96.0,0.0,Sleeping
6362,60.0,36.3,97.0,0.0,Sleeping
6363,58.0,36.4,96.0,1.0,Sleeping
6364,60.0,36.5,99.0,1.0,Sleeping
6365,64.0,36.6,97.0,0.0,Sleeping
6366,55.0,36.1,96.0,1.0,Sleeping
6367,65.0,36.3,97.0,1.0,Sleeping
6368,63.0,36.5,100.0,0.0,Sleeping
6369,64.0,36.2,96.0,0.0,Sleeping
6370,52.0,36.4,95.0,1.0,Sleeping
6371,57.0,36.4,98.0,0.0,Sleeping
6372,63.0,36.2,100.0,0.0,Sleeping
6373,53.0,36.0,100.0,0.0,Sleeping
6374,51.0,36.4,99.0,0.0,Sleeping
6375,63.0,36.6,100.0,1.0,Sleeping
6376,51.0,36.0,99.0,0.0,Sleeping
6377,62.0,36.0,99.0,0.0,Sleeping
6378,61.0,36.5,96.0,0.0,Sleeping
6379,57.0,36.5,95.0,0.0,Sleeping
6380,51.0,36.7,95.0,1.0,Sleeping
6381,56.0,36.0,98.0,0.0,Sleeping
6382,56.0,36.0,100.0,0.0,Sleeping
6383,58.0,36.3,99.0,0.0,Sleeping
6384,54.0,36.4,98.0,1.0,Sleeping
6385,63.0,36.1,96.0,1.0,Sleeping
6386,57.0,36.2,97.0,0.0,Sleeping
6387,61.0,36.2,97.0,0.0,Sleeping
6388,56.0,36.6,95.0,0.0,Sleeping
6389,53.0,36.3,97.0,0.0,Sleeping
6390,58.0,36.5,97.0,1.0,Sleeping
6391,56.0,36.3,96.0,0.0,Sleeping
6392,54.0,36.6,96.0,0.0,Sleeping
6393,60.0,36.5,95.0,1.0,Sleeping
6394,64.0,36.0,96.0,0.0,Sleeping
6395,50.0,36.1,99.0,1.0,Sleeping
6396,51.0,36.3,95.0,0.0,Sleeping
6397,65.0,36.3,98.0,1.0,Sleeping
6398,56.0,36.5,95.0,0.0,Sleeping
6399,56.0,36.1,96.0,0.0,Sleeping
6400,52.0,36.5,96.0,1.0,Sleeping
6401,57.0,36.6,95.0,1.0,Sleeping
6402,53.0,36.7,97.0,0.0,Sleeping
6403,50.0,36.6,99.0,0.0,Sleeping
6404,56.0,36.5,96.0,1.0,Sleeping
6405,55.0,36.5,98.0,0.0,Sleeping
6406,61.0,36.5,97.0,0.0,Sleeping
6407,55.0,36.3,99.0,0.0,Sleeping
6408,59.0,36.6,95.0,1.0,Sleeping
6409,58.0,36.6,97.0,1.0,Sleeping
6410,55.0,36.5,97.0,0.0,Sleeping
6411,51.0,36.4,95.0,0.0,Sleeping
6412,62.0,36.1,95.0,0.0,Sleeping
6413,56.0,36.2,100.0,0.0,Sleeping
6414,58.0,36.2,97.0,0.0,Sleeping
6415,56.0,36.3,97.0,0.0,Sleeping
6416,58.0,36.3,96.0,1.0,Sleeping
6417,60.0,36.5,97.0,1.0,Sleeping
6418,54.0,36.1,96.0,0.0,Sleeping
6419,54.0,36.1,98.0,1.0,Sleeping
6420,53.0,36.3,100.0,1.0,Sleeping
6421,58.0,36.3,99.0,0.0,Sleeping
6422,63.0,36.6,97.0,0.0,Sleeping
6423,59.0,36.2,99.0,1.0,Sleeping
6424,51.0,36.1,96.0,0.0,Sleeping
6425,63.0,36.5,98.0,1.0,Sleeping
6426,61.0,36.2,100.0,1.0,Sleeping
6427,55.0,36.3,99.0,1.0,Sleeping
6428,53.0,36.6,100.0,0.0,Sleeping
6429,60.0,36.0,98.0,1.0,Sleeping
6430,61.0,36.6,100.0,0.0,Sleeping
6431,65.0,36.6,100.0,1.0,Sleeping
6432,53.0,36.2,96.0,0.0,Sleeping
6433,61.0,36.5,99.0,0.0,Sleeping
6434,54.0,36.4,97.0,0.0,Sleeping
6435,52.0,36.2,95.0,1.0,Sleeping
6436,63.0,36.6,96.0,1.0,Sleeping
6437,51.0,36.3,100.0,0.0,Sleeping
6438,61.0,36.4,96.0,1.0,Sleeping
6439,59.0,36.6,96.0,1.0,Sleeping
6440,52.0,36.1,98.0,0.0,Sleeping
6441,62.0,36.5,99.0,0.0,Sleeping
6442,54.0,36.4,99.0,1.0,Sleeping
6443,51.0,36.4,95.0,0.0,Sleeping
6444,54.0,36.4,96.0,0.0,Sleeping
6445,52.0,36.1,96.0,1.0,Sleeping
6446,63.0,36.4,99.0,0.0,Sleeping
6447,58.0,36.2,98.0,1.0,Sleeping
6448,63.0,36.4,98.0,0.0,Sleeping
6449,55.0,36.7,96.0,0.0,Sleeping
6450,59.0,36.2,99.0,1.0,Sleeping
6451,64.0,36.5,99.0,0.0,Sleeping
6452,57.0,36.5,100.0,1.0,Sleeping
6453,58.0,36.7,98.0,0.0,Sleeping
6454,62.0,36.2,96.0,1.0,Sleeping
6455,63.0,36.5,97.0,1.0,Sleeping
6456,64.0,36.6,100.0,0.0,Sleeping
6457,51.0,36.5,96.0,1.0,Sleeping
6458,61.0,36.6,100.0,0.0,Sleeping
6459,62.0,36.6,99.0,1.0,Sleeping
6460,61.0,36.5,97.0,1.0,Sleeping
6461,53.0,36.7,98.0,0.0,Sleeping
6462,50.0,36.3,97.0,0.0,Sleeping
6463,61.0,36.2,98.0,0.0,Sleeping
6464,65.0,36.6,96.0,1.0,Sleeping
6465,65.0,36.1,99.0,0.0,Sleeping
6466,62.0,36.2,98.0,1.0,Sleeping
6467,63.0,36.6,98.0,0.0,Sleeping
6468,50.0,36.2,98.0,1.0,Sleeping
6469,57.0,36.1,95.0,1.0,Sleeping
6470,51.0,36.6,99.0,0.0,Sleeping
6471,61.0,36.2,97.0,1.0,Sleeping
6472,56.0,36.3,95.0,0.0,Sleeping
6473,52.0,36.0,100.0,1.0,Sleeping
6474,55.0,36.6,96.0,1.0,Sleeping
6475,56.0,36.5,96.0,0.0,Sleeping
6476,61.0,36.0,95.0,1.0,Sleeping
6477,57.0,36.4,99.0,0.0,Sleeping
6478,55.0,36.4,98.0,0.0,Sleeping
6479,63.0,36.5,100.0,1.0,Sleeping
6480,54.0,36.2,100.0,0.0,Sleeping
6481,62.0,36.4,99.0,1.0,Sleeping
6482,52.0,36.2,100.0,1.0,Sleeping
6483,63.0,36.0,99.0,0.0,Sleeping
6484,65.0,36.3,99.0,1.0,Sleeping
6485,64.0,36.7,96.0,1.0,Sleeping
6486,65.0,36.3,96.0,0.0,Sleeping
6487,56.0,36.5,100.0,0.0,Sleeping
6488,53.0,36.4,96.0,0.0,Sleeping
6489,53.0,36.6,95.0,0.0,Sleeping
6490,54.0,36.5,100.0,1.0,Sleeping
6491,64.0,36.7,96.0,0.0,Sleeping
6492,57.0,36.5,98.0,0.0,Sleeping
6493,50.0,36.2,97.0,1.0,Sleeping
6494,64.0,36.5,98.0,1.0,Sleeping
6495,62.0,36.6,97.0,0.0,Sleeping
6496,51.0,36.1,98.0,1.0,Sleeping
6497,52.0,36.5,100.0,1.0,Sleeping
6498,57.0,36.7,98.0,0.0,Sleeping
6499,57.0,36.3,100.0,0.0,Sleeping
6500,56.0,36.6,96.0,0.0,Sleeping
6501,59.0,36.7,96.0,1.0,Sleeping
6502,53.0,36.6,96.0,1.0,Sleeping
6503,65.0,36.1,100.0,1.0,Sleeping
6504,60.0,36.2,98.0,0.0,Sleeping
6505,61.0,36.2,98.0,1.0,Sleeping
6506,59.0,36.5,98.0,0.0,Sleeping
6507,51.0,36.0,99.0,1.0,Sleeping
6508,58.0,36.3,95.0,0.0,Sleeping
6509,57.0,36.5,95.0,1.0,Sleeping
6510,57.0,36.2,96.0,1.0,Sleeping
6511,55.0,36.4,97.0,1.0,Sleeping
6512,54.0,36.0,99.0,1.0,Sleeping
6513,59.0,36.6,98.0,0.0,Sleeping
6514,54.0,36.3,99.0,1.0,Sleeping
6515,64.0,36.2,97.0,1.0,Sleeping
6516,58.0,36.2,96.0,0.0,Sleeping
6517,59.0,36.6,100.0,0.0,Sleeping
6518,54.0,36.1,100.0,0.0,Sleeping
6519,57.0,36.7,96.0,0.0,Sleeping
6520,60.0,36.0,95.0,0.0,Sleeping
6521,63.0,36.5,97.0,1.0,Sleeping
6522,53.0,36.1,98.0,1.0,Sleeping
6523,62.0,36.1,95.0,0.0,Sleeping
6524,64.0,36.1,99.0,1.0,Sleeping
6525,62.0,36.4,96.0,1.0,Sleeping
6526,56.0,36.5,100.0,0.0,Sleeping
6527,55.0,36.7,99.0,0.0,Sleeping
6528,56.0,36.2,99.0,0.0,Sleeping
6529,57.0,36.0,99.0,1.0,Sleeping
6530,62.0,36.3,97.0,0.0,Sleeping
6531,52.0,36.3,97.0,0.0,Sleeping
6532,56.0,36.3,100.0,1.0,Sleeping
6533,51.0,36.1,98.0,0.0,Sleeping
6534,57.0,36.2,97.0,0.0,Sleeping
6535,53.0,36.4,99.0,0.0,Sleeping
6536,62.0,36.6,99.0,0.0,Sleeping
6537,63.0,36.1,98.0,1.0,Sleeping
6538,55.0,36.6,98.0,1.0,Sleeping
6539,57.0,36.4,98.0,1.0,Sleeping
6540,61.0,36.6,100.0,1.0,Sleeping
6541,64.0,36.5,96.0,1.0,Sleeping
6542,54.0,36.1,98.0,1.0,Sleeping
6543,62.0,36.0,98.0,1.0,Sleeping
6544,51.0,36.2,100.0,1.0,Sleeping
6545,61.0,36.3,99.0,1.0,Sleeping
6546,56.0,36.5,99.0,0.0,Sleeping
6547,53.0,36.5,98.0,0.0,Sleeping
6548,62.0,36.0,98.0,1.0,Sleeping
6549,65.0,36.4,97.0,0.0,Sleeping
6550,55.0,36.2,95.0,0.0,Sleeping
6551,52.0,36.7,96.0,0.0,Sleeping
6552,50.0,36.3,97.0,0.0,Sleeping
6553,58.0,36.2,99.0,0.0,Sleeping
6554,62.0,36.5,100.0,1.0,Sleeping
6555,62.0,36.6,95.0,0.0,Sleeping
6556,61.0,36.3,96.0,0.0,Sleeping
6557,58.0,36.1,96.0,0.0,Sleeping
6558,63.0,36.0,97.0,0.0,Sleeping
6559,52.0,36.4,100.0,1.0,Sleeping
6560,64.0,36.2,100.0,0.0,Sleeping
6561,57.0,36.5,100.0,1.0,Sleeping
6562,56.0,36.3,95.0,0.0,Sleeping
6563,51.0,36.3,100.0,1.0,Sleeping
6564,54.0,36.5,97.0,1.0,Sleeping
6565,65.0,36.4,95.0,1.0,Sleeping
6566,60.0,36.5,96.0,1.0,Sleeping
6567,56.0,36.4,95.0,1.0,Sleeping
6568,56.0,36.2,97.0,0.0,Sleeping
6569,64.0,36.5,99.0,0.0,Sleeping
6570,56.0,36.3,95.0,0.0,Sleeping
6571,65.0,36.0,100.0,1.0,Sleeping
6572,62.0,36.2,95.0,0.0,Sleeping
6573,57.0,36.5,97.0,0.0,Sleeping
6574,53.0,36.2,100.0,1.0,Sleeping
6575,51.0,36.4,95.0,0.0,Sleeping
6576,54.0,36.4,98.0,1.0,Sleeping
6577,50.0,36.5,97.0,1.0,Sleeping
6578,56.0,36.3,97.0,0.0,Sleeping
6579,51.0,36.5,95.0,0.0,Sleeping
6580,61.0,36.6,100.0,1.0,Sleeping
6581,62.0,36.1,98.0,1.0,Sleeping
6582,58.0,36.5,98.0,1.0,Sleeping
6583,55.0,36.3,97.0,1.0,Sleeping
6584,56.0,36.0,95.0,1.0,Sleeping
6585,57.0,36.4,98.0,1.0,Sleeping
6586,64.0,36.5,96.0,0.0,Sleeping
6587,64.0,36.7,96.0,1.0,Sleeping
6588,63.0,36.6,99.0,1.0,Sleeping
6589,60.0,36.1,99.0,1.0,Sleeping
6590,52.0,36.4,99.0,1.0,Sleeping
6591,52.0,36.7,98.0,1.0,Sleeping
6592,59.0,36.6,99.0,0.0,Sleeping
6593,51.0,36.3,100.0,0.0,Sleeping
6594,53.0,36.6,95.0,1.0,Sleeping
6595,59.0,36.7,98.0,1.0,Sleeping
6596,64.0,36.6,96.0,0.0,Sleeping
6597,54.0,36.4,98.0,1.0,Sleeping
6598,56.0,36.5,96.0,1.0,Sleeping
6599,51.0,36.4,99.0,0.0,Sleeping
6600,56.0,36.0,96.0,1.0,Sleeping
6601,52.0,36.0,98.0,1.0,Sleeping
6602,50.0,36.2,99.0,1.0,Sleeping
6603,63.0,36.7,96.0,0.0,Sleeping
6604,56.0,36.1,98.0,0.0,Sleeping
6605,51.0,36.3,99.0,1.0,Sleeping
6606,52.0,36.2,96.0,0.0,Sleeping
6607,61.0,36.1,96.0,0.0,Sleeping
6608,53.0,36.1,99.0,1.0,Sleeping
6609,51.0,36.4,96.0,0.0,Sleeping
6610,63.0,36.6,100.0,1.0,Sleeping
6611,56.0,36.3,99.0,1.0,Sleeping
6612,61.0,36.1,99.0,0.0,Sleeping
6613,50.0,36.2,96.0,1.0,Sleeping
6614,50.0,36.0,98.0,0.0,Sleeping
6615,59.0,36.5,96.0,0.0,Sleeping
6616,59.0,36.2,98.0,1.0,Sleeping
6617,54.0,36.1,95.0,1.0,Sleeping
6618,57.0,36.2,95.0,1.0,Sleeping
6619,58.0,36.5,96.0,1.0,Sleeping
6620,55.0,36.6,99.0,1.0,Sleeping
6621,54.0,36.1,96.0,0.0,Sleeping
6622,62.0,36.2,98.0,1.0,Sleeping
6623,63.0,36.6,99.0,1.0,Sleeping
6624,61.0,36.0,100.0,0.0,Sleeping
6625,65.0,36.4,97.0,1.0,Sleeping
6626,62.0,36.7,98.0,0.0,Sleeping
6627,57.0,36.6,97.0,1.0,Sleeping
6628,56.0,36.5,95.0,1.0,Sleeping
6629,52.0,36.4,97.0,0.0,Sleeping
6630,59.0,36.2,98.0,0.0,Sleeping
6631,53.0,36.1,95.0,1.0,Sleeping
6632,63.0,36.5,99.0,1.0,Sleeping
6633,58.0,36.2,97.0,1.0,Sleeping
6634,61.0,36.5,98.0,0.0,Sleeping
6635,63.0,36.3,97.0,1.0,Sleeping
6636,54.0,36.0,100.0,1.0,Sleeping
6637,53.0,36.3,99.0,1.0,Sleeping
6638,52.0,36.4,99.0,1.0,Sleeping
6639,61.0,36.3,98.0,1.0,Sleeping
6640,56.0,36.0,98.0,0.0,Sleeping
6641,61.0,36.3,95.0,1.0,Sleeping
6642,58.0,36.6,99.0,1.0,Sleeping
6643,65.0,36.1,97.0,0.0,Sleeping
6644,56.0,36.6,98.0,1.0,Sleeping
6645,54.0,36.1,98.0,1.0,Sleeping
6646,64.0,36.6,95.0,0.0,Sleeping
6647,51.0,36.3,95.0,1.0,Sleeping
6648,63.0,36.7,98.0,1.0,Sleeping
6649,63.0,36.7,99.0,0.0,Sleeping
6650,60.0,36.4,96.0,1.0,Sleeping
6651,52.0,36.6,100.0,1.0,Sleeping
6652,53.0,36.2,99.0,1.0,Sleeping
6653,65.0,36.6,97.0,0.0,Sleeping
6654,65.0,36.5,95.0,1.0,Sleeping
6655,55.0,36.4,97.0,1.0,Sleeping
6656,52.0,36.6,99.0,1.0,Sleeping
6657,50.0,36.0,99.0,1.0,Sleeping
6658,50.0,36.1,97.0,0.0,Sleeping
6659,53.0,36.5,99.0,0.0,Sleeping
6660,64.0,36.3,99.0,1.0,Sleeping
6661,65.0,36.2,97.0,0.0,Sleeping
6662,60.0,36.0,98.0,1.0,Sleeping
6663,54.0,36.0,96.0,1.0,Sleeping
6664,54.0,36.1,99.0,1.0,Sleeping
6665,59.0,36.6,97.0,1.0,Sleeping
6666,58.0,36.1,98.0,1.0,Sleeping
6667,54.0,36.3,100.0,1.0,Sleeping
6668,57.0,36.4,100.0,1.0,Sleeping
6669,62.0,36.1,96.0,1.0,Sleeping
6670,53.0,36.7,95.0,0.0,Sleeping
6671,56.0,36.4,95.0,1.0,Sleeping
6672,56.0,36.4,97.0,0.0,Sleeping
6673,65.0,36.6,98.0,0.0,Sleeping
6674,61.0,36.6,100.0,0.0,Sleeping
6675,58.0,36.6,97.0,0.0,Sleeping
6676,55.0,36.1,96.0,1.0,Sleeping
6677,56.0,36.0,100.0,1.0,Sleeping
6678,61.0,36.6,95.0,1.0,Sleeping
6679,50.0,36.4,95.0,1.0,Sleeping
6680,61.0,36.1,99.0,0.0,Sleeping
6681,61.0,36.1,98.0,1.0,Sleeping
6682,51.0,36.6,97.0,1.0,Sleeping
6683,61.0,36.7,99.0,1.0,Sleeping
6684,61.0,36.4,98.0,1.0,Sleeping
6685,54.0,36.3,98.0,1.0,Sleeping
6686,52.0,36.1,98.0,1.0,Sleeping
6687,60.0,36.2,96.0,1.0,Sleeping
6688,51.0,36.6,95.0,1.0,Sleeping
6689,53.0,36.3,100.0,0.0,Sleeping
6690,64.0,36.6,98.0,0.0,Sleeping
6691,60.0,36.5,96.0,0.0,Sleeping
6692,59.0,36.0,97.0,0.0,Sleeping
6693,58.0,36.3,96.0,1.0,Sleeping
6694,63.0,36.4,100.0,1.0,Sleeping
6695,57.0,36.0,97.0,0.0,Sleeping
6696,61.0,36.0,97.0,0.0,Sleeping
6697,51.0,36.6,99.0,0.0,Sleeping
6698,53.0,36.7,97.0,0.0,Sleeping
6699,63.0,36.0,96.0,0.0,Sleeping
6700,55.0,36.5,99.0,1.0,Sleeping
6701,53.0,36.5,97.0,0.0,Sleeping
6702,61.0,36.3,100.0,1.0,Sleeping
6703,60.0,36.6,97.0,1.0,Sleeping
6704,51.0,36.6,95.0,1.0,Sleeping
6705,64.0,36.5,100.0,0.0,Sleeping
6706,65.0,36.7,100.0,1.0,Sleeping
6707,56.0,36.1,96.0,0.0,Sleeping
6708,55.0,36.7,98.0,1.0,Sleeping
6709,57.0,36.1,95.0,1.0,Sleeping
6710,60.0,36.6,95.0,1.0,Sleeping
6711,51.0,36.4,99.0,0.0,Sleeping
6712,52.0,36.2,97.0,1.0,Sleeping
6713,59.0,36.6,100.0,0.0,Sleeping
6714,62.0,36.1,100.0,1.0,Sleeping
6715,55.0,36.7,97.0,1.0,Sleeping
6716,63.0,36.4,96.0,1.0,Sleeping
6717,53.0,36.4,95.0,0.0,Sleeping
6718,63.0,36.7,97.0,1.0,Sleeping
6719,58.0,36.1,95.0,1.0,Sleeping
6720,50.0,36.1,100.0,0.0,Sleeping
6721,57.0,36.1,96.0,1.0,Sleeping
6722,55.0,36.1,97.0,1.0,Sleeping
6723,57.0,36.4,97.0,1.0,Sleeping
6724,50.0,36.3,100.0,1.0,Sleeping
6725,54.0,36.2,95.0,1.0,Sleeping
6726,63.0,36.5,96.0,0.0,Sleeping
6727,50.0,36.4,97.0,1.0,Sleeping
6728,65.0,36.4,95.0,0.0,Sleeping
6729,56.0,36.2,97.0,1.0,Sleeping
6730,60.0,36.6,96.0,1.0,Sleeping
6731,56.0,36.4,99.0,0.0,Sleeping
6732,53.0,36.2,99.0,0.0,Sleeping
6733,62.0,36.5,96.0,0.0,Sleeping
6734,61.0,36.3,100.0,0.0,Sleeping
6735,51.0,36.7,95.0,1.0,Sleeping
6736,56.0,36.6,99.0,0.0,Sleeping
6737,64.0,36.4,98.0,1.0,Sleeping
6738,53.0,36.6,96.0,0.0,Sleeping
6739,59.0,36.4,98.0,0.0,Sleeping
6740,64.0,36.4,98.0,1.0,Sleeping
6741,52.0,36.1,97.0,0.0,Sleeping
6742,55.0,36.1,98.0,0.0,Sleeping
6743,57.0,36.1,96.0,0.0,Sleeping
6744,61.0,36.1,95.0,1.0,Sleeping
6745,62.0,36.1,95.0,0.0,Sleeping
6746,53.0,36.1,99.0,0.0,Sleeping
6747,52.0,36.3,96.0,0.0,Sleeping
6748,52.0,36.0,99.0,1.0,Sleeping
6749,60.0,36.3,99.0,0.0,Sleeping
6750,54.0,36.5,97.0,1.0,Sleeping
6751,60.0,36.6,97.0,1.0,Sleeping
6752,53.0,36.7,99.0,1.0,Sleeping
6753,50.0,36.3,100.0,0.0,Sleeping
6754,65.0,36.2,98.0,1.0,Sleeping
6755,59.0,36.7,100.0,0.0,Sleeping
6756,59.0,36.6,100.0,0.0,Sleeping
6757,57.0,36.7,97.0,0.0,Sleeping
6758,50.0,36.3,100.0,1.0,Sleeping
6759,60.0,36.3,100.0,0.0,Sleeping
6760,65.0,36.5,96.0,1.0,Sleeping
6761,56.0,36.4,99.0,0.0,Sleeping
6762,58.0,36.5,100.0,0.0,Sleeping
6763,57.0,36.6,95.0,0.0,Sleeping
6764,50.0,36.5,96.0,1.0,Sleeping
6765,58.0,36.1,96.0,1.0,Sleeping
6766,60.0,36.2,95.0,1.0,Sleeping
6767,57.0,36.4,96.0,1.0,Sleeping
6768,64.0,36.4,100.0,1.0,Sleeping
6769,51.0,36.4,98.0,0.0,Sleeping
6770,52.0,36.5,98.0,0.0,Sleeping
6771,55.0,36.3,96.0,0.0,Sleeping
6772,59.0,36.6,98.0,1.0,Sleeping
6773,50.0,36.1,97.0,1.0,Sleeping
6774,51.0,36.5,95.0,1.0,Sleeping
6775,51.0,36.0,98.0,0.0,Sleeping
6776,50.0,36.2,95.0,0.0,Sleeping
6777,56.0,36.2,96.0,1.0,Sleeping
6778,50.0,36.5,97.0,1.0,Sleeping
6779,62.0,36.0,98.0,0.0,Sleeping
6780,61.0,36.5,97.0,0.0,Sleeping
6781,51.0,36.5,95.0,0.0,Sleeping
6782,65.0,36.5,97.0,1.0,Sleeping
6783,61.0,36.3,98.0,0.0,Sleeping
6784,62.0,36.0,99.0,0.0,Sleeping
6785,62.0,36.3,100.0,0.0,Sleeping
6786,62.0,36.4,98.0,1.0,Sleeping
6787,56.0,36.1,96.0,1.0,Sleeping
6788,50.0,36.1,99.0,0.0,Sleeping
6789,56.0,36.4,100.0,0.0,Sleeping
6790,53.0,36.7,95.0,1.0,Sleeping
6791,63.0,36.6,96.0,0.0,Sleeping
6792,57.0,36.3,100.0,1.0,Sleeping
6793,65.0,36.4,96.0,1.0,Sleeping
6794,52.0,36.1,99.0,1.0,Sleeping
6795,63.0,36.2,98.0,0.0,Sleeping
6796,59.0,36.1,96.0,0.0,Sleeping
6797,54.0,36.0,99.0,1.0,Sleeping
6798,51.0,36.4,95.0,1.0,Sleeping
6799,58.0,36.0,98.0,0.0,Sleeping
6800,53.0,36.1,98.0,0.0,Sleeping
6801,61.0,36.6,97.0,0.0,Sleeping
6802,63.0,36.1,100.0,0.0,Sleeping
6803,60.0,36.5,95.0,0.0,Sleeping
6804,63.0,36.1,97.0,0.0,Sleeping
6805,57.0,36.4,96.0,1.0,Sleeping
6806,62.0,36.1,98.0,0.0,Sleeping
6807,58.0,36.7,97.0,0.0,Sleeping
6808,58.0,36.1,96.0,0.0,Sleeping
6809,54.0,36.3,96.0,1.0,Sleeping
6810,51.0,36.0,97.0,1.0,Sleeping
6811,57.0,36.2,95.0,1.0,Sleeping
6812,56.0,36.4,99.0,0.0,Sleeping
6813,56.0,36.5,96.0,0.0,Sleeping
6814,59.0,36.5,100.0,0.0,Sleeping
6815,59.0,36.5,99.0,1.0,Sleeping
6816,62.0,36.3,95.0,0.0,Sleeping
6817,60.0,36.0,97.0,1.0,Sleeping
6818,58.0,36.1,96.0,0.0,Sleeping
6819,51.0,36.3,98.0,1.0,Sleeping
6820,50.0,36.2,95.0,1.0,Sleeping
6821,65.0,36.6,99.0,1.0,Sleeping
6822,52.0,36.0,96.0,1.0,Sleeping
6823,51.0,36.5,98.0,0.0,Sleeping
6824,61.0,36.0,99.0,0.0,Sleeping
6825,54.0,36.7,97.0,1.0,Sleeping
6826,64.0,36.4,96.0,1.0,Sleeping
6827,61.0,36.0,98.0,0.0,Sleeping
6828,64.0,36.6,97.0,1.0,Sleeping
6829,62.0,36.2,98.0,1.0,Sleeping
6830,50.0,36.1,98.0,1.0,Sleeping
6831,50.0,36.1,100.0,0.0,Sleeping
6832,50.0,36.3,95.0,0.0,Sleeping
6833,60.0,36.1,97.0,1.0,Sleeping
6834,62.0,36.7,98.0,1.0,Sleeping
6835,61.0,36.2,95.0,1.0,Sleeping
6836,60.0,36.2,98.0,0.0,Sleeping
6837,63.0,36.6,96.0,1.0,Sleeping
6838,50.0,36.5,100.0,0.0,Sleeping
6839,62.0,36.5,95.0,1.0,Sleeping
6840,65.0,36.3,95.0,0.0,Sleeping
6841,62.0,36.1,96.0,0.0,Sleeping
6842,62.0,36.2,97.0,1.0,Sleeping
6843,54.0,36.4,96.0,0.0,Sleeping
6844,50.0,36.2,96.0,1.0,Sleeping
6845,60.0,36.4,97.0,1.0,Sleeping
6846,58.0,36.4,97.0,1.0,Sleeping
6847,53.0,36.6,99.0,1.0,Sleeping
6848,65.0,36.3,96.0,1.0,Sleeping
6849,54.0,36.4,100.0,0.0,Sleeping
6850,54.0,36.3,97.0,1.0,Sleeping
6851,64.0,36.6,99.0,1.0,Sleeping
6852,58.0,36.1,95.0,0.0,Sleeping
6853,65.0,36.4,99.0,0.0,Sleeping
6854,59.0,36.1,100.0,1.0,Sleeping
6855,62.0,36.2,98.0,0.0,Sleeping
6856,61.0,36.3,95.0,0.0,Sleeping
6857,53.0,36.2,97.0,1.0,Sleeping
6858,62.0,36.4,98.0,0.0,Sleeping
6859,64.0,36.4,95.0,1.0,Sleeping
6860,60.0,36.2,99.0,1.0,Sleeping
6861,61.0,36.5,99.0,0.0,Sleeping
6862,63.0,36.0,95.0,1.0,Sleeping
6863,56.0,36.3,97.0,1.0,Sleeping
6864,59.0,36.5,95.0,0.0,Sleeping
6865,55.0,36.4,100.0,1.0,Sleeping
6866,52.0,36.7,95.0,1.0,Sleeping
6867,50.0,36.3,99.0,1.0,Sleeping
6868,56.0,36.3,95.0,1.0,Sleeping
6869,63.0,36.2,99.0,1.0,Sleeping
6870,58.0,36.5,100.0,0.0,Sleeping
6871,63.0,36.2,99.0,0.0,Sleeping
6872,60.0,36.3,96.0,1.0,Sleeping
6873,54.0,36.5,98.0,0.0,Sleeping
6874,62.0,36.0,97.0,0.0,Sleeping
6875,50.0,36.6,96.0,0.0,Sleeping
6876,50.0,36.5,95.0,1.0,Sleeping
6877,54.0,36.4,98.0,0.0,Sleeping
6878,54.0,36.2,96.0,1.0,Sleeping
6879,57.0,36.0,100.0,0.0,Sleeping
6880,52.0,36.3,100.0,1.0,Sleeping
6881,55.0,36.1,99.0,0.0,Sleeping
6882,59.0,36.5,100.0,1.0,Sleeping
6883,50.0,36.3,97.0,0.0,Sleeping
6884,65.0,36.3,96.0,1.0,Sleeping
6885,52.0,36.0,99.0,0.0,Sleeping
6886,54.0,36.4,97.0,1.0,Sleeping
6887,52.0,36.1,99.0,0.0,Sleeping
6888,65.0,36.5,99.0,1.0,Sleeping
6889,56.0,36.2,98.0,1.0,Sleeping
6890,57.0,36.4,98.0,0.0,Sleeping
6891,56.0,36.7,97.0,0.0,Sleeping
6892,51.0,36.3,97.0,0.0,Sleeping
6893,62.0,36.3,96.0,0.0,Sleeping
6894,51.0,36.5,97.0,0.0,Sleeping
6895,55.0,36.6,100.0,1.0,Sleeping
6896,52.0,36.5,98.0,1.0,Sleeping
6897,53.0,36.4,98.0,1.0,Sleeping
6898,63.0,36.5,97.0,1.0,Sleeping
6899,63.0,36.5,96.0,0.0,Sleeping
6900,58.0,36.3,99.0,0.0,Sleeping
6901,56.0,36.1,98.0,0.0,Sleeping
6902,58.0,36.1,97.0,1.0,Sleeping
6903,56.0,36.4,98.0,1.0,Sleeping
6904,60.0,36.5,99.0,0.0,Sleeping
6905,51.0,36.2,96.0,0.0,Sleeping
6906,59.0,36.2,96.0,1.0,Sleeping
6907,54.0,36.5,96.0,1.0,Sleeping
6908,64.0,36.5,96.0,0.0,Sleeping
6909,52.0,36.4,100.0,0.0,Sleeping
6910,58.0,36.0,99.0,1.0,Sleeping
6911,52.0,36.5,97.0,1.0,Sleeping
6912,60.0,36.3,98.0,1.0,Sleeping
6913,50.0,36.3,99.0,0.0,Sleeping
6914,59.0,36.1,95.0,0.0,Sleeping
6915,60.0,36.4,98.0,0.0,Sleeping
6916,52.0,36.5,96.0,0.0,Sleeping
6917,59.0,36.4,100.0,1.0,Sleeping
6918,58.0,36.3,99.0,0.0,Sleeping
6919,63.0,36.1,100.0,0.0,Sleeping
6920,51.0,36.2,100.0,1.0,Sleeping
6921,53.0,36.4,95.0,1.0,Sleeping
6922,63.0,36.6,98.0,0.0,Sleeping
6923,51.0,36.6,95.0,1.0,Sleeping
6924,59.0,36.3,95.0,0.0,Sleeping
6925,59.0,36.4,95.0,1.0,Sleeping
6926,57.0,36.4,96.0,1.0,Sleeping
6927,52.0,36.6,97.0,0.0,Sleeping
6928,60.0,36.7,97.0,1.0,Sleeping
6929,61.0,36.7,97.0,1.0,Sleeping
6930,58.0,36.4,97.0,0.0,Sleeping
6931,55.0,36.7,95.0,0.0,Sleeping
6932,61.0,36.3,95.0,0.0,Sleeping
6933,61.0,36.7,99.0,1.0,Sleeping
6934,51.0,36.3,100.0,0.0,Sleeping
6935,63.0,36.0,97.0,0.0,Sleeping
6936,55.0,36.0,97.0,0.0,Sleeping
6937,51.0,36.2,95.0,0.0,Sleeping
6938,54.0,36.0,98.0,0.0,Sleeping
6939,55.0,36.6,100.0,1.0,Sleeping
6940,51.0,36.6,97.0,1.0,Sleeping
6941,63.0,36.1,95.0,1.0,Sleeping
6942,63.0,36.7,98.0,0.0,Sleeping
6943,64.0,36.7,99.0,0.0,Sleeping
6944,58.0,36.2,96.0,1.0,Sleeping
6945,59.0,36.3,99.0,0.0,Sleeping
6946,56.0,36.7,98.0,0.0,Sleeping
6947,56.0,36.1,99.0,1.0,Sleeping
6948,55.0,36.7,99.0,1.0,Sleeping
6949,57.0,36.2,99.0,1.0,Sleeping
6950,62.0,36.1,100.0,1.0,Sleeping
6951,58.0,36.1,96.0,0.0,Sleeping
6952,63.0,36.4,95.0,1.0,Sleeping
6953,57.0,36.2,98.0,0.0,Sleeping
6954,65.0,36.7,96.0,1.0,Sleeping
6955,65.0,36.4,97.0,0.0,Sleeping
6956,63.0,36.4,97.0,0.0,Sleeping
6957,61.0,36.3,99.0,0.0,Sleeping
6958,65.0,36.1,99.0,1.0,Sleeping
6959,50.0,36.0,97.0,1.0,Sleeping
6960,58.0,36.6,100.0,0.0,Sleeping
6961,65.0,36.7,97.0,1.0,Sleeping
6962,56.0,36.3,99.0,0.0,Sleeping
6963,64.0,36.1,99.0,0.0,Sleeping
6964,64.0,36.1,99.0,0.0,Sleeping
6965,56.0,36.1,99.0,0.0,Sleeping
6966,63.0,36.4,96.0,0.0,Sleeping
6967,65.0,36.5,100.0,0.0,Sleeping
6968,60.0,36.5,99.0,1.0,Sleeping
6969,56.0,36.3,97.0,0.0,Sleeping
6970,58.0,36.4,99.0,1.0,Sleeping
6971,58.0,36.4,99.0,0.0,Sleeping
6972,65.0,36.4,97.0,1.0,Sleeping
6973,53.0,36.5,96.0,0.0,Sleeping
6974,64.0,36.7,100.0,0.0,Sleeping
6975,50.0,36.6,97.0,0.0,Sleeping
6976,62.0,36.2,98.0,0.0,Sleeping
6977,52.0,36.3,96.0,0.0,Sleeping
6978,57.0,36.3,97.0,0.0,Sleeping
6979,57.0,36.7,95.0,0.0,Sleeping
6980,52.0,36.1,100.0,1.0,Sleeping
6981,52.0,36.1,100.0,0.0,Sleeping
6982,50.0,36.5,95.0,1.0,Sleeping
6983,57.0,36.1,100.0,1.0,Sleeping
6984,56.0,36.1,99.0,0.0,Sleeping
6985,52.0,36.2,96.0,0.0,Sleeping
6986,53.0,36.2,95.0,1.0,Sleeping
6987,58.0,36.7,97.0,1.0,Sleeping
6988,65.0,36.2,100.0,1.0,Sleeping
6989,62.0,36.6,98.0,1.0,Sleeping
6990,54.0,36.3,98.0,1.0,Sleeping
6991,50.0,36.2,96.0,1.0,Sleeping
6992,55.0,36.4,98.0,1.0,Sleeping
6993,59.0,36.1,99.0,1.0,Sleeping
6994,61.0,36.2,95.0,1.0,Sleeping
6995,59.0,36.3,95.0,1.0,Sleeping
6996,52.0,36.5,95.0,1.0,Sleeping
6997,63.0,36.7,98.0,0.0,Sleeping
6998,59.0,36.4,96.0,1.0,Sleeping
6999,61.0,36.2,100.0,0.0,Sleeping
7000,54.0,36.4,100.0,1.0,Sleeping
7001,52.0,36.5,99.0,1.0,Sleeping
7002,56.0,36.5,100.0,1.0,Sleeping
7003,55.0,36.1,99.0,1.0,Sleeping
7004,50.0,36.5,97.0,1.0,Sleeping
7005,53.0,36.4,98.0,1.0,Sleeping
7006,59.0,36.6,98.0,0.0,Sleeping
7007,58.0,36.7,100.0,0.0,Sleeping
7008,52.0,36.2,95.0,0.0,Sleeping
7009,51.0,36.0,96.0,0.0,Sleeping
7010,62.0,36.0,98.0,1.0,Sleeping
7011,52.0,36.5,97.0,1.0,Sleeping
7012,65.0,36.2,97.0,0.0,Sleeping
7013,56.0,36.6,98.0,0.0,Sleeping
7014,57.0,36.5,99.0,0.0,Sleeping
7015,56.0,36.1,96.0,1.0,Sleeping
7016,63.0,36.1,96.0,0.0,Sleeping
7017,53.0,36.4,95.0,1.0,Sleeping
7018,57.0,36.3,96.0,0.0,Sleeping
7019,58.0,36.2,96.0,1.0,Sleeping
7020,65.0,36.1,99.0,0.0,Sleeping
7021,55.0,36.5,96.0,0.0,Sleeping
7022,58.0,36.1,98.0,1.0,Sleeping
7023,56.0,36.4,100.0,1.0,Sleeping
7024,58.0,36.5,97.0,1.0,Sleeping
7025,65.0,36.1,96.0,0.0,Sleeping
7026,53.0,36.5,99.0,0.0,Sleeping
7027,59.0,36.1,95.0,1.0,Sleeping
7028,65.0,36.6,96.0,0.0,Sleeping
7029,59.0,36.7,100.0,1.0,Sleeping
7030,62.0,36.1,97.0,0.0,Sleeping
7031,63.0,36.1,97.0,1.0,Sleeping
7032,56.0,36.5,96.0,0.0,Sleeping
7033,64.0,36.5,97.0,1.0,Sleeping
7034,62.0,36.2,99.0,1.0,Sleeping
7035,64.0,36.4,100.0,0.0,Sleeping
7036,58.0,36.6,96.0,0.0,Sleeping
7037,53.0,36.4,97.0,0.0,Sleeping
7038,55.0,36.7,97.0,0.0,Sleeping
7039,51.0,36.7,99.0,0.0,Sleeping
7040,54.0,36.4,97.0,1.0,Sleeping
7041,63.0,36.2,95.0,0.0,Sleeping
7042,56.0,36.6,98.0,1.0,Sleeping
7043,52.0,36.1,98.0,1.0,Sleeping
7044,65.0,36.2,96.0,0.0,Sleeping
7045,59.0,36.6,96.0,0.0,Sleeping
7046,64.0,36.7,95.0,0.0,Sleeping
7047,61.0,36.0,95.0,1.0,Sleeping
7048,52.0,36.2,97.0,1.0,Sleeping
7049,56.0,36.6,99.0,1.0,Sleeping
7050,55.0,36.3,100.0,1.0,Sleeping
7051,56.0,36.4,97.0,0.0,Sleeping
7052,64.0,36.4,97.0,1.0,Sleeping
7053,52.0,36.3,99.0,0.0,Sleeping
7054,56.0,36.7,98.0,0.0,Sleeping
7055,53.0,36.2,99.0,0.0,Sleeping
7056,54.0,36.6,96.0,1.0,Sleeping
7057,51.0,36.2,100.0,1.0,Sleeping
7058,60.0,36.4,96.0,1.0,Sleeping
7059,58.0,36.0,97.0,0.0,Sleeping
7060,53.0,36.0,97.0,1.0,Sleeping
7061,51.0,36.1,95.0,0.0,Sleeping
7062,50.0,36.7,100.0,1.0,Sleeping
7063,59.0,36.3,96.0,0.0,Sleeping
7064,51.0,36.2,96.0,0.0,Sleeping
7065,64.0,36.4,95.0,0.0,Sleeping
7066,65.0,36.5,96.0,1.0,Sleeping
7067,64.0,36.1,95.0,1.0,Sleeping
7068,63.0,36.5,95.0,0.0,Sleeping
7069,59.0,36.2,100.0,1.0,Sleeping
7070,62.0,36.6,99.0,0.0,Sleeping
7071,51.0,36.1,95.0,0.0,Sleeping
7072,60.0,36.4,96.0,1.0,Sleeping
7073,56.0,36.4,100.0,1.0,Sleeping
7074,62.0,36.0,100.0,0.0,Sleeping
7075,64.0,36.2,98.0,0.0,Sleeping
7076,53.0,36.7,100.0,0.0,Sleeping
7077,56.0,36.7,97.0,0.0,Sleeping
7078,58.0,36.2,96.0,1.0,Sleeping
7079,59.0,36.2,98.0,1.0,Sleeping
7080,56.0,36.2,96.0,1.0,Sleeping
7081,52.0,36.1,98.0,1.0,Sleeping
7082,51.0,36.2,97.0,1.0,Sleeping
7083,64.0,36.4,96.0,1.0,Sleeping
7084,55.0,36.1,99.0,1.0,Sleeping
7085,65.0,36.4,99.0,0.0,Sleeping
7086,54.0,36.3,97.0,1.0,Sleeping
7087,52.0,36.2,99.0,1.0,Sleeping
7088,63.0,36.2,95.0,1.0,Sleeping
7089,55.0,36.7,98.0,1.0,Sleeping
7090,55.0,36.4,99.0,0.0,Sleeping
7091,65.0,36.5,98.0,0.0,Sleeping
7092,58.0,36.7,99.0,1.0,Sleeping
7093,53.0,36.6,97.0,1.0,Sleeping
7094,61.0,36.7,97.0,1.0,Sleeping
7095,61.0,36.5,100.0,1.0,Sleeping
7096,52.0,36.6,100.0,0.0,Sleeping
7097,58.0,36.6,98.0,1.0,Sleeping
7098,58.0,36.4,97.0,1.0,Sleeping
7099,59.0,36.4,96.0,0.0,Sleeping
7100,60.0,36.5,97.0,1.0,Sleeping
7101,50.0,36.1,96.0,0.0,Sleeping
7102,51.0,36.5,100.0,0.0,Sleeping
7103,50.0,36.7,100.0,0.0,Sleeping
7104,61.0,36.2,96.0,0.0,Sleeping
7105,59.0,36.6,95.0,0.0,Sleeping
7106,50.0,36.4,98.0,1.0,Sleeping
7107,58.0,36.1,95.0,1.0,Sleeping
7108,61.0,36.6,95.0,1.0,Sleeping
7109,61.0,36.6,96.0,1.0,Sleeping
7110,51.0,36.7,98.0,0.0,Sleeping
7111,50.0,36.4,100.0,0.0,Sleeping
7112,62.0,36.3,100.0,0.0,Sleeping
7113,61.0,36.5,97.0,1.0,Sleeping
7114,59.0,36.6,95.0,0.0,Sleeping
7115,53.0,36.7,95.0,0.0,Sleeping
7116,55.0,36.4,100.0,0.0,Sleeping
7117,62.0,36.3,99.0,0.0,Sleeping
7118,58.0,36.5,100.0,0.0,Sleeping
7119,56.0,36.5,97.0,1.0,Sleeping
7120,65.0,36.7,98.0,1.0,Sleeping
7121,56.0,36.5,98.0,0.0,Sleeping
7122,64.0,36.4,96.0,0.0,Sleeping
7123,57.0,36.6,95.0,0.0,Sleeping
7124,64.0,36.2,99.0,0.0,Sleeping
7125,65.0,36.4,95.0,0.0,Sleeping
7126,61.0,36.3,95.0,0.0,Sleeping
7127,50.0,36.6,96.0,1.0,Sleeping
7128,54.0,36.4,98.0,1.0,Sleeping
7129,64.0,36.5,96.0,1.0,Sleeping
7130,61.0,36.5,100.0,0.0,Sleeping
7131,51.0,36.6,97.0,0.0,Sleeping
7132,54.0,36.2,100.0,0.0,Sleeping
7133,54.0,36.2,100.0,1.0,Sleeping
7134,65.0,36.3,100.0,0.0,Sleeping
7135,54.0,36.2,98.0,1.0,Sleeping
7136,56.0,36.0,98.0,1.0,Sleeping
7137,55.0,36.5,100.0,0.0,Sleeping
7138,65.0,36.6,97.0,1.0,Sleeping
7139,61.0,36.7,100.0,0.0,Sleeping
7140,57.0,36.1,100.0,0.0,Sleeping
7141,51.0,36.6,100.0,0.0,Sleeping
7142,56.0,36.6,100.0,0.0,Sleeping
7143,61.0,36.1,96.0,0.0,Sleeping
7144,53.0,36.6,99.0,0.0,Sleeping
7145,56.0,36.0,100.0,0.0,Sleeping
7146,52.0,36.4,99.0,0.0,Sleeping
7147,59.0,36.4,95.0,0.0,Sleeping
7148,50.0,36.3,98.0,1.0,Sleeping
7149,65.0,36.2,95.0,1.0,Sleeping
7150,61.0,36.6,95.0,1.0,Sleeping
7151,54.0,36.3,100.0,0.0,Sleeping
7152,56.0,36.0,100.0,1.0,Sleeping
7153,51.0,36.6,99.0,1.0,Sleeping
7154,63.0,36.1,95.0,0.0,Sleeping
7155,64.0,36.5,98.0,0.0,Sleeping
7156,55.0,36.3,99.0,1.0,Sleeping
7157,54.0,36.4,99.0,0.0,Sleeping
7158,61.0,36.1,97.0,1.0,Sleeping
7159,51.0,36.1,100.0,1.0,Sleeping
7160,64.0,36.1,95.0,0.0,Sleeping
7161,59.0,36.4,98.0,1.0,Sleeping
7162,63.0,36.6,99.0,0.0,Sleeping
7163,53.0,36.3,96.0,0.0,Sleeping
7164,55.0,36.6,98.0,0.0,Sleeping
7165,50.0,36.2,99.0,0.0,Sleeping
7166,52.0,36.0,100.0,1.0,Sleeping
7167,51.0,36.6,100.0,0.0,Sleeping
7168,62.0,36.6,95.0,1.0,Sleeping
7169,53.0,36.4,96.0,1.0,Sleeping
7170,51.0,36.3,97.0,1.0,Sleeping
7171,63.0,36.4,97.0,0.0,Sleeping
7172,55.0,36.6,98.0,1.0,Sleeping
7173,65.0,36.4,97.0,1.0,Sleeping
7174,63.0,36.4,100.0,1.0,Sleeping
7175,52.0,36.4,99.0,0.0,Sleeping
7176,56.0,36.3,97.0,0.0,Sleeping
7177,52.0,36.2,95.0,1.0,Sleeping
7178,61.0,36.1,99.0,0.0,Sleeping
7179,54.0,36.4,95.0,1.0,Sleeping
7180,56.0,36.1,97.0,1.0,Sleeping
7181,53.0,36.3,99.0,1.0,Sleeping
7182,50.0,36.6,100.0,0.0,Sleeping
7183,65.0,36.3,100.0,1.0,Sleeping
7184,63.0,36.6,97.0,1.0,Sleeping
7185,58.0,36.4,100.0,0.0,Sleeping
7186,61.0,36.1,97.0,1.0,Sleeping
7187,62.0,36.0,95.0,1.0,Sleeping
7188,58.0,36.1,98.0,1.0,Sleeping
7189,52.0,36.7,96.0,0.0,Sleeping
7190,61.0,36.6,98.0,0.0,Sleeping
7191,63.0,36.5,99.0,1.0,Sleeping
7192,59.0,36.6,95.0,1.0,Sleeping
7193,57.0,36.5,97.0,1.0,Sleeping
7194,60.0,36.3,99.0,0.0,Sleeping
7195,64.0,36.4,99.0,0.0,Sleeping
7196,62.0,36.5,98.0,1.0,Sleeping
7197,57.0,36.5,96.0,0.0,Sleeping
7198,62.0,36.1,97.0,1.0,Sleeping
7199,57.0,36.3,100.0,1.0,Sleeping
7200,56.0,36.2,95.0,1.0,Sleeping
7201,51.0,36.1,96.0,0.0,Sleeping
7202,61.0,36.6,100.0,1.0,Sleeping
7203,52.0,36.4,95.0,0.0,Sleeping
7204,61.0,36.1,97.0,0.0,Sleeping
7205,64.0,36.1,97.0,0.0,Sleeping
7206,58.0,36.5,95.0,1.0,Sleeping
7207,57.0,36.2,96.0,1.0,Sleeping
7208,50.0,36.1,98.0,0.0,Sleeping
7209,53.0,36.4,95.0,0.0,Sleeping
7210,56.0,36.5,100.0,1.0,Sleeping
7211,62.0,36.5,95.0,0.0,Sleeping
7212,64.0,36.5,98.0,0.0,Sleeping
7213,65.0,36.2,97.0,1.0,Sleeping
7214,60.0,36.5,99.0,0.0,Sleeping
7215,63.0,36.4,95.0,1.0,Sleeping
7216,51.0,36.6,97.0,0.0,Sleeping
7217,53.0,36.4,99.0,0.0,Sleeping
7218,63.0,36.1,95.0,1.0,Sleeping
7219,52.0,36.5,100.0,1.0,Sleeping
7220,57.0,36.4,100.0,0.0,Sleeping
7221,50.0,36.4,97.0,1.0,Sleeping
7222,52.0,36.3,97.0,1.0,Sleeping
7223,52.0,36.3,95.0,0.0,Sleeping
7224,54.0,36.5,100.0,0.0,Sleeping
7225,61.0,36.5,100.0,0.0,Sleeping
7226,51.0,36.3,96.0,0.0,Sleeping
7227,59.0,36.4,98.0,1.0,Sleeping
7228,52.0,36.2,97.0,1.0,Sleeping
7229,51.0,36.4,97.0,1.0,Sleeping
7230,62.0,36.4,99.0,1.0,Sleeping
7231,57.0,36.1,95.0,1.0,Sleeping
7232,64.0,36.1,97.0,0.0,Sleeping
7233,56.0,36.7,98.0,1.0,Sleeping
7234,53.0,36.1,100.0,0.0,Sleeping
7235,50.0,36.3,98.0,1.0,Sleeping
7236,55.0,36.4,100.0,0.0,Sleeping
7237,59.0,36.5,97.0,0.0,Sleeping
7238,60.0,36.0,100.0,0.0,Sleeping
7239,65.0,36.2,96.0,1.0,Sleeping
7240,60.0,36.4,100.0,1.0,Sleeping
7241,53.0,36.5,98.0,0.0,Sleeping
7242,60.0,36.6,95.0,0.0,Sleeping
7243,61.0,36.4,98.0,1.0,Sleeping
7244,53.0,36.6,99.0,1.0,Sleeping
7245,53.0,36.4,96.0,1.0,Sleeping
7246,60.0,36.4,97.0,1.0,Sleeping
7247,65.0,36.5,99.0,1.0,Sleeping
7248,58.0,36.2,95.0,1.0,Sleeping
7249,58.0,36.5,98.0,0.0,Sleeping
7250,62.0,36.2,98.0,0.0,Sleeping
7251,63.0,36.4,98.0,0.0,Sleeping
7252,60.0,36.4,99.0,1.0,Sleeping
7253,57.0,36.4,96.0,1.0,Sleeping
7254,64.0,36.6,95.0,1.0,Sleeping
7255,60.0,36.1,97.0,0.0,Sleeping
7256,54.0,36.1,95.0,0.0,Sleeping
7257,57.0,36.2,100.0,1.0,Sleeping
7258,59.0,36.4,100.0,1.0,Sleeping
7259,52.0,36.4,100.0,1.0,Sleeping
7260,58.0,36.6,95.0,1.0,Sleeping
7261,64.0,36.3,96.0,1.0,Sleeping
7262,52.0,36.4,95.0,0.0,Sleeping
7263,52.0,36.1,97.0,1.0,Sleeping
7264,65.0,36.1,99.0,0.0,Sleeping
7265,51.0,36.2,99.0,1.0,Sleeping
7266,62.0,36.2,98.0,0.0,Sleeping
7267,60.0,36.1,98.0,1.0,Sleeping
7268,51.0,36.0,98.0,0.0,Sleeping
7269,57.0,36.2,100.0,1.0,Sleeping
7270,61.0,36.5,95.0,0.0,Sleeping
7271,59.0,36.2,99.0,0.0,Sleeping
7272,53.0,36.5,97.0,1.0,Sleeping
7273,60.0,36.0,99.0,1.0,Sleeping
7274,56.0,36.7,97.0,0.0,Sleeping
7275,59.0,36.6,96.0,1.0,Sleeping
7276,57.0,36.2,100.0,1.0,Sleeping
7277,64.0,36.7,96.0,0.0,Sleeping
7278,58.0,36.2,95.0,0.0,Sleeping
7279,52.0,36.1,98.0,0.0,Sleeping
7280,50.0,36.6,95.0,0.0,Sleeping
7281,102.0,36.9,95.0,3.0,Stress/Panic
7282,107.0,36.9,93.0,2.0,Stress/Panic
7283,113.0,37.2,96.0,3.0,Stress/Panic
7284,101.0,36.6,96.0,3.0,Stress/Panic
7285,128.0,37.0,95.0,4.0,Stress/Panic
7286,128.0,36.6,96.0,5.0,Stress/Panic
7287,124.0,36.6,95.0,2.0,Stress/Panic
7288,100.0,36.7,93.0,4.0,Stress/Panic
7289,122.0,36.5,94.0,2.0,Stress/Panic
7290,108.0,36.7,94.0,2.0,Stress/Panic
7291,100.0,37.0,93.0,5.0,Stress/Panic
7292,105.0,36.9,93.0,4.0,Stress/Panic
7293,112.0,36.7,96.0,4.0,Stress/Panic
7294,120.0,37.0,95.0,2.0,Stress/Panic
7295,119.0,36.7,96.0,2.0,Stress/Panic
7296,129.0,36.6,95.0,5.0,Stress/Panic
7297,113.0,36.7,94.0,5.0,Stress/Panic
7298,101.0,36.8,95.0,5.0,Stress/Panic
7299,128.0,37.1,94.0,3.0,Stress/Panic
7300,103.0,36.8,96.0,4.0,Stress/Panic
7301,105.0,36.8,95.0,3.0,Stress/Panic
7302,110.0,37.0,94.0,3.0,Stress/Panic
7303,111.0,37.1,96.0,2.0,Stress/Panic
7304,115.0,36.7,94.0,5.0,Stress/Panic
7305,116.0,37.2,95.0,4.0,Stress/Panic
7306,125.0,36.5,93.0,2.0,Stress/Panic
7307,108.0,36.8,96.0,5.0,Stress/Panic
7308,130.0,37.0,96.0,4.0,Stress/Panic
7309,112.0,36.6,95.0,4.0,Stress/Panic
7310,129.0,37.1,95.0,5.0,Stress/Panic
7311,115.0,36.6,94.0,4.0,Stress/Panic
7312,122.0,37.1,95.0,5.0,Stress/Panic
7313,125.0,36.8,96.0,5.0,Stress/Panic
7314,127.0,36.7,93.0,4.0,Stress/Panic
7315,114.0,36.8,95.0,4.0,Stress/Panic
7316,125.0,37.1,96.0,3.0,Stress/Panic
7317,127.0,37.2,96.0,5.0,Stress/Panic
7318,107.0,36.8,96.0,5.0,Stress/Panic
7319,119.0,36.6,95.0,4.0,Stress/Panic
7320,112.0,37.1,95.0,5.0,Stress/Panic
7321,103.0,36.9,93.0,5.0,Stress/Panic
7322,119.0,36.5,96.0,3.0,Stress/Panic
7323,108.0,36.9,93.0,5.0,Stress/Panic
7324,111.0,37.2,96.0,4.0,Stress/Panic
7325,112.0,36.6,94.0,4.0,Stress/Panic
7326,110.0,37.0,96.0,4.0,Stress/Panic
7327,109.0,36.6,93.0,3.0,Stress/Panic
7328,120.0,36.8,94.0,3.0,Stress/Panic
7329,103.0,37.0,95.0,3.0,Stress/Panic
7330,120.0,37.1,95.0,3.0,Stress/Panic
7331,127.0,37.2,95.0,3.0,Stress/Panic
7332,110.0,37.1,93.0,4.0,Stress/Panic
7333,103.0,37.2,93.0,4.0,Stress/Panic
7334,108.0,36.8,95.0,3.0,Stress/Panic
7335,115.0,36.9,95.0,5.0,Stress/Panic
7336,112.0,37.0,94.0,5.0,Stress/Panic
7337,127.0,36.7,96.0,5.0,Stress/Panic
7338,122.0,37.1,93.0,5.0,Stress/Panic
7339,122.0,36.7,95.0,4.0,Stress/Panic
7340,127.0,37.2,94.0,5.0,Stress/Panic
7341,113.0,36.9,93.0,5.0,Stress/Panic
7342,125.0,36.6,95.0,2.0,Stress/Panic
7343,112.0,36.9,94.0,2.0,Stress/Panic
7344,111.0,36.9,95.0,2.0,Stress/Panic
7345,108.0,37.1,94.0,3.0,Stress/Panic
7346,113.0,36.8,96.0,3.0,Stress/Panic
7347,105.0,36.8,96.0,3.0,Stress/Panic
7348,128.0,36.9,93.0,5.0,Stress/Panic
7349,109.0,36.6,96.0,3.0,Stress/Panic
7350,118.0,36.8,96.0,4.0,Stress/Panic
7351,110.0,37.1,93.0,2.0,Stress/Panic
7352,121.0,36.9,95.0,4.0,Stress/Panic
7353,103.0,37.0,93.0,5.0,Stress/Panic
7354,109.0,37.1,95.0,5.0,Stress/Panic
7355,105.0,37.1,96.0,3.0,Stress/Panic
7356,129.0,37.0,93.0,5.0,Stress/Panic
7357,110.0,36.8,95.0,5.0,Stress/Panic
7358,129.0,36.9,96.0,2.0,Stress/Panic
7359,119.0,37.2,95.0,5.0,Stress/Panic
7360,107.0,37.0,93.0,4.0,Stress/Panic
7361,119.0,36.8,96.0,4.0,Stress/Panic
7362,111.0,36.8,96.0,4.0,Stress/Panic
7363,124.0,36.8,95.0,2.0,Stress/Panic
7364,122.0,37.0,96.0,4.0,Stress/Panic
7365,130.0,36.9,94.0,3.0,Stress/Panic
7366,122.0,36.7,95.0,3.0,Stress/Panic
7367,124.0,37.2,96.0,3.0,Stress/Panic
7368,113.0,36.8,94.0,2.0,Stress/Panic
7369,109.0,37.0,95.0,3.0,Stress/Panic
7370,103.0,37.1,95.0,2.0,Stress/Panic
7371,122.0,36.9,95.0,4.0,Stress/Panic
7372,107.0,37.1,94.0,5.0,Stress/Panic
7373,125.0,36.9,95.0,3.0,Stress/Panic
7374,118.0,36.8,96.0,4.0,Stress/Panic
7375,113.0,36.6,96.0,3.0,Stress/Panic
7376,108.0,36.7,94.0,2.0,Stress/Panic
7377,118.0,37.2,96.0,5.0,Stress/Panic
7378,128.0,36.5,94.0,2.0,Stress/Panic
7379,109.0,36.9,96.0,2.0,Stress/Panic
7380,112.0,36.8,94.0,5.0,Stress/Panic
7381,110.0,37.2,93.0,3.0,Stress/Panic
7382,125.0,36.5,95.0,4.0,Stress/Panic
7383,116.0,36.5,95.0,4.0,Stress/Panic
7384,119.0,36.9,95.0,2.0,Stress/Panic
7385,125.0,36.9,95.0,3.0,Stress/Panic
7386,100.0,37.0,93.0,4.0,Stress/Panic
7387,110.0,37.0,96.0,2.0,Stress/Panic
7388,129.0,37.1,95.0,3.0,Stress/Panic
7389,128.0,37.0,95.0,2.0,Stress/Panic
7390,115.0,37.1,95.0,4.0,Stress/Panic
7391,114.0,36.6,94.0,2.0,Stress/Panic
7392,107.0,36.8,93.0,2.0,Stress/Panic
7393,101.0,36.9,93.0,4.0,Stress/Panic
7394,102.0,36.9,94.0,4.0,Stress/Panic
7395,123.0,36.7,93.0,4.0,Stress/Panic
7396,104.0,36.8,96.0,4.0,Stress/Panic
7397,104.0,36.9,95.0,3.0,Stress/Panic
7398,102.0,37.1,95.0,5.0,Stress/Panic
7399,105.0,36.6,94.0,5.0,Stress/Panic
7400,125.0,36.6,96.0,2.0,Stress/Panic
7401,100.0,36.5,96.0,5.0,Stress/Panic
7402,120.0,36.9,95.0,2.0,Stress/Panic
7403,100.0,36.9,95.0,2.0,Stress/Panic
7404,122.0,36.8,94.0,3.0,Stress/Panic
7405,118.0,36.9,94.0,4.0,Stress/Panic
7406,110.0,37.2,93.0,4.0,Stress/Panic
7407,109.0,36.9,95.0,2.0,Stress/Panic
7408,102.0,36.6,95.0,2.0,Stress/Panic
7409,106.0,36.7,96.0,3.0,Stress/Panic
7410,107.0,36.5,96.0,5.0,Stress/Panic
7411,114.0,36.6,94.0,4.0,Stress/Panic
7412,103.0,36.6,93.0,4.0,Stress/Panic
7413,102.0,37.0,94.0,4.0,Stress/Panic
7414,106.0,37.2,95.0,3.0,Stress/Panic
7415,115.0,36.9,94.0,5.0,Stress/Panic
7416,115.0,36.6,96.0,5.0,Stress/Panic
7417,129.0,36.9,93.0,3.0,Stress/Panic
7418,118.0,37.1,95.0,2.0,Stress/Panic
7419,114.0,37.0,95.0,3.0,Stress/Panic
7420,112.0,37.1,95.0,2.0,Stress/Panic
7421,124.0,36.7,94.0,4.0,Stress/Panic
7422,102.0,36.5,96.0,2.0,Stress/Panic
7423,100.0,36.8,93.0,5.0,Stress/Panic
7424,102.0,36.9,95.0,3.0,Stress/Panic
7425,122.0,36.9,96.0,4.0,Stress/Panic
7426,106.0,37.0,94.0,2.0,Stress/Panic
7427,109.0,36.6,96.0,4.0,Stress/Panic
7428,103.0,37.1,96.0,3.0,Stress/Panic
7429,128.0,36.6,94.0,4.0,Stress/Panic
7430,105.0,37.0,96.0,2.0,Stress/Panic
7431,103.0,36.9,93.0,5.0,Stress/Panic
7432,127.0,37.0,95.0,2.0,Stress/Panic
7433,111.0,36.6,93.0,4.0,Stress/Panic
7434,110.0,36.8,93.0,4.0,Stress/Panic
7435,107.0,37.0,95.0,4.0,Stress/Panic
7436,107.0,36.7,94.0,4.0,Stress/Panic
7437,106.0,37.2,95.0,5.0,Stress/Panic
7438,120.0,37.0,93.0,2.0,Stress/Panic
7439,122.0,36.6,94.0,2.0,Stress/Panic
7440,109.0,36.6,94.0,2.0,Stress/Panic
7441,113.0,37.1,96.0,4.0,Stress/Panic
7442,125.0,37.1,93.0,2.0,Stress/Panic
7443,127.0,36.7,95.0,4.0,Stress/Panic
7444,127.0,37.1,94.0,2.0,Stress/Panic
7445,120.0,36.8,96.0,3.0,Stress/Panic
7446,107.0,37.0,93.0,2.0,Stress/Panic
7447,111.0,36.6,96.0,5.0,Stress/Panic
7448,119.0,36.9,95.0,3.0,Stress/Panic
7449,120.0,36.7,95.0,2.0,Stress/Panic
7450,103.0,36.6,95.0,2.0,Stress/Panic
7451,113.0,37.0,95.0,5.0,Stress/Panic
7452,120.0,36.7,96.0,3.0,Stress/Panic
7453,104.0,36.7,94.0,4.0,Stress/Panic
7454,117.0,36.6,96.0,2.0,Stress/Panic
7455,129.0,36.8,96.0,4.0,Stress/Panic
7456,116.0,37.0,93.0,2.0,Stress/Panic
7457,105.0,36.9,93.0,2.0,Stress/Panic
7458,106.0,36.7,94.0,5.0,Stress/Panic
7459,120.0,37.2,93.0,3.0,Stress/Panic
7460,104.0,37.0,96.0,5.0,Stress/Panic
7461,117.0,36.6,93.0,2.0,Stress/Panic
7462,124.0,36.7,93.0,5.0,Stress/Panic
7463,104.0,37.0,95.0,5.0,Stress/Panic
7464,106.0,36.5,93.0,4.0,Stress/Panic
7465,127.0,36.6,93.0,2.0,Stress/Panic
7466,126.0,37.1,95.0,5.0,Stress/Panic
7467,126.0,37.1,96.0,5.0,Stress/Panic
7468,108.0,36.6,93.0,4.0,Stress/Panic
7469,113.0,36.8,93.0,3.0,Stress/Panic
7470,122.0,36.8,94.0,5.0,Stress/Panic
7471,125.0,37.1,93.0,4.0,Stress/Panic
7472,117.0,37.0,95.0,3.0,Stress/Panic
7473,100.0,36.8,93.0,2.0,Stress/Panic
7474,101.0,36.8,94.0,3.0,Stress/Panic
7475,112.0,36.8,94.0,2.0,Stress/Panic
7476,108.0,36.6,95.0,3.0,Stress/Panic
7477,108.0,37.1,96.0,2.0,Stress/Panic
7478,125.0,37.1,95.0,2.0,Stress/Panic
7479,107.0,36.8,93.0,3.0,Stress/Panic
7480,128.0,36.6,96.0,2.0,Stress/Panic
7481,110.0,36.9,95.0,3.0,Stress/Panic
7482,108.0,36.7,96.0,4.0,Stress/Panic
7483,129.0,36.5,95.0,5.0,Stress/Panic
7484,104.0,36.8,95.0,3.0,Stress/Panic
7485,122.0,36.8,95.0,5.0,Stress/Panic
7486,124.0,37.2,96.0,2.0,Stress/Panic
7487,111.0,37.1,94.0,4.0,Stress/Panic
7488,111.0,37.1,96.0,5.0,Stress/Panic
7489,111.0,36.9,93.0,4.0,Stress/Panic
7490,109.0,37.0,94.0,4.0,Stress/Panic
7491,127.0,37.1,95.0,4.0,Stress/Panic
7492,118.0,36.8,95.0,4.0,Stress/Panic
7493,119.0,36.5,94.0,3.0,Stress/Panic
7494,120.0,36.8,94.0,2.0,Stress/Panic
7495,115.0,36.8,94.0,3.0,Stress/Panic
7496,103.0,37.0,93.0,3.0,Stress/Panic
7497,124.0,36.8,96.0,2.0,Stress/Panic
7498,125.0,36.8,93.0,5.0,Stress/Panic
7499,117.0,36.6,96.0,2.0,Stress/Panic
7500,105.0,36.6,96.0,3.0,Stress/Panic
7501,108.0,37.0,96.0,4.0,Stress/Panic
7502,117.0,37.1,94.0,5.0,Stress/Panic
7503,100.0,36.8,94.0,3.0,Stress/Panic
7504,124.0,37.0,93.0,3.0,Stress/Panic
7505,107.0,36.7,96.0,3.0,Stress/Panic
7506,103.0,36.9,96.0,3.0,Stress/Panic
7507,110.0,37.0,96.0,3.0,Stress/Panic
7508,103.0,37.2,94.0,5.0,Stress/Panic
7509,128.0,36.5,95.0,2.0,Stress/Panic
7510,113.0,36.6,96.0,4.0,Stress/Panic
7511,119.0,37.0,94.0,2.0,Stress/Panic
7512,111.0,36.9,95.0,5.0,Stress/Panic
7513,125.0,37.1,95.0,4.0,Stress/Panic
7514,109.0,36.9,94.0,4.0,Stress/Panic
7515,108.0,36.7,95.0,2.0,Stress/Panic
7516,117.0,36.5,95.0,5.0,Stress/Panic
7517,107.0,36.9,95.0,4.0,Stress/Panic
7518,107.0,36.9,95.0,5.0,Stress/Panic
7519,100.0,36.9,94.0,4.0,Stress/Panic
7520,122.0,37.1,95.0,4.0,Stress/Panic
7521,116.0,36.9,94.0,5.0,Stress/Panic
7522,106.0,37.1,96.0,5.0,Stress/Panic
7523,122.0,36.6,96.0,2.0,Stress/Panic
7524,108.0,36.8,96.0,5.0,Stress/Panic
7525,124.0,36.7,93.0,2.0,Stress/Panic
7526,103.0,36.9,96.0,5.0,Stress/Panic
7527,111.0,36.9,96.0,2.0,Stress/Panic
7528,130.0,37.0,95.0,4.0,Stress/Panic
7529,122.0,36.6,93.0,2.0,Stress/Panic
7530,120.0,36.7,96.0,4.0,Stress/Panic
7531,124.0,36.7,94.0,5.0,Stress/Panic
7532,105.0,36.9,96.0,2.0,Stress/Panic
7533,124.0,36.7,94.0,4.0,Stress/Panic
7534,125.0,36.8,95.0,2.0,Stress/Panic
7535,100.0,36.8,95.0,4.0,Stress/Panic
7536,116.0,36.6,93.0,5.0,Stress/Panic
7537,115.0,36.8,96.0,4.0,Stress/Panic
7538,110.0,37.2,96.0,2.0,Stress/Panic
7539,112.0,36.7,93.0,4.0,Stress/Panic
7540,106.0,37.0,96.0,3.0,Stress/Panic
7541,116.0,36.6,93.0,5.0,Stress/Panic
7542,109.0,36.9,94.0,4.0,Stress/Panic
7543,113.0,36.8,95.0,4.0,Stress/Panic
7544,128.0,36.7,94.0,5.0,Stress/Panic
7545,122.0,36.8,96.0,3.0,Stress/Panic
7546,107.0,36.9,94.0,4.0,Stress/Panic
7547,129.0,36.6,93.0,4.0,Stress/Panic
7548,128.0,36.9,94.0,5.0,Stress/Panic
7549,100.0,37.0,94.0,5.0,Stress/Panic
7550,129.0,37.1,93.0,3.0,Stress/Panic
7551,120.0,36.9,94.0,5.0,Stress/Panic
7552,110.0,37.0,93.0,3.0,Stress/Panic
7553,126.0,36.7,93.0,4.0,Stress/Panic
7554,109.0,37.0,93.0,5.0,Stress/Panic
7555,107.0,36.6,96.0,5.0,Stress/Panic
7556,121.0,36.8,93.0,3.0,Stress/Panic
7557,116.0,37.1,93.0,5.0,Stress/Panic
7558,105.0,36.8,94.0,4.0,Stress/Panic
7559,106.0,37.0,96.0,3.0,Stress/Panic
7560,128.0,37.0,93.0,5.0,Stress/Panic
7561,104.0,37.0,93.0,2.0,Stress/Panic
7562,105.0,37.1,95.0,2.0,Stress/Panic
7563,121.0,36.8,93.0,3.0,Stress/Panic
7564,113.0,36.7,95.0,5.0,Stress/Panic
7565,119.0,36.7,95.0,3.0,Stress/Panic
7566,102.0,37.0,94.0,2.0,Stress/Panic
7567,121.0,36.5,93.0,4.0,Stress/Panic
7568,122.0,36.6,95.0,4.0,Stress/Panic
7569,108.0,36.7,93.0,4.0,Stress/Panic
7570,127.0,36.5,93.0,2.0,Stress/Panic
7571,106.0,37.1,94.0,2.0,Stress/Panic
7572,107.0,36.5,93.0,5.0,Stress/Panic
7573,123.0,36.5,96.0,4.0,Stress/Panic
7574,113.0,37.1,93.0,4.0,Stress/Panic
7575,104.0,36.6,93.0,2.0,Stress/Panic
7576,103.0,36.7,93.0,5.0,Stress/Panic
7577,123.0,37.0,96.0,4.0,Stress/Panic
7578,109.0,36.9,96.0,5.0,Stress/Panic
7579,115.0,36.9,95.0,5.0,Stress/Panic
7580,116.0,36.6,94.0,4.0,Stress/Panic
7581,113.0,36.7,94.0,2.0,Stress/Panic
7582,129.0,37.0,94.0,5.0,Stress/Panic
7583,127.0,37.1,95.0,4.0,Stress/Panic
7584,124.0,36.8,93.0,5.0,Stress/Panic
7585,103.0,36.9,93.0,2.0,Stress/Panic
7586,107.0,36.6,96.0,3.0,Stress/Panic
7587,119.0,36.8,95.0,5.0,Stress/Panic
7588,121.0,37.1,95.0,2.0,Stress/Panic
7589,118.0,37.0,95.0,5.0,Stress/Panic
7590,106.0,36.9,96.0,4.0,Stress/Panic
7591,126.0,37.1,95.0,2.0,Stress/Panic
7592,120.0,36.8,95.0,3.0,Stress/Panic
7593,102.0,36.7,94.0,3.0,Stress/Panic
7594,109.0,37.1,94.0,2.0,Stress/Panic
7595,115.0,36.8,96.0,4.0,Stress/Panic
7596,115.0,37.0,93.0,2.0,Stress/Panic
7597,100.0,37.0,96.0,3.0,Stress/Panic
7598,106.0,36.8,96.0,5.0,Stress/Panic
7599,123.0,37.1,93.0,4.0,Stress/Panic
7600,102.0,36.6,94.0,2.0,Stress/Panic
7601,130.0,36.6,93.0,3.0,Stress/Panic
7602,111.0,37.1,94.0,3.0,Stress/Panic
7603,113.0,36.9,94.0,4.0,Stress/Panic
7604,111.0,37.1,95.0,4.0,Stress/Panic
7605,100.0,36.7,95.0,4.0,Stress/Panic
7606,101.0,36.5,94.0,4.0,Stress/Panic
7607,109.0,37.0,93.0,5.0,Stress/Panic
7608,103.0,37.2,96.0,2.0,Stress/Panic
7609,108.0,36.5,93.0,2.0,Stress/Panic
7610,103.0,36.8,94.0,5.0,Stress/Panic
7611,116.0,36.8,93.0,5.0,Stress/Panic
7612,130.0,36.6,94.0,4.0,Stress/Panic
7613,127.0,36.8,96.0,5.0,Stress/Panic
7614,102.0,36.8,96.0,5.0,Stress/Panic
7615,105.0,37.1,96.0,2.0,Stress/Panic
7616,127.0,36.7,96.0,3.0,Stress/Panic
7617,129.0,36.8,95.0,4.0,Stress/Panic
7618,127.0,37.1,95.0,2.0,Stress/Panic
7619,104.0,36.8,95.0,3.0,Stress/Panic
7620,128.0,36.6,93.0,4.0,Stress/Panic
7621,121.0,37.0,95.0,4.0,Stress/Panic
7622,120.0,36.5,95.0,5.0,Stress/Panic
7623,123.0,37.0,94.0,3.0,Stress/Panic
7624,117.0,37.0,94.0,4.0,Stress/Panic
7625,103.0,37.1,96.0,3.0,Stress/Panic
7626,101.0,37.0,96.0,3.0,Stress/Panic
7627,106.0,36.8,95.0,5.0,Stress/Panic
7628,101.0,36.6,96.0,5.0,Stress/Panic
7629,118.0,36.7,95.0,3.0,Stress/Panic
7630,118.0,37.0,95.0,5.0,Stress/Panic
7631,115.0,36.6,94.0,5.0,Stress/Panic
7632,127.0,36.9,95.0,5.0,Stress/Panic
7633,100.0,36.9,96.0,3.0,Stress/Panic
7634,125.0,37.0,94.0,5.0,Stress/Panic
7635,109.0,36.8,95.0,3.0,Stress/Panic
7636,125.0,36.6,95.0,4.0,Stress/Panic
7637,124.0,37.1,94.0,3.0,Stress/Panic
7638,107.0,36.7,93.0,5.0,Stress/Panic
7639,105.0,36.8,94.0,2.0,Stress/Panic
7640,127.0,36.7,96.0,5.0,Stress/Panic
7641,125.0,37.1,94.0,5.0,Stress/Panic
7642,113.0,37.2,95.0,5.0,Stress/Panic
7643,108.0,37.0,95.0,4.0,Stress/Panic
7644,124.0,36.9,96.0,4.0,Stress/Panic
7645,123.0,37.1,94.0,3.0,Stress/Panic
7646,115.0,37.0,95.0,5.0,Stress/Panic
7647,126.0,37.1,96.0,3.0,Stress/Panic
7648,107.0,36.7,96.0,4.0,Stress/Panic
7649,114.0,36.9,93.0,5.0,Stress/Panic
7650,126.0,36.5,95.0,4.0,Stress/Panic
7651,116.0,36.8,93.0,4.0,Stress/Panic
7652,115.0,37.2,94.0,5.0,Stress/Panic
7653,105.0,37.0,96.0,5.0,Stress/Panic
7654,120.0,36.7,96.0,5.0,Stress/Panic
7655,126.0,36.5,94.0,2.0,Stress/Panic
7656,114.0,37.2,95.0,3.0,Stress/Panic
7657,102.0,37.1,96.0,3.0,Stress/Panic
7658,101.0,36.9,95.0,3.0,Stress/Panic
7659,127.0,37.0,96.0,2.0,Stress/Panic
7660,118.0,36.8,95.0,3.0,Stress/Panic
7661,124.0,36.7,94.0,4.0,Stress/Panic
7662,130.0,36.8,93.0,3.0,Stress/Panic
7663,122.0,37.1,96.0,5.0,Stress/Panic
7664,110.0,37.1,96.0,3.0,Stress/Panic
7665,116.0,36.7,94.0,4.0,Stress/Panic
7666,120.0,37.1,94.0,2.0,Stress/Panic
7667,104.0,36.8,94.0,4.0,Stress/Panic
7668,107.0,37.0,96.0,3.0,Stress/Panic
7669,124.0,36.9,95.0,3.0,Stress/Panic
7670,110.0,36.8,93.0,3.0,Stress/Panic
7671,111.0,36.9,93.0,2.0,Stress/Panic
7672,100.0,36.7,94.0,2.0,Stress/Panic
7673,121.0,36.8,94.0,5.0,Stress/Panic
7674,119.0,36.6,93.0,3.0,Stress/Panic
7675,122.0,36.8,94.0,4.0,Stress/Panic
7676,124.0,36.9,94.0,5.0,Stress/Panic
7677,125.0,36.5,96.0,5.0,Stress/Panic
7678,125.0,37.1,96.0,2.0,Stress/Panic
7679,112.0,37.0,96.0,2.0,Stress/Panic
7680,101.0,37.0,94.0,4.0,Stress/Panic
7681,119.0,37.2,95.0,2.0,Stress/Panic
7682,130.0,36.7,95.0,2.0,Stress/Panic
7683,113.0,37.1,96.0,5.0,Stress/Panic
7684,117.0,36.9,95.0,3.0,Stress/Panic
7685,127.0,36.8,93.0,3.0,Stress/Panic
7686,119.0,37.2,94.0,4.0,Stress/Panic
7687,102.0,36.6,93.0,5.0,Stress/Panic
7688,128.0,36.8,95.0,2.0,Stress/Panic
7689,126.0,36.9,95.0,2.0,Stress/Panic
7690,115.0,36.9,93.0,4.0,Stress/Panic
7691,129.0,37.0,93.0,5.0,Stress/Panic
7692,126.0,37.1,95.0,2.0,Stress/Panic
7693,120.0,36.8,95.0,2.0,Stress/Panic
7694,105.0,37.1,95.0,4.0,Stress/Panic
7695,125.0,36.7,96.0,5.0,Stress/Panic
7696,118.0,36.9,96.0,2.0,Stress/Panic
7697,124.0,37.2,96.0,3.0,Stress/Panic
7698,110.0,36.6,93.0,4.0,Stress/Panic
7699,119.0,36.7,96.0,4.0,Stress/Panic
7700,121.0,36.7,96.0,3.0,Stress/Panic
7701,108.0,36.9,95.0,5.0,Stress/Panic
7702,123.0,36.7,96.0,2.0,Stress/Panic
7703,129.0,36.8,95.0,3.0,Stress/Panic
7704,122.0,36.8,95.0,4.0,Stress/Panic
7705,102.0,37.0,94.0,5.0,Stress/Panic
7706,124.0,36.7,95.0,3.0,Stress/Panic
7707,123.0,36.5,96.0,4.0,Stress/Panic
7708,123.0,36.8,93.0,4.0,Stress/Panic
7709,105.0,37.2,93.0,2.0,Stress/Panic
7710,104.0,36.8,93.0,5.0,Stress/Panic
7711,126.0,36.6,96.0,3.0,Stress/Panic
7712,100.0,36.9,96.0,2.0,Stress/Panic
7713,100.0,37.1,93.0,2.0,Stress/Panic
7714,128.0,36.9,95.0,5.0,Stress/Panic
7715,105.0,37.1,93.0,3.0,Stress/Panic
7716,115.0,36.9,96.0,3.0,Stress/Panic
7717,120.0,36.7,95.0,5.0,Stress/Panic
7718,114.0,36.7,93.0,2.0,Stress/Panic
7719,120.0,37.1,96.0,5.0,Stress/Panic
7720,121.0,36.9,93.0,3.0,Stress/Panic
7721,112.0,36.9,95.0,4.0,Stress/Panic
7722,116.0,37.1,96.0,3.0,Stress/Panic
7723,118.0,36.8,93.0,3.0,Stress/Panic
7724,117.0,36.6,95.0,2.0,Stress/Panic
7725,129.0,36.7,93.0,5.0,Stress/Panic
7726,125.0,37.0,95.0,5.0,Stress/Panic
7727,104.0,37.0,93.0,4.0,Stress/Panic
7728,106.0,36.7,95.0,3.0,Stress/Panic
7729,105.0,37.1,96.0,3.0,Stress/Panic
7730,115.0,36.6,93.0,3.0,Stress/Panic
7731,114.0,37.0,94.0,3.0,Stress/Panic
7732,119.0,36.8,94.0,5.0,Stress/Panic
7733,126.0,36.6,93.0,4.0,Stress/Panic
7734,102.0,36.5,94.0,4.0,Stress/Panic
7735,126.0,36.6,96.0,3.0,Stress/Panic
7736,117.0,36.8,93.0,4.0,Stress/Panic
7737,115.0,36.9,94.0,2.0,Stress/Panic
7738,127.0,36.7,96.0,3.0,Stress/Panic
7739,118.0,36.9,94.0,3.0,Stress/Panic
7740,109.0,37.0,93.0,2.0,Stress/Panic
7741,100.0,37.1,93.0,4.0,Stress/Panic
7742,122.0,37.2,94.0,4.0,Stress/Panic
7743,102.0,36.7,94.0,3.0,Stress/Panic
7744,126.0,36.8,95.0,3.0,Stress/Panic
7745,130.0,36.6,93.0,3.0,Stress/Panic
7746,124.0,37.0,95.0,5.0,Stress/Panic
7747,121.0,36.5,96.0,2.0,Stress/Panic
7748,100.0,37.1,95.0,3.0,Stress/Panic
7749,126.0,37.2,96.0,3.0,Stress/Panic
7750,115.0,36.8,95.0,3.0,Stress/Panic
7751,111.0,37.2,93.0,2.0,Stress/Panic
7752,100.0,36.8,95.0,2.0,Stress/Panic
7753,100.0,37.1,95.0,3.0,Stress/Panic
7754,126.0,36.7,93.0,3.0,Stress/Panic
7755,110.0,36.9,94.0,3.0,Stress/Panic
7756,109.0,37.0,95.0,2.0,Stress/Panic
7757,124.0,37.1,93.0,2.0,Stress/Panic
7758,119.0,37.2,95.0,2.0,Stress/Panic
7759,119.0,36.5,96.0,4.0,Stress/Panic
7760,120.0,36.6,95.0,5.0,Stress/Panic
7761,103.0,36.7,93.0,4.0,Stress/Panic
7762,109.0,36.6,94.0,4.0,Stress/Panic
7763,117.0,36.5,93.0,2.0,Stress/Panic
7764,107.0,36.8,93.0,4.0,Stress/Panic
7765,111.0,37.1,94.0,4.0,Stress/Panic
7766,126.0,36.9,94.0,5.0,Stress/Panic
7767,121.0,36.8,94.0,4.0,Stress/Panic
7768,110.0,36.8,95.0,5.0,Stress/Panic
7769,105.0,36.6,93.0,2.0,Stress/Panic
7770,118.0,37.1,93.0,5.0,Stress/Panic
7771,106.0,36.9,96.0,2.0,Stress/Panic
7772,114.0,37.1,95.0,4.0,Stress/Panic
7773,127.0,37.0,94.0,2.0,Stress/Panic
7774,125.0,37.0,93.0,5.0,Stress/Panic
7775,119.0,36.8,96.0,4.0,Stress/Panic
7776,102.0,36.8,94.0,2.0,Stress/Panic
7777,126.0,37.2,94.0,2.0,Stress/Panic
7778,117.0,36.9,94.0,5.0,Stress/Panic
7779,112.0,36.6,93.0,5.0,Stress/Panic
7780,103.0,36.9,94.0,2.0,Stress/Panic
7781,104.0,37.0,93.0,3.0,Stress/Panic
7782,129.0,36.9,93.0,5.0,Stress/Panic
7783,112.0,36.8,94.0,4.0,Stress/Panic
7784,118.0,36.5,93.0,2.0,Stress/Panic
7785,107.0,36.9,94.0,5.0,Stress/Panic
7786,127.0,36.7,95.0,3.0,Stress/Panic
7787,106.0,36.9,93.0,5.0,Stress/Panic
7788,111.0,37.0,95.0,2.0,Stress/Panic
7789,127.0,36.9,95.0,2.0,Stress/Panic
7790,108.0,36.6,94.0,4.0,Stress/Panic
7791,100.0,36.6,94.0,2.0,Stress/Panic
7792,117.0,37.0,95.0,2.0,Stress/Panic
7793,123.0,37.1,96.0,2.0,Stress/Panic
7794,109.0,37.1,95.0,5.0,Stress/Panic
7795,103.0,37.1,93.0,4.0,Stress/Panic
7796,105.0,37.1,94.0,2.0,Stress/Panic
7797,106.0,37.0,95.0,5.0,Stress/Panic
7798,129.0,36.9,93.0,3.0,Stress/Panic
7799,118.0,36.7,93.0,5.0,Stress/Panic
7800,110.0,36.9,93.0,3.0,Stress/Panic
7801,117.0,36.6,94.0,5.0,Stress/Panic
7802,117.0,36.8,95.0,3.0,Stress/Panic
7803,107.0,36.9,96.0,5.0,Stress/Panic
7804,115.0,36.8,96.0,5.0,Stress/Panic
7805,115.0,36.5,94.0,4.0,Stress/Panic
7806,103.0,36.6,94.0,4.0,Stress/Panic
7807,117.0,36.9,96.0,2.0,Stress/Panic
7808,105.0,36.9,94.0,3.0,Stress/Panic
7809,128.0,36.6,93.0,5.0,Stress/Panic
7810,128.0,36.7,95.0,2.0,Stress/Panic
7811,106.0,37.0,94.0,5.0,Stress/Panic
7812,115.0,36.9,94.0,4.0,Stress/Panic
7813,117.0,36.7,94.0,2.0,Stress/Panic
7814,105.0,37.0,93.0,2.0,Stress/Panic
7815,117.0,36.8,95.0,5.0,Stress/Panic
7816,102.0,36.6,95.0,5.0,Stress/Panic
7817,108.0,36.9,95.0,3.0,Stress/Panic
7818,111.0,37.0,94.0,3.0,Stress/Panic
7819,128.0,36.8,93.0,5.0,Stress/Panic
7820,100.0,36.8,93.0,4.0,Stress/Panic
7821,115.0,37.1,93.0,4.0,Stress/Panic
7822,121.0,37.0,93.0,2.0,Stress/Panic
7823,101.0,37.2,95.0,4.0,Stress/Panic
7824,117.0,36.8,96.0,4.0,Stress/Panic
7825,127.0,36.9,94.0,3.0,Stress/Panic
7826,118.0,36.8,93.0,3.0,Stress/Panic
7827,114.0,37.1,96.0,3.0,Stress/Panic
7828,115.0,37.2,96.0,4.0,Stress/Panic
7829,104.0,36.8,95.0,2.0,Stress/Panic
7830,111.0,36.9,96.0,2.0,Stress/Panic
7831,110.0,37.0,94.0,2.0,Stress/Panic
7832,103.0,37.2,95.0,5.0,Stress/Panic
7833,108.0,36.7,93.0,4.0,Stress/Panic
7834,110.0,37.1,93.0,3.0,Stress/Panic
7835,123.0,36.8,95.0,2.0,Stress/Panic
7836,123.0,37.1,95.0,4.0,Stress/Panic
7837,107.0,36.8,93.0,2.0,Stress/Panic
7838,111.0,37.1,95.0,5.0,Stress/Panic
7839,106.0,37.1,93.0,4.0,Stress/Panic
7840,105.0,36.6,95.0,3.0,Stress/Panic
7841,106.0,36.9,95.0,4.0,Stress/Panic
7842,125.0,37.0,94.0,5.0,Stress/Panic
7843,103.0,37.0,96.0,3.0,Stress/Panic
7844,119.0,36.6,95.0,4.0,Stress/Panic
7845,128.0,36.7,96.0,4.0,Stress/Panic
7846,121.0,37.0,93.0,4.0,Stress/Panic
7847,100.0,36.7,96.0,5.0,Stress/Panic
7848,102.0,37.0,94.0,2.0,Stress/Panic
7849,124.0,36.6,93.0,3.0,Stress/Panic
7850,126.0,36.9,96.0,2.0,Stress/Panic
7851,128.0,37.0,94.0,4.0,Stress/Panic
7852,101.0,36.8,94.0,2.0,Stress/Panic
7853,118.0,36.6,95.0,5.0,Stress/Panic
7854,102.0,36.8,96.0,3.0,Stress/Panic
7855,117.0,37.2,96.0,2.0,Stress/Panic
7856,105.0,36.7,96.0,2.0,Stress/Panic
7857,102.0,36.9,93.0,5.0,Stress/Panic
7858,100.0,37.1,96.0,2.0,Stress/Panic
7859,119.0,36.6,96.0,3.0,Stress/Panic
7860,111.0,36.5,94.0,2.0,Stress/Panic
7861,127.0,37.2,96.0,4.0,Stress/Panic
7862,101.0,36.8,94.0,4.0,Stress/Panic
7863,115.0,37.1,95.0,2.0,Stress/Panic
7864,104.0,37.1,93.0,5.0,Stress/Panic
7865,121.0,36.6,95.0,4.0,Stress/Panic
7866,102.0,37.0,94.0,4.0,Stress/Panic
7867,125.0,36.7,96.0,2.0,Stress/Panic
7868,119.0,36.5,93.0,4.0,Stress/Panic
7869,115.0,36.7,96.0,4.0,Stress/Panic
7870,100.0,36.9,96.0,3.0,Stress/Panic
7871,123.0,36.8,93.0,3.0,Stress/Panic
7872,100.0,37.1,94.0,4.0,Stress/Panic
7873,102.0,36.9,96.0,4.0,Stress/Panic
7874,116.0,36.8,93.0,5.0,Stress/Panic
7875,101.0,36.5,95.0,2.0,Stress/Panic
7876,107.0,36.8,94.0,5.0,Stress/Panic
7877,105.0,36.6,96.0,5.0,Stress/Panic
7878,119.0,37.0,93.0,4.0,Stress/Panic
7879,115.0,36.9,95.0,3.0,Stress/Panic
7880,122.0,36.8,94.0,2.0,Stress/Panic
7881,103.0,36.6,96.0,5.0,Stress/Panic
7882,102.0,37.1,93.0,3.0,Stress/Panic
7883,117.0,36.5,93.0,3.0,Stress/Panic
7884,111.0,36.8,96.0,2.0,Stress/Panic
7885,100.0,36.5,96.0,2.0,Stress/Panic
7886,128.0,36.5,96.0,2.0,Stress/Panic
7887,122.0,36.5,95.0,2.0,Stress/Panic
7888,106.0,37.2,95.0,3.0,Stress/Panic
7889,113.0,36.7,96.0,5.0,Stress/Panic
7890,107.0,36.6,96.0,2.0,Stress/Panic
7891,104.0,36.8,93.0,5.0,Stress/Panic
7892,100.0,36.9,96.0,4.0,Stress/Panic
7893,102.0,37.2,95.0,4.0,Stress/Panic
7894,121.0,37.1,96.0,5.0,Stress/Panic
7895,113.0,37.0,96.0,2.0,Stress/Panic
7896,116.0,36.6,96.0,5.0,Stress/Panic
7897,101.0,36.7,95.0,2.0,Stress/Panic
7898,130.0,37.2,94.0,2.0,Stress/Panic
7899,118.0,36.8,93.0,5.0,Stress/Panic
7900,106.0,37.1,95.0,2.0,Stress/Panic
7901,113.0,36.9,94.0,3.0,Stress/Panic
7902,117.0,36.8,95.0,5.0,Stress/Panic
7903,113.0,37.2,93.0,2.0,Stress/Panic
7904,105.0,36.7,95.0,4.0,Stress/Panic
7905,122.0,36.7,96.0,5.0,Stress/Panic
7906,130.0,36.8,96.0,2.0,Stress/Panic
7907,117.0,36.7,96.0,2.0,Stress/Panic
7908,117.0,36.5,94.0,2.0,Stress/Panic
7909,113.0,36.5,95.0,4.0,Stress/Panic
7910,128.0,37.0,95.0,2.0,Stress/Panic
7911,108.0,36.8,96.0,5.0,Stress/Panic
7912,121.0,36.9,95.0,5.0,Stress/Panic
7913,104.0,37.0,94.0,5.0,Stress/Panic
7914,106.0,36.9,93.0,5.0,Stress/Panic
7915,104.0,36.9,94.0,4.0,Stress/Panic
7916,109.0,36.7,94.0,2.0,Stress/Panic
7917,104.0,36.6,96.0,2.0,Stress/Panic
7918,127.0,36.8,95.0,5.0,Stress/Panic
7919,120.0,37.0,94.0,4.0,Stress/Panic
7920,114.0,37.1,96.0,4.0,Stress/Panic
7921,110.0,36.9,94.0,5.0,Stress/Panic
7922,126.0,37.2,96.0,4.0,Stress/Panic
7923,115.0,36.9,94.0,2.0,Stress/Panic
7924,113.0,36.9,93.0,4.0,Stress/Panic
7925,119.0,36.7,93.0,3.0,Stress/Panic
7926,118.0,36.6,96.0,2.0,Stress/Panic
7927,121.0,36.8,94.0,3.0,Stress/Panic
7928,111.0,37.1,94.0,5.0,Stress/Panic
7929,100.0,37.1,94.0,2.0,Stress/Panic
7930,105.0,36.9,94.0,5.0,Stress/Panic
7931,125.0,36.6,95.0,3.0,Stress/Panic
7932,119.0,36.6,96.0,5.0,Stress/Panic
7933,122.0,37.0,95.0,5.0,Stress/Panic
7934,122.0,37.0,93.0,5.0,Stress/Panic
7935,129.0,36.6,95.0,2.0,Stress/Panic
7936,114.0,36.7,94.0,5.0,Stress/Panic
7937,109.0,36.9,94.0,5.0,Stress/Panic
7938,128.0,36.5,93.0,4.0,Stress/Panic
7939,130.0,36.6,96.0,2.0,Stress/Panic
7940,123.0,37.0,96.0,3.0,Stress/Panic
7941,126.0,37.2,95.0,4.0,Stress/Panic
7942,115.0,36.9,96.0,2.0,Stress/Panic
7943,112.0,37.1,94.0,4.0,Stress/Panic
7944,121.0,36.7,93.0,2.0,Stress/Panic
7945,130.0,37.0,96.0,3.0,Stress/Panic
7946,111.0,37.0,96.0,4.0,Stress/Panic
7947,109.0,37.2,96.0,2.0,Stress/Panic
7948,125.0,37.1,95.0,4.0,Stress/Panic
7949,106.0,37.2,96.0,4.0,Stress/Panic
7950,126.0,36.8,94.0,2.0,Stress/Panic
7951,110.0,36.7,94.0,2.0,Stress/Panic
7952,109.0,37.2,93.0,2.0,Stress/Panic
7953,112.0,36.8,95.0,4.0,Stress/Panic
7954,128.0,36.6,93.0,3.0,Stress/Panic
7955,123.0,36.7,93.0,4.0,Stress/Panic
7956,117.0,37.2,93.0,5.0,Stress/Panic
7957,109.0,37.1,96.0,2.0,Stress/Panic
7958,126.0,37.1,95.0,2.0,Stress/Panic
7959,103.0,36.8,95.0,4.0,Stress/Panic
7960,123.0,37.0,95.0,2.0,Stress/Panic
7961,117.0,36.9,94.0,3.0,Stress/Panic
7962,129.0,36.7,96.0,2.0,Stress/Panic
7963,109.0,36.9,93.0,2.0,Stress/Panic
7964,127.0,37.0,94.0,5.0,Stress/Panic
7965,102.0,37.0,94.0,3.0,Stress/Panic
7966,106.0,36.7,94.0,4.0,Stress/Panic
7967,101.0,37.2,94.0,4.0,Stress/Panic
7968,112.0,36.9,93.0,2.0,Stress/Panic
7969,122.0,36.7,94.0,5.0,Stress/Panic
7970,125.0,37.2,96.0,2.0,Stress/Panic
7971,109.0,36.8,95.0,2.0,Stress/Panic
7972,101.0,36.6,96.0,5.0,Stress/Panic
7973,122.0,36.8,94.0,5.0,Stress/Panic
7974,122.0,37.0,93.0,3.0,Stress/Panic
7975,113.0,36.5,94.0,2.0,Stress/Panic
7976,101.0,36.5,95.0,2.0,Stress/Panic
7977,116.0,37.1,96.0,4.0,Stress/Panic
7978,114.0,36.9,96.0,5.0,Stress/Panic
7979,115.0,36.5,93.0,4.0,Stress/Panic
7980,124.0,37.1,94.0,2.0,Stress/Panic
7981,101.0,37.1,94.0,5.0,Stress/Panic
7982,106.0,37.1,94.0,4.0,Stress/Panic
7983,115.0,36.6,95.0,2.0,Stress/Panic
7984,114.0,37.2,96.0,5.0,Stress/Panic
7985,111.0,36.9,93.0,4.0,Stress/Panic
7986,126.0,37.1,95.0,3.0,Stress/Panic
7987,116.0,37.1,93.0,2.0,Stress/Panic
7988,124.0,36.7,95.0,4.0,Stress/Panic
7989,122.0,36.6,95.0,4.0,Stress/Panic
7990,109.0,36.9,93.0,4.0,Stress/Panic
7991,117.0,36.9,96.0,5.0,Stress/Panic
7992,105.0,36.9,94.0,4.0,Stress/Panic
7993,120.0,37.1,94.0,4.0,Stress/Panic
7994,114.0,36.6,94.0,3.0,Stress/Panic
7995,124.0,36.9,93.0,2.0,Stress/Panic
7996,128.0,37.0,95.0,5.0,Stress/Panic
7997,118.0,36.6,94.0,3.0,Stress/Panic
7998,105.0,37.0,95.0,2.0,Stress/Panic
7999,107.0,36.7,96.0,5.0,Stress/Panic
8000,102.0,36.5,93.0,2.0,Stress/Panic
8001,102.0,36.7,96.0,5.0,Stress/Panic
8002,119.0,37.1,94.0,4.0,Stress/Panic
8003,108.0,36.7,93.0,5.0,Stress/Panic
8004,114.0,36.9,94.0,4.0,Stress/Panic
8005,116.0,36.9,96.0,4.0,Stress/Panic
8006,127.0,37.0,96.0,5.0,Stress/Panic
8007,127.0,36.8,95.0,2.0,Stress/Panic
8008,106.0,36.6,96.0,3.0,Stress/Panic
8009,119.0,36.6,96.0,4.0,Stress/Panic
8010,111.0,37.0,95.0,5.0,Stress/Panic
8011,121.0,36.5,93.0,2.0,Stress/Panic
8012,105.0,36.9,95.0,3.0,Stress/Panic
8013,122.0,36.8,95.0,2.0,Stress/Panic
8014,101.0,36.6,95.0,5.0,Stress/Panic
8015,108.0,37.0,96.0,2.0,Stress/Panic
8016,114.0,37.1,94.0,2.0,Stress/Panic
8017,118.0,36.8,94.0,4.0,Stress/Panic
8018,108.0,36.7,94.0,4.0,Stress/Panic
8019,108.0,36.9,94.0,2.0,Stress/Panic
8020,126.0,37.1,94.0,5.0,Stress/Panic
8021,126.0,36.8,94.0,3.0,Stress/Panic
8022,119.0,36.7,94.0,4.0,Stress/Panic
8023,110.0,36.5,96.0,4.0,Stress/Panic
8024,101.0,37.0,95.0,2.0,Stress/Panic
8025,124.0,36.9,94.0,2.0,Stress/Panic
8026,124.0,37.1,95.0,3.0,Stress/Panic
8027,103.0,36.5,94.0,4.0,Stress/Panic
8028,128.0,36.6,95.0,3.0,Stress/Panic
8029,119.0,36.7,95.0,3.0,Stress/Panic
8030,127.0,37.0,96.0,4.0,Stress/Panic
8031,100.0,36.7,95.0,4.0,Stress/Panic
8032,130.0,37.1,93.0,2.0,Stress/Panic
8033,102.0,36.9,94.0,2.0,Stress/Panic
8034,111.0,37.0,93.0,3.0,Stress/Panic
8035,119.0,37.0,93.0,3.0,Stress/Panic
8036,111.0,36.9,96.0,5.0,Stress/Panic
8037,130.0,36.5,95.0,2.0,Stress/Panic
8038,103.0,36.7,94.0,5.0,Stress/Panic
8039,117.0,36.8,93.0,4.0,Stress/Panic
8040,104.0,37.1,94.0,5.0,Stress/Panic
8041,128.0,36.7,96.0,3.0,Stress/Panic
8042,125.0,36.7,94.0,4.0,Stress/Panic
8043,103.0,37.2,96.0,4.0,Stress/Panic
8044,117.0,37.1,94.0,2.0,Stress/Panic
8045,121.0,36.8,94.0,2.0,Stress/Panic
8046,112.0,37.1,95.0,4.0,Stress/Panic
8047,105.0,37.1,96.0,3.0,Stress/Panic
8048,124.0,36.8,94.0,3.0,Stress/Panic
8049,100.0,36.9,95.0,2.0,Stress/Panic
8050,126.0,36.5,95.0,4.0,Stress/Panic
8051,109.0,36.6,96.0,5.0,Stress/Panic
8052,116.0,37.1,93.0,5.0,Stress/Panic
8053,128.0,36.7,96.0,3.0,Stress/Panic
8054,105.0,37.0,94.0,5.0,Stress/Panic
8055,100.0,37.2,96.0,3.0,Stress/Panic
8056,119.0,36.8,96.0,5.0,Stress/Panic
8057,103.0,36.6,94.0,3.0,Stress/Panic
8058,124.0,37.1,93.0,3.0,Stress/Panic
8059,123.0,36.6,94.0,3.0,Stress/Panic
8060,112.0,36.7,93.0,5.0,Stress/Panic
8061,118.0,37.2,95.0,2.0,Stress/Panic
8062,102.0,37.2,93.0,3.0,Stress/Panic
8063,107.0,36.8,93.0,4.0,Stress/Panic
8064,110.0,36.9,94.0,2.0,Stress/Panic
8065,100.0,36.5,96.0,3.0,Stress/Panic
8066,124.0,36.6,93.0,4.0,Stress/Panic
8067,109.0,36.8,94.0,2.0,Stress/Panic
8068,107.0,37.0,94.0,3.0,Stress/Panic
8069,120.0,36.7,93.0,5.0,Stress/Panic
8070,130.0,36.6,95.0,2.0,Stress/Panic
8071,125.0,37.1,95.0,5.0,Stress/Panic
8072,126.0,37.0,95.0,5.0,Stress/Panic
8073,126.0,37.2,94.0,4.0,Stress/Panic
8074,121.0,36.6,94.0,2.0,Stress/Panic
8075,118.0,37.2,96.0,5.0,Stress/Panic
8076,120.0,36.7,93.0,5.0,Stress/Panic
8077,112.0,36.7,94.0,2.0,Stress/Panic
8078,120.0,37.2,95.0,5.0,Stress/Panic
8079,118.0,36.7,94.0,5.0,Stress/Panic
8080,124.0,37.0,95.0,4.0,Stress/Panic
8081,108.0,36.7,95.0,4.0,Stress/Panic
8082,114.0,37.0,94.0,5.0,Stress/Panic
8083,104.0,37.1,95.0,2.0,Stress/Panic
8084,101.0,36.8,96.0,2.0,Stress/Panic
8085,123.0,36.9,93.0,5.0,Stress/Panic
8086,120.0,36.6,95.0,2.0,Stress/Panic
8087,129.0,37.1,94.0,4.0,Stress/Panic
8088,105.0,36.5,96.0,4.0,Stress/Panic
8089,128.0,37.0,94.0,4.0,Stress/Panic
8090,106.0,36.7,94.0,2.0,Stress/Panic
8091,120.0,37.1,93.0,5.0,Stress/Panic
8092,124.0,36.9,94.0,5.0,Stress/Panic
8093,127.0,36.6,96.0,3.0,Stress/Panic
8094,102.0,37.0,95.0,5.0,Stress/Panic
8095,115.0,36.9,96.0,3.0,Stress/Panic
8096,130.0,36.9,94.0,3.0,Stress/Panic
8097,123.0,36.6,93.0,3.0,Stress/Panic
8098,121.0,37.0,94.0,2.0,Stress/Panic
8099,117.0,36.6,95.0,5.0,Stress/Panic
8100,102.0,36.7,96.0,2.0,Stress/Panic
8101,107.0,37.1,93.0,5.0,Stress/Panic
8102,107.0,36.9,93.0,4.0,Stress/Panic
8103,107.0,36.6,96.0,5.0,Stress/Panic
8104,102.0,36.8,96.0,2.0,Stress/Panic
8105,124.0,36.5,93.0,4.0,Stress/Panic
8106,115.0,36.9,95.0,5.0,Stress/Panic
8107,104.0,36.7,96.0,4.0,Stress/Panic
8108,126.0,36.9,96.0,3.0,Stress/Panic
8109,107.0,36.7,93.0,5.0,Stress/Panic
8110,128.0,36.6,93.0,3.0,Stress/Panic
8111,117.0,36.9,94.0,4.0,Stress/Panic
8112,123.0,36.6,95.0,5.0,Stress/Panic
8113,116.0,36.6,93.0,4.0,Stress/Panic
8114,107.0,37.0,93.0,5.0,Stress/Panic
8115,103.0,36.8,96.0,3.0,Stress/Panic
8116,103.0,36.8,94.0,2.0,Stress/Panic
8117,102.0,36.7,96.0,2.0,Stress/Panic
8118,111.0,37.0,96.0,3.0,Stress/Panic
8119,116.0,36.5,96.0,3.0,Stress/Panic
8120,118.0,36.6,95.0,5.0,Stress/Panic
8121,104.0,36.7,93.0,5.0,Stress/Panic
8122,113.0,36.8,95.0,2.0,Stress/Panic
8123,126.0,37.1,93.0,2.0,Stress/Panic
8124,107.0,36.7,94.0,5.0,Stress/Panic
8125,100.0,37.2,94.0,5.0,Stress/Panic
8126,130.0,37.1,93.0,3.0,Stress/Panic
8127,130.0,36.5,93.0,5.0,Stress/Panic
8128,105.0,37.1,94.0,5.0,Stress/Panic
8129,110.0,37.0,95.0,5.0,Stress/Panic
8130,121.0,37.1,94.0,2.0,Stress/Panic
8131,130.0,36.6,93.0,5.0,Stress/Panic
8132,115.0,37.1,93.0,3.0,Stress/Panic
8133,106.0,36.7,94.0,5.0,Stress/Panic
8134,120.0,37.1,93.0,4.0,Stress/Panic
8135,107.0,36.6,94.0,5.0,Stress/Panic
8136,113.0,36.9,93.0,3.0,Stress/Panic
8137,123.0,37.0,95.0,3.0,Stress/Panic
8138,102.0,37.0,94.0,5.0,Stress/Panic
8139,127.0,37.1,93.0,2.0,Stress/Panic
8140,127.0,36.6,96.0,5.0,Stress/Panic
8141,119.0,37.0,96.0,5.0,Stress/Panic
8142,115.0,36.9,95.0,5.0,Stress/Panic
8143,102.0,36.8,96.0,5.0,Stress/Panic
8144,130.0,36.6,94.0,4.0,Stress/Panic
8145,118.0,36.5,94.0,4.0,Stress/Panic
8146,121.0,37.1,95.0,5.0,Stress/Panic
8147,117.0,37.2,95.0,2.0,Stress/Panic
8148,101.0,37.1,93.0,5.0,Stress/Panic
8149,102.0,36.6,96.0,4.0,Stress/Panic
8150,109.0,37.0,96.0,5.0,Stress/Panic
8151,120.0,36.8,93.0,4.0,Stress/Panic
8152,117.0,36.6,94.0,4.0,Stress/Panic
8153,126.0,36.7,94.0,2.0,Stress/Panic
8154,112.0,37.1,93.0,2.0,Stress/Panic
8155,124.0,37.1,96.0,5.0,Stress/Panic
8156,104.0,37.0,96.0,3.0,Stress/Panic
8157,126.0,36.6,93.0,4.0,Stress/Panic
8158,111.0,36.7,95.0,4.0,Stress/Panic
8159,106.0,36.8,94.0,3.0,Stress/Panic
8160,102.0,36.8,93.0,2.0,Stress/Panic
8161,115.0,37.1,93.0,4.0,Stress/Panic
8162,120.0,36.7,94.0,4.0,Stress/Panic
8163,104.0,36.8,96.0,4.0,Stress/Panic
8164,105.0,36.7,96.0,2.0,Stress/Panic
8165,100.0,36.5,95.0,2.0,Stress/Panic
8166,121.0,36.7,93.0,3.0,Stress/Panic
8167,101.0,37.2,93.0,4.0,Stress/Panic
8168,117.0,36.7,94.0,3.0,Stress/Panic
8169,128.0,36.7,95.0,3.0,Stress/Panic
8170,128.0,36.8,95.0,2.0,Stress/Panic
8171,114.0,37.0,93.0,5.0,Stress/Panic
8172,114.0,37.2,93.0,2.0,Stress/Panic
8173,111.0,36.7,95.0,3.0,Stress/Panic
8174,119.0,37.0,96.0,2.0,Stress/Panic
8175,126.0,36.6,95.0,3.0,Stress/Panic
8176,119.0,36.9,94.0,4.0,Stress/Panic
8177,127.0,36.6,94.0,5.0,Stress/Panic
8178,118.0,36.8,96.0,2.0,Stress/Panic
8179,125.0,37.1,93.0,4.0,Stress/Panic
8180,119.0,36.9,93.0,2.0,Stress/Panic
8181,34.0,35.8,82.0,1.0,Unconscious
8182,49.0,36.1,88.0,1.0,Unconscious
8183,40.0,36.5,82.0,1.0,Unconscious
8184,35.0,35.3,85.0,0.0,Unconscious
8185,45.0,36.2,83.0,1.0,Unconscious
8186,33.0,36.4,90.0,0.0,Unconscious
8187,34.0,36.3,82.0,1.0,Unconscious
8188,47.0,36.5,81.0,1.0,Unconscious
8189,45.0,35.3,87.0,0.0,Unconscious
8190,39.0,36.4,87.0,1.0,Unconscious
8191,36.0,35.5,89.0,0.0,Unconscious
8192,43.0,35.5,87.0,1.0,Unconscious
8193,47.0,35.9,90.0,1.0,Unconscious
8194,31.0,35.5,89.0,1.0,Unconscious
8195,47.0,35.5,87.0,1.0,Unconscious
8196,35.0,35.5,82.0,1.0,Unconscious
8197,49.0,35.9,86.0,0.0,Unconscious
8198,43.0,35.6,89.0,0.0,Unconscious
8199,47.0,35.1,89.0,1.0,Unconscious
8200,32.0,35.1,80.0,1.0,Unconscious
8201,39.0,35.5,84.0,1.0,Unconscious
8202,47.0,35.8,88.0,1.0,Unconscious
8203,38.0,36.2,88.0,1.0,Unconscious
8204,38.0,35.2,86.0,1.0,Unconscious
8205,41.0,35.9,82.0,0.0,Unconscious
8206,37.0,35.6,83.0,1.0,Unconscious
8207,47.0,36.3,84.0,1.0,Unconscious
8208,50.0,35.5,88.0,0.0,Unconscious
8209,45.0,36.5,90.0,1.0,Unconscious
8210,47.0,35.7,90.0,1.0,Unconscious
8211,33.0,35.3,90.0,1.0,Unconscious
8212,38.0,35.7,87.0,1.0,Unconscious
8213,37.0,35.9,83.0,1.0,Unconscious
8214,45.0,36.0,82.0,0.0,Unconscious
8215,48.0,36.0,84.0,0.0,Unconscious
8216,43.0,36.4,81.0,0.0,Unconscious
8217,31.0,36.2,83.0,1.0,Unconscious
8218,31.0,36.0,90.0,1.0,Unconscious
8219,36.0,36.2,89.0,1.0,Unconscious
8220,33.0,35.6,84.0,0.0,Unconscious
8221,36.0,36.0,80.0,1.0,Unconscious
8222,30.0,35.4,84.0,1.0,Unconscious
8223,48.0,35.2,85.0,0.0,Unconscious
8224,50.0,35.5,86.0,1.0,Unconscious
8225,49.0,35.2,90.0,0.0,Unconscious
8226,50.0,35.6,82.0,1.0,Unconscious
8227,34.0,36.2,90.0,0.0,Unconscious
8228,44.0,36.2,81.0,0.0,Unconscious
8229,39.0,35.3,84.0,0.0,Unconscious
8230,41.0,36.4,84.0,1.0,Unconscious
8231,43.0,36.5,87.0,1.0,Unconscious
8232,42.0,36.1,81.0,1.0,Unconscious
8233,45.0,35.9,90.0,1.0,Unconscious
8234,36.0,35.8,89.0,0.0,Unconscious
8235,33.0,36.0,80.0,1.0,Unconscious
8236,31.0,35.1,87.0,0.0,Unconscious
8237,43.0,35.8,89.0,1.0,Unconscious
8238,44.0,35.6,86.0,1.0,Unconscious
8239,43.0,36.5,84.0,1.0,Unconscious
8240,40.0,35.6,90.0,0.0,Unconscious
8241,30.0,35.3,81.0,0.0,Unconscious
8242,41.0,35.0,80.0,1.0,Unconscious
8243,47.0,35.2,86.0,1.0,Unconscious
8244,41.0,35.2,87.0,1.0,Unconscious
8245,38.0,36.5,87.0,0.0,Unconscious
8246,37.0,35.3,85.0,0.0,Unconscious
8247,49.0,36.3,90.0,0.0,Unconscious
8248,47.0,36.5,83.0,1.0,Unconscious
8249,38.0,36.4,90.0,1.0,Unconscious
8250,50.0,36.3,81.0,1.0,Unconscious
8251,43.0,35.3,87.0,1.0,Unconscious
8252,37.0,35.3,83.0,0.0,Unconscious
8253,41.0,36.4,86.0,0.0,Unconscious
8254,32.0,35.6,80.0,0.0,Unconscious
8255,40.0,35.0,82.0,1.0,Unconscious
8256,35.0,35.5,83.0,1.0,Unconscious
8257,46.0,35.4,83.0,0.0,Unconscious
8258,46.0,36.4,80.0,1.0,Unconscious
8259,38.0,35.5,83.0,1.0,Unconscious
8260,43.0,35.7,85.0,0.0,Unconscious
8261,31.0,36.0,89.0,0.0,Unconscious
8262,41.0,35.8,83.0,1.0,Unconscious
8263,45.0,36.4,80.0,1.0,Unconscious
8264,34.0,35.1,85.0,1.0,Unconscious
8265,44.0,36.2,88.0,0.0,Unconscious
8266,34.0,36.2,83.0,0.0,Unconscious
8267,40.0,36.3,80.0,0.0,Unconscious
8268,36.0,36.3,81.0,0.0,Unconscious
8269,40.0,35.1,84.0,1.0,Unconscious
8270,44.0,35.2,80.0,0.0,Unconscious
8271,39.0,35.2,82.0,0.0,Unconscious
8272,36.0,36.4,82.0,1.0,Unconscious
8273,43.0,35.9,88.0,1.0,Unconscious
8274,33.0,36.1,86.0,1.0,Unconscious
8275,49.0,36.0,90.0,1.0,Unconscious
8276,31.0,36.4,81.0,0.0,Unconscious
8277,30.0,36.2,90.0,0.0,Unconscious
8278,45.0,35.4,86.0,0.0,Unconscious
8279,30.0,35.2,85.0,1.0,Unconscious
8280,46.0,36.2,86.0,0.0,Unconscious
8281,47.0,35.3,82.0,1.0,Unconscious
8282,41.0,36.1,85.0,1.0,Unconscious
8283,50.0,35.8,86.0,1.0,Unconscious
8284,32.0,35.2,89.0,1.0,Unconscious
8285,37.0,36.0,89.0,0.0,Unconscious
8286,49.0,35.9,90.0,0.0,Unconscious
8287,39.0,35.7,88.0,1.0,Unconscious
8288,38.0,35.5,90.0,1.0,Unconscious
8289,30.0,36.4,83.0,1.0,Unconscious
8290,47.0,35.6,87.0,0.0,Unconscious
8291,50.0,35.3,84.0,1.0,Unconscious
8292,39.0,35.8,86.0,0.0,Unconscious
8293,49.0,35.5,89.0,1.0,Unconscious
8294,36.0,36.1,81.0,1.0,Unconscious
8295,32.0,35.6,87.0,0.0,Unconscious
8296,49.0,35.4,80.0,1.0,Unconscious
8297,36.0,35.3,88.0,1.0,Unconscious
8298,41.0,36.2,88.0,1.0,Unconscious
8299,48.0,36.4,90.0,0.0,Unconscious
8300,39.0,36.4,80.0,0.0,Unconscious
8301,42.0,35.1,87.0,1.0,Unconscious
8302,36.0,36.0,84.0,1.0,Unconscious
8303,32.0,35.7,87.0,1.0,Unconscious
8304,37.0,35.2,86.0,1.0,Unconscious
8305,43.0,36.3,87.0,1.0,Unconscious
8306,50.0,35.9,87.0,1.0,Unconscious
8307,34.0,35.0,84.0,1.0,Unconscious
8308,35.0,36.1,86.0,0.0,Unconscious
8309,44.0,36.2,88.0,0.0,Unconscious
8310,32.0,35.5,86.0,1.0,Unconscious
8311,49.0,35.2,83.0,1.0,Unconscious
8312,38.0,36.2,86.0,1.0,Unconscious
8313,43.0,35.9,82.0,1.0,Unconscious
8314,35.0,35.2,85.0,0.0,Unconscious
8315,35.0,36.3,86.0,1.0,Unconscious
8316,33.0,35.2,87.0,0.0,Unconscious
8317,40.0,35.3,88.0,1.0,Unconscious
8318,32.0,36.1,83.0,1.0,Unconscious
8319,36.0,36.2,81.0,0.0,Unconscious
8320,32.0,35.9,82.0,0.0,Unconscious
8321,33.0,35.2,82.0,1.0,Unconscious
8322,40.0,35.9,88.0,1.0,Unconscious
8323,30.0,36.5,86.0,1.0,Unconscious
8324,36.0,35.1,80.0,1.0,Unconscious
8325,40.0,35.2,90.0,1.0,Unconscious
8326,46.0,35.7,86.0,1.0,Unconscious
8327,43.0,35.5,90.0,0.0,Unconscious
8328,47.0,35.3,81.0,0.0,Unconscious
8329,46.0,36.2,90.0,0.0,Unconscious
8330,49.0,36.2,83.0,1.0,Unconscious
8331,32.0,36.3,89.0,1.0,Unconscious
8332,37.0,36.0,86.0,0.0,Unconscious
8333,33.0,35.3,82.0,1.0,Unconscious
8334,43.0,36.4,89.0,1.0,Unconscious
8335,41.0,36.2,87.0,1.0,Unconscious
8336,39.0,35.8,85.0,0.0,Unconscious
8337,44.0,36.1,81.0,0.0,Unconscious
8338,43.0,35.8,88.0,1.0,Unconscious
8339,31.0,35.5,83.0,1.0,Unconscious
8340,47.0,35.8,83.0,1.0,Unconscious
8341,43.0,35.4,87.0,1.0,Unconscious
8342,41.0,36.0,84.0,0.0,Unconscious
8343,43.0,35.0,81.0,1.0,Unconscious
8344,47.0,35.4,90.0,0.0,Unconscious
8345,34.0,35.9,87.0,0.0,Unconscious
8346,36.0,36.0,89.0,1.0,Unconscious
8347,34.0,36.4,88.0,1.0,Unconscious
8348,46.0,36.5,80.0,0.0,Unconscious
8349,48.0,36.1,81.0,0.0,Unconscious
8350,50.0,36.0,89.0,1.0,Unconscious
8351,32.0,36.4,90.0,0.0,Unconscious
8352,37.0,36.1,84.0,0.0,Unconscious
8353,33.0,35.3,90.0,0.0,Unconscious
8354,42.0,35.3,86.0,0.0,Unconscious
8355,39.0,35.8,90.0,1.0,Unconscious
8356,48.0,35.3,80.0,0.0,Unconscious
8357,49.0,36.3,89.0,1.0,Unconscious
8358,41.0,35.8,84.0,1.0,Unconscious
8359,36.0,36.5,80.0,0.0,Unconscious
8360,40.0,36.4,86.0,0.0,Unconscious
8361,48.0,35.2,84.0,1.0,Unconscious
8362,38.0,36.4,87.0,1.0,Unconscious
8363,38.0,35.0,84.0,0.0,Unconscious
8364,43.0,36.1,80.0,0.0,Unconscious
8365,33.0,36.0,81.0,1.0,Unconscious
8366,47.0,35.6,85.0,1.0,Unconscious
8367,49.0,35.2,85.0,1.0,Unconscious
8368,46.0,35.7,87.0,1.0,Unconscious
8369,38.0,35.3,87.0,0.0,Unconscious
8370,41.0,35.0,85.0,1.0,Unconscious
8371,38.0,35.9,90.0,0.0,Unconscious
8372,45.0,35.6,83.0,0.0,Unconscious
8373,47.0,35.8,84.0,1.0,Unconscious
8374,41.0,36.5,81.0,0.0,Unconscious
8375,50.0,35.3,89.0,0.0,Unconscious
8376,36.0,35.3,86.0,1.0,Unconscious
8377,49.0,35.2,86.0,0.0,Unconscious
8378,37.0,35.6,82.0,1.0,Unconscious
8379,47.0,35.6,83.0,1.0,Unconscious
8380,46.0,35.3,81.0,0.0,Unconscious
8381,41.0,35.1,89.0,0.0,Unconscious
8382,42.0,35.4,82.0,0.0,Unconscious
8383,32.0,36.0,82.0,1.0,Unconscious
8384,41.0,35.5,81.0,0.0,Unconscious
8385,30.0,35.3,88.0,0.0,Unconscious
8386,48.0,36.4,85.0,0.0,Unconscious
8387,41.0,36.1,86.0,0.0,Unconscious
8388,47.0,35.6,83.0,1.0,Unconscious
8389,35.0,35.5,80.0,1.0,Unconscious
8390,33.0,36.1,84.0,0.0,Unconscious
8391,32.0,35.9,82.0,0.0,Unconscious
8392,45.0,36.2,85.0,1.0,Unconscious
8393,49.0,36.0,80.0,0.0,Unconscious
8394,49.0,35.4,85.0,0.0,Unconscious
8395,31.0,35.6,87.0,1.0,Unconscious
8396,48.0,35.4,90.0,1.0,Unconscious
8397,39.0,35.4,90.0,1.0,Unconscious
8398,42.0,35.9,89.0,1.0,Unconscious
8399,42.0,36.0,81.0,0.0,Unconscious
8400,43.0,35.1,85.0,0.0,Unconscious
8401,43.0,35.8,88.0,1.0,Unconscious
8402,37.0,35.5,89.0,0.0,Unconscious
8403,50.0,36.2,81.0,0.0,Unconscious
8404,32.0,36.1,83.0,0.0,Unconscious
8405,36.0,35.9,84.0,1.0,Unconscious
8406,33.0,35.0,81.0,0.0,Unconscious
8407,39.0,35.8,81.0,1.0,Unconscious
8408,34.0,35.5,83.0,0.0,Unconscious
8409,34.0,36.0,88.0,1.0,Unconscious
8410,43.0,36.3,89.0,1.0,Unconscious
8411,33.0,36.1,89.0,1.0,Unconscious
8412,31.0,35.2,80.0,1.0,Unconscious
8413,45.0,35.4,80.0,0.0,Unconscious
8414,37.0,35.0,87.0,1.0,Unconscious
8415,42.0,35.6,82.0,0.0,Unconscious
8416,34.0,35.8,85.0,1.0,Unconscious
8417,37.0,36.1,88.0,0.0,Unconscious
8418,40.0,35.5,86.0,0.0,Unconscious
8419,35.0,36.1,80.0,0.0,Unconscious
8420,38.0,36.0,90.0,0.0,Unconscious
8421,43.0,35.2,83.0,1.0,Unconscious
8422,32.0,35.2,80.0,1.0,Unconscious
8423,34.0,36.0,84.0,0.0,Unconscious
8424,50.0,35.2,86.0,0.0,Unconscious
8425,37.0,36.0,85.0,1.0,Unconscious
8426,45.0,35.0,90.0,1.0,Unconscious
8427,34.0,35.1,85.0,0.0,Unconscious
8428,45.0,36.0,86.0,0.0,Unconscious
8429,47.0,35.6,90.0,0.0,Unconscious
8430,40.0,35.5,90.0,1.0,Unconscious
8431,37.0,35.6,82.0,0.0,Unconscious
8432,33.0,35.5,87.0,0.0,Unconscious
8433,50.0,35.1,87.0,0.0,Unconscious
8434,32.0,35.0,88.0,1.0,Unconscious
8435,38.0,35.1,84.0,1.0,Unconscious
8436,40.0,35.1,88.0,1.0,Unconscious
8437,45.0,36.5,89.0,0.0,Unconscious
8438,32.0,36.0,81.0,0.0,Unconscious
8439,43.0,35.1,87.0,1.0,Unconscious
8440,45.0,36.5,80.0,1.0,Unconscious
8441,44.0,35.9,86.0,0.0,Unconscious
8442,34.0,36.1,82.0,0.0,Unconscious
8443,40.0,35.2,88.0,0.0,Unconscious
8444,44.0,36.2,82.0,0.0,Unconscious
8445,49.0,35.7,82.0,0.0,Unconscious
8446,47.0,35.3,82.0,1.0,Unconscious
8447,33.0,35.1,83.0,1.0,Unconscious
8448,47.0,35.8,85.0,1.0,Unconscious
8449,37.0,35.6,87.0,0.0,Unconscious
8450,43.0,35.1,85.0,0.0,Unconscious
8451,49.0,36.2,80.0,1.0,Unconscious
8452,43.0,36.4,90.0,1.0,Unconscious
8453,36.0,35.7,87.0,1.0,Unconscious
8454,43.0,36.0,90.0,0.0,Unconscious
8455,50.0,36.1,85.0,1.0,Unconscious
8456,48.0,36.4,81.0,1.0,Unconscious
8457,30.0,35.2,89.0,0.0,Unconscious
8458,32.0,36.4,89.0,0.0,Unconscious
8459,45.0,35.1,90.0,1.0,Unconscious
8460,31.0,36.3,86.0,0.0,Unconscious
8461,32.0,36.2,83.0,0.0,Unconscious
8462,30.0,36.1,87.0,1.0,Unconscious
8463,31.0,35.1,88.0,0.0,Unconscious
8464,32.0,36.4,87.0,1.0,Unconscious
8465,50.0,36.2,90.0,0.0,Unconscious
8466,38.0,35.3,84.0,1.0,Unconscious
8467,50.0,35.4,83.0,1.0,Unconscious
8468,48.0,35.2,84.0,1.0,Unconscious
8469,40.0,35.5,89.0,0.0,Unconscious
8470,33.0,36.1,82.0,0.0,Unconscious
8471,34.0,35.8,85.0,0.0,Unconscious
8472,37.0,35.3,83.0,1.0,Unconscious
8473,36.0,35.8,83.0,0.0,Unconscious
8474,39.0,35.7,81.0,0.0,Unconscious
8475,37.0,35.4,87.0,0.0,Unconscious
8476,38.0,36.0,90.0,0.0,Unconscious
8477,38.0,36.0,89.0,1.0,Unconscious
8478,32.0,35.7,81.0,0.0,Unconscious
8479,48.0,35.2,80.0,1.0,Unconscious
8480,44.0,36.2,87.0,0.0,Unconscious
8481,37.0,35.2,81.0,0.0,Unconscious
8482,49.0,35.7,87.0,0.0,Unconscious
8483,35.0,36.0,89.0,0.0,Unconscious
8484,39.0,36.1,83.0,0.0,Unconscious
8485,37.0,35.7,87.0,0.0,Unconscious
8486,34.0,35.9,82.0,1.0,Unconscious
8487,34.0,35.2,80.0,0.0,Unconscious
8488,36.0,36.3,86.0,1.0,Unconscious
8489,35.0,36.0,80.0,0.0,Unconscious
8490,34.0,35.9,87.0,0.0,Unconscious
8491,49.0,36.0,82.0,1.0,Unconscious
8492,49.0,35.6,87.0,1.0,Unconscious
8493,48.0,35.9,82.0,1.0,Unconscious
8494,43.0,35.9,80.0,0.0,Unconscious
8495,43.0,35.3,80.0,0.0,Unconscious
8496,48.0,35.3,89.0,1.0,Unconscious
8497,46.0,35.9,86.0,0.0,Unconscious
8498,41.0,35.8,80.0,1.0,Unconscious
8499,38.0,35.9,80.0,1.0,Unconscious
8500,48.0,35.3,82.0,0.0,Unconscious
8501,42.0,35.5,89.0,1.0,Unconscious
8502,33.0,35.1,85.0,0.0,Unconscious
8503,47.0,36.0,85.0,0.0,Unconscious
8504,44.0,36.3,82.0,1.0,Unconscious
8505,37.0,36.3,88.0,0.0,Unconscious
8506,33.0,36.3,87.0,1.0,Unconscious
8507,34.0,36.0,87.0,0.0,Unconscious
8508,37.0,35.4,86.0,1.0,Unconscious
8509,42.0,35.5,84.0,0.0,Unconscious
8510,31.0,36.0,89.0,1.0,Unconscious
8511,33.0,36.1,89.0,0.0,Unconscious
8512,31.0,36.5,86.0,1.0,Unconscious
8513,43.0,35.7,90.0,0.0,Unconscious
8514,41.0,36.0,84.0,1.0,Unconscious
8515,46.0,36.1,83.0,0.0,Unconscious
8516,36.0,35.5,80.0,1.0,Unconscious
8517,30.0,36.4,90.0,1.0,Unconscious
8518,45.0,35.9,89.0,0.0,Unconscious
8519,37.0,35.3,85.0,0.0,Unconscious
8520,50.0,35.9,85.0,1.0,Unconscious
8521,42.0,35.0,80.0,0.0,Unconscious
8522,46.0,36.3,83.0,0.0,Unconscious
8523,39.0,35.3,85.0,1.0,Unconscious
8524,37.0,35.1,90.0,1.0,Unconscious
8525,33.0,35.4,85.0,1.0,Unconscious
8526,47.0,35.2,81.0,0.0,Unconscious
8527,35.0,35.1,81.0,1.0,Unconscious
8528,41.0,36.2,82.0,1.0,Unconscious
8529,42.0,35.5,85.0,0.0,Unconscious
8530,46.0,35.3,85.0,1.0,Unconscious
8531,46.0,35.2,81.0,1.0,Unconscious
8532,37.0,35.7,81.0,1.0,Unconscious
8533,39.0,36.2,84.0,0.0,Unconscious
8534,45.0,35.7,85.0,0.0,Unconscious
8535,33.0,36.4,87.0,0.0,Unconscious
8536,45.0,35.2,81.0,0.0,Unconscious
8537,40.0,36.3,86.0,1.0,Unconscious
8538,38.0,36.5,84.0,1.0,Unconscious
8539,44.0,35.7,90.0,1.0,Unconscious
8540,50.0,36.0,90.0,0.0,Unconscious
8541,42.0,35.8,83.0,0.0,Unconscious
8542,43.0,36.4,90.0,1.0,Unconscious
8543,35.0,35.3,84.0,0.0,Unconscious
8544,48.0,35.0,85.0,1.0,Unconscious
8545,34.0,35.2,82.0,1.0,Unconscious
8546,42.0,35.8,81.0,1.0,Unconscious
8547,40.0,35.9,84.0,0.0,Unconscious
8548,48.0,35.6,84.0,1.0,Unconscious
8549,49.0,35.8,82.0,1.0,Unconscious
8550,48.0,35.0,85.0,1.0,Unconscious
8551,47.0,35.5,82.0,0.0,Unconscious
8552,34.0,35.3,82.0,0.0,Unconscious
8553,42.0,36.3,83.0,1.0,Unconscious
8554,47.0,35.0,83.0,1.0,Unconscious
8555,48.0,36.1,88.0,0.0,Unconscious
8556,36.0,36.3,82.0,1.0,Unconscious
8557,43.0,35.9,86.0,1.0,Unconscious
8558,41.0,36.3,87.0,0.0,Unconscious
8559,32.0,35.0,81.0,1.0,Unconscious
8560,42.0,35.8,89.0,1.0,Unconscious
8561,46.0,36.3,88.0,1.0,Unconscious
8562,37.0,35.6,87.0,0.0,Unconscious
8563,30.0,36.0,82.0,1.0,Unconscious
8564,38.0,35.2,89.0,0.0,Unconscious
8565,31.0,36.2,80.0,1.0,Unconscious
8566,47.0,35.1,84.0,1.0,Unconscious
8567,38.0,36.3,90.0,1.0,Unconscious
8568,45.0,36.4,87.0,1.0,Unconscious
8569,34.0,35.3,81.0,1.0,Unconscious
8570,44.0,35.1,80.0,1.0,Unconscious
8571,32.0,36.0,90.0,1.0,Unconscious
8572,48.0,35.9,89.0,1.0,Unconscious
8573,40.0,35.7,83.0,0.0,Unconscious
8574,39.0,36.1,86.0,1.0,Unconscious
8575,36.0,35.5,82.0,1.0,Unconscious
8576,33.0,36.0,80.0,0.0,Unconscious
8577,46.0,36.3,85.0,1.0,Unconscious
8578,37.0,36.2,81.0,0.0,Unconscious
8579,32.0,36.5,83.0,0.0,Unconscious
8580,44.0,35.6,82.0,1.0,Unconscious
8581,42.0,35.1,84.0,0.0,Unconscious
8582,49.0,35.8,90.0,1.0,Unconscious
8583,49.0,35.9,89.0,1.0,Unconscious
8584,33.0,35.2,87.0,0.0,Unconscious
8585,43.0,35.6,85.0,0.0,Unconscious
8586,42.0,35.7,88.0,1.0,Unconscious
8587,37.0,36.1,82.0,1.0,Unconscious
8588,47.0,35.6,89.0,0.0,Unconscious
8589,48.0,35.6,87.0,1.0,Unconscious
8590,34.0,36.1,81.0,1.0,Unconscious
8591,30.0,36.1,87.0,0.0,Unconscious
8592,34.0,35.6,81.0,1.0,Unconscious
8593,48.0,35.8,86.0,1.0,Unconscious
8594,46.0,35.4,90.0,1.0,Unconscious
8595,47.0,36.5,82.0,1.0,Unconscious
8596,50.0,35.8,81.0,1.0,Unconscious
8597,41.0,35.8,81.0,1.0,Unconscious
8598,38.0,35.6,82.0,1.0,Unconscious
8599,48.0,35.1,82.0,0.0,Unconscious
8600,47.0,35.5,84.0,0.0,Unconscious
8601,31.0,35.9,84.0,0.0,Unconscious
8602,46.0,35.3,88.0,1.0,Unconscious
8603,31.0,35.7,86.0,1.0,Unconscious
8604,30.0,35.2,85.0,0.0,Unconscious
8605,49.0,35.4,82.0,1.0,Unconscious
8606,49.0,35.5,84.0,0.0,Unconscious
8607,43.0,36.1,87.0,0.0,Unconscious
8608,38.0,36.0,86.0,1.0,Unconscious
8609,40.0,36.4,86.0,1.0,Unconscious
8610,34.0,36.4,85.0,1.0,Unconscious
8611,38.0,36.4,89.0,0.0,Unconscious
8612,34.0,35.9,87.0,0.0,Unconscious
8613,33.0,35.7,82.0,1.0,Unconscious
8614,44.0,35.9,82.0,0.0,Unconscious
8615,37.0,35.8,84.0,1.0,Unconscious
8616,41.0,35.3,87.0,0.0,Unconscious
8617,39.0,35.4,85.0,1.0,Unconscious
8618,50.0,36.1,90.0,1.0,Unconscious
8619,32.0,36.2,86.0,0.0,Unconscious
8620,38.0,35.2,83.0,0.0,Unconscious
8621,32.0,36.5,88.0,1.0,Unconscious
8622,37.0,35.5,88.0,0.0,Unconscious
8623,47.0,35.6,86.0,0.0,Unconscious
8624,47.0,36.3,81.0,0.0,Unconscious
8625,42.0,35.5,80.0,1.0,Unconscious
8626,35.0,36.1,80.0,1.0,Unconscious
8627,32.0,35.4,84.0,1.0,Unconscious
8628,48.0,36.4,82.0,0.0,Unconscious
8629,36.0,36.4,83.0,1.0,Unconscious
8630,43.0,36.5,84.0,1.0,Unconscious
8631,41.0,35.8,83.0,1.0,Unconscious
8632,47.0,35.6,84.0,1.0,Unconscious
8633,39.0,35.1,81.0,1.0,Unconscious
8634,41.0,35.6,89.0,1.0,Unconscious
8635,42.0,35.5,87.0,0.0,Unconscious
8636,38.0,35.9,85.0,0.0,Unconscious
8637,44.0,35.8,83.0,0.0,Unconscious
8638,32.0,36.0,87.0,1.0,Unconscious
8639,35.0,36.3,80.0,0.0,Unconscious
8640,38.0,36.0,80.0,1.0,Unconscious
8641,36.0,35.6,80.0,1.0,Unconscious
8642,33.0,35.4,90.0,1.0,Unconscious
8643,32.0,35.4,88.0,0.0,Unconscious
8644,30.0,35.8,89.0,0.0,Unconscious
8645,40.0,35.3,87.0,1.0,Unconscious
8646,45.0,35.6,90.0,1.0,Unconscious
8647,37.0,35.4,86.0,0.0,Unconscious
8648,43.0,35.7,84.0,1.0,Unconscious
8649,42.0,35.6,90.0,1.0,Unconscious
8650,49.0,36.0,89.0,0.0,Unconscious
8651,32.0,36.1,88.0,0.0,Unconscious
8652,32.0,35.3,89.0,0.0,Unconscious
8653,41.0,35.1,83.0,0.0,Unconscious
8654,48.0,36.4,90.0,1.0,Unconscious
8655,49.0,35.0,90.0,1.0,Unconscious
8656,44.0,35.9,89.0,0.0,Unconscious
8657,36.0,35.8,85.0,0.0,Unconscious
8658,34.0,35.4,80.0,1.0,Unconscious
8659,36.0,36.3,86.0,1.0,Unconscious
8660,48.0,35.1,89.0,0.0,Unconscious
8661,45.0,35.7,89.0,1.0,Unconscious
8662,33.0,36.2,80.0,1.0,Unconscious
8663,36.0,35.7,84.0,0.0,Unconscious
8664,49.0,36.0,85.0,0.0,Unconscious
8665,50.0,35.3,83.0,1.0,Unconscious
8666,38.0,35.5,84.0,0.0,Unconscious
8667,48.0,35.5,82.0,1.0,Unconscious
8668,33.0,35.4,89.0,0.0,Unconscious
8669,34.0,35.4,86.0,1.0,Unconscious
8670,48.0,36.5,90.0,1.0,Unconscious
8671,35.0,35.1,86.0,0.0,Unconscious
8672,38.0,36.3,84.0,0.0,Unconscious
8673,40.0,36.1,88.0,0.0,Unconscious
8674,41.0,36.0,88.0,1.0,Unconscious
8675,48.0,35.7,85.0,0.0,Unconscious
8676,34.0,36.1,86.0,0.0,Unconscious
8677,40.0,36.1,86.0,1.0,Unconscious
8678,49.0,36.3,83.0,0.0,Unconscious
8679,38.0,35.7,82.0,1.0,Unconscious
8680,48.0,35.1,84.0,1.0,Unconscious
8681,49.0,35.9,83.0,1.0,Unconscious
8682,46.0,35.2,85.0,1.0,Unconscious
8683,39.0,35.5,88.0,0.0,Unconscious
8684,48.0,35.6,83.0,1.0,Unconscious
8685,46.0,35.1,80.0,0.0,Unconscious
8686,41.0,35.6,84.0,0.0,Unconscious
8687,35.0,35.0,89.0,0.0,Unconscious
8688,34.0,35.1,83.0,1.0,Unconscious
8689,43.0,36.0,86.0,1.0,Unconscious
8690,49.0,35.1,86.0,0.0,Unconscious
8691,49.0,35.2,80.0,0.0,Unconscious
8692,48.0,35.3,81.0,1.0,Unconscious
8693,39.0,36.3,85.0,1.0,Unconscious
8694,41.0,36.4,86.0,1.0,Unconscious
8695,36.0,35.9,88.0,1.0,Unconscious
8696,42.0,36.2,82.0,1.0,Unconscious
8697,34.0,35.3,90.0,1.0,Unconscious
8698,42.0,36.0,80.0,0.0,Unconscious
8699,48.0,35.4,81.0,1.0,Unconscious
8700,48.0,35.9,84.0,1.0,Unconscious
8701,47.0,36.3,86.0,1.0,Unconscious
8702,34.0,36.2,89.0,1.0,Unconscious
8703,37.0,35.8,90.0,1.0,Unconscious
8704,48.0,35.5,83.0,0.0,Unconscious
8705,48.0,36.0,84.0,1.0,Unconscious
8706,42.0,36.5,88.0,1.0,Unconscious
8707,41.0,36.4,81.0,0.0,Unconscious
8708,36.0,35.1,84.0,0.0,Unconscious
8709,33.0,35.1,83.0,0.0,Unconscious
8710,42.0,35.9,87.0,0.0,Unconscious
8711,39.0,35.8,85.0,0.0,Unconscious
8712,32.0,36.3,87.0,0.0,Unconscious
8713,31.0,35.8,82.0,1.0,Unconscious
8714,35.0,35.6,90.0,1.0,Unconscious
8715,44.0,35.9,84.0,0.0,Unconscious
8716,45.0,36.4,87.0,0.0,Unconscious
8717,48.0,36.0,82.0,0.0,Unconscious
8718,46.0,35.6,86.0,1.0,Unconscious
8719,46.0,35.3,86.0,0.0,Unconscious
8720,49.0,35.2,87.0,1.0,Unconscious
8721,38.0,35.7,87.0,0.0,Unconscious
8722,39.0,36.4,84.0,0.0,Unconscious
8723,46.0,35.1,84.0,1.0,Unconscious
8724,48.0,36.1,83.0,1.0,Unconscious
8725,32.0,35.5,86.0,0.0,Unconscious
8726,48.0,35.9,85.0,0.0,Unconscious
8727,49.0,35.6,89.0,0.0,Unconscious
8728,41.0,36.3,90.0,0.0,Unconscious
8729,48.0,35.3,83.0,1.0,Unconscious
8730,41.0,36.4,86.0,0.0,Unconscious
8731,46.0,35.9,84.0,1.0,Unconscious
8732,40.0,36.4,85.0,1.0,Unconscious
8733,49.0,35.9,80.0,0.0,Unconscious
8734,40.0,35.7,84.0,1.0,Unconscious
8735,39.0,35.2,89.0,0.0,Unconscious
8736,45.0,35.4,90.0,1.0,Unconscious
8737,48.0,35.1,87.0,1.0,Unconscious
8738,49.0,36.2,85.0,0.0,Unconscious
8739,41.0,36.4,86.0,1.0,Unconscious
8740,32.0,36.4,85.0,1.0,Unconscious
8741,38.0,36.5,84.0,0.0,Unconscious
8742,49.0,35.1,87.0,1.0,Unconscious
8743,45.0,35.9,90.0,1.0,Unconscious
8744,50.0,36.5,85.0,1.0,Unconscious
8745,38.0,35.4,81.0,1.0,Unconscious
8746,38.0,36.4,87.0,0.0,Unconscious
8747,44.0,35.1,82.0,0.0,Unconscious
8748,36.0,36.5,87.0,1.0,Unconscious
8749,40.0,35.8,81.0,1.0,Unconscious
8750,45.0,36.2,81.0,1.0,Unconscious
8751,36.0,35.6,86.0,1.0,Unconscious
8752,32.0,35.9,80.0,0.0,Unconscious
8753,44.0,36.3,80.0,0.0,Unconscious
8754,31.0,36.3,80.0,1.0,Unconscious
8755,31.0,35.6,87.0,1.0,Unconscious
8756,37.0,35.3,90.0,0.0,Unconscious
8757,39.0,36.0,81.0,1.0,Unconscious
8758,35.0,35.1,85.0,0.0,Unconscious
8759,38.0,35.9,85.0,0.0,Unconscious
8760,34.0,35.2,83.0,1.0,Unconscious
8761,44.0,36.3,83.0,1.0,Unconscious
8762,45.0,35.7,89.0,0.0,Unconscious
8763,49.0,35.1,88.0,0.0,Unconscious
8764,32.0,35.8,90.0,0.0,Unconscious
8765,30.0,35.5,80.0,0.0,Unconscious
8766,39.0,35.4,89.0,0.0,Unconscious
8767,46.0,35.9,81.0,0.0,Unconscious
8768,37.0,36.4,84.0,1.0,Unconscious
8769,43.0,35.5,87.0,0.0,Unconscious
8770,46.0,35.0,83.0,1.0,Unconscious
8771,35.0,36.4,88.0,0.0,Unconscious
8772,39.0,36.3,90.0,0.0,Unconscious
8773,46.0,35.8,83.0,0.0,Unconscious
8774,39.0,35.1,86.0,1.0,Unconscious
8775,30.0,35.9,86.0,0.0,Unconscious
8776,38.0,35.2,86.0,1.0,Unconscious
8777,35.0,35.9,84.0,1.0,Unconscious
8778,50.0,35.7,87.0,0.0,Unconscious
8779,49.0,35.3,90.0,1.0,Unconscious
8780,48.0,35.2,83.0,0.0,Unconscious
8781,40.0,35.4,83.0,1.0,Unconscious
8782,40.0,35.4,82.0,0.0,Unconscious
8783,39.0,35.2,80.0,0.0,Unconscious
8784,30.0,35.8,80.0,0.0,Unconscious
8785,33.0,35.7,85.0,0.0,Unconscious
8786,47.0,35.6,84.0,1.0,Unconscious
8787,40.0,35.7,80.0,1.0,Unconscious
8788,48.0,35.3,81.0,0.0,Unconscious
8789,32.0,35.9,82.0,1.0,Unconscious
8790,44.0,36.2,83.0,1.0,Unconscious
8791,50.0,36.0,85.0,1.0,Unconscious
8792,34.0,36.4,85.0,1.0,Unconscious
8793,50.0,35.8,90.0,0.0,Unconscious
8794,41.0,35.8,83.0,0.0,Unconscious
8795,42.0,36.5,90.0,1.0,Unconscious
8796,44.0,35.6,86.0,1.0,Unconscious
8797,37.0,36.2,89.0,1.0,Unconscious
8798,40.0,35.0,87.0,0.0,Unconscious
8799,42.0,35.2,89.0,1.0,Unconscious
8800,38.0,35.6,89.0,1.0,Unconscious
8801,35.0,35.7,90.0,1.0,Unconscious
8802,48.0,36.3,86.0,1.0,Unconscious
8803,45.0,35.7,87.0,0.0,Unconscious
8804,45.0,35.2,89.0,1.0,Unconscious
8805,42.0,35.6,84.0,0.0,Unconscious
8806,44.0,35.5,85.0,0.0,Unconscious
8807,30.0,36.0,88.0,0.0,Unconscious
8808,42.0,35.5,80.0,1.0,Unconscious
8809,44.0,36.0,84.0,0.0,Unconscious
8810,41.0,35.1,80.0,1.0,Unconscious
8811,43.0,36.3,80.0,1.0,Unconscious
8812,36.0,35.9,85.0,1.0,Unconscious
8813,48.0,35.7,81.0,0.0,Unconscious
8814,49.0,35.2,88.0,1.0,Unconscious
8815,38.0,36.2,89.0,0.0,Unconscious
8816,44.0,35.0,90.0,0.0,Unconscious
8817,44.0,36.3,84.0,1.0,Unconscious
8818,49.0,36.1,82.0,1.0,Unconscious
8819,48.0,36.0,81.0,0.0,Unconscious
8820,37.0,35.2,80.0,0.0,Unconscious
8821,38.0,35.1,82.0,0.0,Unconscious
8822,45.0,35.5,81.0,0.0,Unconscious
8823,47.0,35.1,88.0,1.0,Unconscious
8824,41.0,35.5,86.0,0.0,Unconscious
8825,30.0,35.4,88.0,1.0,Unconscious
8826,45.0,36.2,81.0,0.0,Unconscious
8827,31.0,35.4,88.0,1.0,Unconscious
8828,32.0,35.7,87.0,0.0,Unconscious
8829,34.0,36.3,84.0,1.0,Unconscious
8830,31.0,35.1,86.0,1.0,Unconscious
8831,33.0,35.3,88.0,0.0,Unconscious
8832,36.0,36.2,90.0,0.0,Unconscious
8833,49.0,35.0,82.0,0.0,Unconscious
8834,46.0,35.6,89.0,1.0,Unconscious
8835,50.0,36.3,88.0,1.0,Unconscious
8836,46.0,36.2,90.0,0.0,Unconscious
8837,40.0,35.2,86.0,0.0,Unconscious
8838,32.0,35.6,90.0,1.0,Unconscious
8839,31.0,36.0,88.0,0.0,Unconscious
8840,49.0,35.6,90.0,0.0,Unconscious
8841,37.0,35.4,82.0,0.0,Unconscious
8842,42.0,35.7,90.0,0.0,Unconscious
8843,41.0,35.1,86.0,0.0,Unconscious
8844,39.0,35.6,88.0,0.0,Unconscious
8845,48.0,36.5,86.0,1.0,Unconscious
8846,36.0,36.0,82.0,0.0,Unconscious
8847,39.0,36.3,80.0,1.0,Unconscious
8848,34.0,35.9,89.0,1.0,Unconscious
8849,42.0,35.2,87.0,0.0,Unconscious
8850,45.0,36.0,85.0,1.0,Unconscious
8851,40.0,35.3,85.0,0.0,Unconscious
8852,30.0,36.3,87.0,1.0,Unconscious
8853,43.0,36.2,89.0,1.0,Unconscious
8854,47.0,36.0,85.0,1.0,Unconscious
8855,41.0,35.5,88.0,1.0,Unconscious
8856,33.0,35.6,83.0,1.0,Unconscious
8857,49.0,35.8,90.0,0.0,Unconscious
8858,31.0,36.1,84.0,1.0,Unconscious
8859,32.0,35.9,85.0,1.0,Unconscious
8860,35.0,35.8,86.0,0.0,Unconscious
8861,30.0,35.6,82.0,1.0,Unconscious
8862,35.0,35.4,80.0,0.0,Unconscious
8863,32.0,36.3,90.0,1.0,Unconscious
8864,41.0,35.6,80.0,1.0,Unconscious
8865,46.0,35.6,88.0,1.0,Unconscious
8866,50.0,36.2,80.0,1.0,Unconscious
8867,36.0,35.6,82.0,1.0,Unconscious
8868,32.0,35.3,86.0,0.0,Unconscious
8869,41.0,35.3,80.0,1.0,Unconscious
8870,31.0,35.7,90.0,0.0,Unconscious
8871,42.0,35.7,83.0,0.0,Unconscious
8872,31.0,35.1,89.0,1.0,Unconscious
8873,42.0,35.5,80.0,0.0,Unconscious
8874,45.0,35.6,82.0,1.0,Unconscious
8875,49.0,35.1,88.0,1.0,Unconscious
8876,49.0,35.9,84.0,1.0,Unconscious
8877,42.0,35.8,84.0,1.0,Unconscious
8878,50.0,35.6,89.0,0.0,Unconscious
8879,40.0,36.3,88.0,1.0,Unconscious
8880,49.0,35.3,87.0,1.0,Unconscious
8881,37.0,35.3,88.0,1.0,Unconscious
8882,42.0,36.1,89.0,1.0,Unconscious
8883,38.0,35.1,89.0,0.0,Unconscious
8884,33.0,35.9,84.0,1.0,Unconscious
8885,30.0,36.0,90.0,1.0,Unconscious
8886,46.0,36.0,83.0,0.0,Unconscious
8887,49.0,35.4,86.0,0.0,Unconscious
8888,37.0,35.5,81.0,0.0,Unconscious
8889,39.0,36.0,83.0,0.0,Unconscious
8890,45.0,35.4,83.0,0.0,Unconscious
8891,40.0,35.4,87.0,1.0,Unconscious
8892,33.0,35.6,81.0,0.0,Unconscious
8893,43.0,35.5,83.0,0.0,Unconscious
8894,32.0,35.4,89.0,1.0,Unconscious
8895,40.0,36.3,80.0,0.0,Unconscious
8896,49.0,35.7,82.0,0.0,Unconscious
8897,43.0,36.3,83.0,1.0,Unconscious
8898,37.0,36.2,90.0,0.0,Unconscious
8899,44.0,35.2,89.0,1.0,Unconscious
8900,42.0,35.4,82.0,0.0,Unconscious
8901,44.0,36.3,84.0,0.0,Unconscious
8902,47.0,35.6,86.0,1.0,Unconscious
8903,41.0,36.4,85.0,1.0,Unconscious
8904,37.0,35.9,88.0,0.0,Unconscious
8905,36.0,36.3,86.0,1.0,Unconscious
8906,46.0,35.8,90.0,1.0,Unconscious
8907,50.0,36.0,83.0,1.0,Unconscious
8908,32.0,36.3,82.0,1.0,Unconscious
8909,40.0,36.5,84.0,0.0,Unconscious
8910,32.0,36.0,87.0,1.0,Unconscious
8911,45.0,36.3,85.0,1.0,Unconscious
8912,44.0,36.3,88.0,0.0,Unconscious
8913,46.0,36.2,89.0,0.0,Unconscious
8914,44.0,35.4,90.0,1.0,Unconscious
8915,37.0,35.5,85.0,0.0,Unconscious
8916,50.0,35.2,88.0,1.0,Unconscious
8917,35.0,35.9,90.0,1.0,Unconscious
8918,42.0,35.7,90.0,0.0,Unconscious
8919,49.0,36.5,82.0,1.0,Unconscious
8920,49.0,36.1,84.0,0.0,Unconscious
8921,50.0,35.2,85.0,1.0,Unconscious
8922,47.0,35.3,80.0,1.0,Unconscious
8923,46.0,35.7,80.0,1.0,Unconscious
8924,39.0,36.3,80.0,0.0,Unconscious
8925,50.0,35.4,83.0,1.0,Unconscious
8926,42.0,35.5,87.0,0.0,Unconscious
8927,38.0,35.6,89.0,1.0,Unconscious
8928,34.0,35.7,87.0,0.0,Unconscious
8929,32.0,35.4,83.0,1.0,Unconscious
8930,34.0,35.9,88.0,0.0,Unconscious
8931,36.0,35.9,86.0,1.0,Unconscious
8932,44.0,36.3,83.0,1.0,Unconscious
8933,50.0,35.7,84.0,0.0,Unconscious
8934,41.0,35.7,84.0,1.0,Unconscious
8935,38.0,36.0,90.0,1.0,Unconscious
8936,47.0,35.8,87.0,1.0,Unconscious
8937,34.0,35.8,87.0,1.0,Unconscious
8938,49.0,36.4,86.0,0.0,Unconscious
8939,34.0,35.8,89.0,1.0,Unconscious
8940,48.0,35.6,80.0,1.0,Unconscious
8941,36.0,35.8,82.0,1.0,Unconscious
8942,50.0,35.2,87.0,1.0,Unconscious
8943,34.0,35.7,89.0,0.0,Unconscious
8944,36.0,35.6,85.0,1.0,Unconscious
8945,34.0,35.8,89.0,1.0,Unconscious
8946,46.0,35.3,86.0,1.0,Unconscious
8947,35.0,36.3,84.0,0.0,Unconscious
8948,48.0,35.1,86.0,1.0,Unconscious
8949,34.0,35.6,89.0,1.0,Unconscious
8950,49.0,35.1,86.0,1.0,Unconscious
8951,38.0,35.3,83.0,1.0,Unconscious
8952,41.0,35.9,84.0,0.0,Unconscious
8953,39.0,36.1,82.0,0.0,Unconscious
8954,33.0,36.5,81.0,1.0,Unconscious
8955,45.0,36.1,89.0,1.0,Unconscious
8956,45.0,36.1,82.0,1.0,Unconscious
8957,44.0,36.4,85.0,0.0,Unconscious
8958,47.0,35.0,85.0,1.0,Unconscious
8959,44.0,36.4,83.0,1.0,Unconscious
8960,41.0,36.5,88.0,1.0,Unconscious
8961,40.0,35.2,83.0,0.0,Unconscious
8962,42.0,36.2,85.0,1.0,Unconscious
8963,42.0,35.4,80.0,1.0,Unconscious
8964,39.0,36.4,85.0,1.0,Unconscious
8965,44.0,35.9,87.0,1.0,Unconscious
8966,38.0,35.8,83.0,1.0,Unconscious
8967,40.0,36.3,84.0,0.0,Unconscious
8968,49.0,36.3,85.0,1.0,Unconscious
8969,35.0,35.6,81.0,1.0,Unconscious
8970,32.0,35.8,83.0,0.0,Unconscious
8971,44.0,36.0,85.0,1.0,Unconscious
8972,33.0,35.1,80.0,1.0,Unconscious
8973,35.0,35.3,84.0,1.0,Unconscious
8974,44.0,36.5,90.0,0.0,Unconscious
8975,50.0,35.8,84.0,0.0,Unconscious
8976,36.0,36.0,89.0,0.0,Unconscious
8977,31.0,36.1,88.0,0.0,Unconscious
8978,37.0,35.3,83.0,1.0,Unconscious
8979,39.0,35.7,80.0,1.0,Unconscious
8980,33.0,35.6,84.0,0.0,Unconscious
8981,33.0,35.5,89.0,0.0,Unconscious
8982,39.0,35.5,87.0,1.0,Unconscious
8983,35.0,35.2,87.0,0.0,Unconscious
8984,49.0,35.5,80.0,0.0,Unconscious
8985,35.0,36.1,87.0,0.0,Unconscious
8986,37.0,35.8,81.0,0.0,Unconscious
8987,38.0,36.1,88.0,1.0,Unconscious
8988,41.0,35.7,82.0,1.0,Unconscious
8989,31.0,35.1,90.0,0.0,Unconscious
8990,36.0,35.7,89.0,1.0,Unconscious
8991,46.0,35.6,86.0,0.0,Unconscious
8992,32.0,35.5,86.0,1.0,Unconscious
8993,36.0,35.6,84.0,0.0,Unconscious
8994,34.0,36.2,85.0,0.0,Unconscious
8995,43.0,35.8,90.0,1.0,Unconscious
8996,35.0,36.5,85.0,0.0,Unconscious
8997,39.0,35.6,89.0,0.0,Unconscious
8998,37.0,36.4,87.0,0.0,Unconscious
8999,36.0,36.5,84.0,1.0,Unconscious
9000,35.0,35.6,82.0,1.0,Unconscious
9001,37.0,35.5,90.0,1.0,Unconscious
9002,42.0,36.4,81.0,0.0,Unconscious
9003,30.0,35.2,83.0,1.0,Unconscious
9004,31.0,36.4,88.0,1.0,Unconscious
9005,33.0,36.4,85.0,1.0,Unconscious
9006,31.0,35.3,82.0,1.0,Unconscious
9007,38.0,35.3,87.0,0.0,Unconscious
9008,50.0,35.1,82.0,0.0,Unconscious
9009,43.0,36.3,83.0,1.0,Unconscious
9010,48.0,35.3,80.0,0.0,Unconscious
9011,43.0,36.2,82.0,0.0,Unconscious
9012,34.0,36.0,88.0,0.0,Unconscious
9013,30.0,36.2,90.0,0.0,Unconscious
9014,32.0,35.8,80.0,0.0,Unconscious
9015,44.0,35.7,83.0,1.0,Unconscious
9016,43.0,36.3,85.0,1.0,Unconscious
9017,49.0,35.0,85.0,1.0,Unconscious
9018,46.0,35.3,80.0,0.0,Unconscious
9019,36.0,36.0,81.0,0.0,Unconscious
9020,40.0,35.1,81.0,0.0,Unconscious
9021,39.0,36.2,88.0,1.0,Unconscious
9022,43.0,36.2,82.0,1.0,Unconscious
9023,45.0,36.2,83.0,0.0,Unconscious
9024,40.0,36.4,81.0,1.0,Unconscious
9025,39.0,35.6,87.0,0.0,Unconscious
9026,33.0,36.4,88.0,0.0,Unconscious
9027,50.0,35.7,80.0,0.0,Unconscious
9028,38.0,35.3,88.0,1.0,Unconscious
9029,45.0,35.8,89.0,0.0,Unconscious
9030,49.0,35.3,90.0,1.0,Unconscious
9031,45.0,35.0,89.0,0.0,Unconscious
9032,49.0,36.0,82.0,0.0,Unconscious
9033,44.0,36.4,86.0,0.0,Unconscious
9034,41.0,36.1,87.0,0.0,Unconscious
9035,50.0,36.4,86.0,0.0,Unconscious
9036,37.0,35.8,80.0,0.0,Unconscious
9037,40.0,36.0,88.0,0.0,Unconscious
9038,39.0,35.0,88.0,0.0,Unconscious
9039,38.0,35.4,81.0,1.0,Unconscious
9040,34.0,36.3,80.0,1.0,Unconscious
9041,32.0,36.0,90.0,0.0,Unconscious
9042,32.0,35.3,89.0,0.0,Unconscious
9043,40.0,35.6,90.0,1.0,Unconscious
9044,38.0,35.7,84.0,0.0,Unconscious
9045,30.0,36.1,80.0,0.0,Unconscious
9046,37.0,36.4,90.0,1.0,Unconscious
9047,30.0,36.2,88.0,1.0,Unconscious
9048,38.0,35.3,81.0,0.0,Unconscious
9049,31.0,35.0,83.0,0.0,Unconscious
9050,39.0,35.4,88.0,0.0,Unconscious
9051,40.0,36.1,82.0,0.0,Unconscious
9052,47.0,36.1,90.0,1.0,Unconscious
9053,37.0,35.4,80.0,1.0,Unconscious
9054,46.0,35.7,82.0,1.0,Unconscious
9055,39.0,36.2,84.0,1.0,Unconscious
9056,37.0,35.7,86.0,1.0,Unconscious
9057,46.0,35.7,83.0,0.0,Unconscious
9058,46.0,36.4,90.0,1.0,Unconscious
9059,46.0,36.1,90.0,0.0,Unconscious
9060,42.0,36.1,84.0,1.0,Unconscious
9061,89.0,36.8,100.0,7.0,Walking
9062,100.0,36.8,100.0,4.0,Walking
9063,80.0,36.8,95.0,4.0,Walking
9064,106.0,37.1,98.0,7.0,Walking
9065,86.0,36.9,99.0,5.0,Walking
9066,97.0,37.0,95.0,6.0,Walking
9067,104.0,37.1,95.0,6.0,Walking
9068,104.0,36.8,96.0,5.0,Walking
9069,104.0,36.9,97.0,6.0,Walking
9070,104.0,36.8,96.0,4.0,Walking
9071,102.0,36.7,99.0,5.0,Walking
9072,84.0,37.0,97.0,7.0,Walking
9073,94.0,37.2,100.0,5.0,Walking
9074,80.0,36.8,97.0,6.0,Walking
9075,99.0,37.1,100.0,6.0,Walking
9076,87.0,37.2,97.0,6.0,Walking
9077,93.0,36.9,95.0,4.0,Walking
9078,86.0,36.8,95.0,6.0,Walking
9079,90.0,37.1,100.0,7.0,Walking
9080,107.0,37.1,98.0,7.0,Walking
9081,90.0,36.9,98.0,4.0,Walking
9082,90.0,36.7,100.0,4.0,Walking
9083,80.0,37.1,98.0,4.0,Walking
9084,99.0,37.1,98.0,6.0,Walking
9085,107.0,37.0,97.0,6.0,Walking
9086,101.0,37.0,98.0,4.0,Walking
9087,80.0,37.2,95.0,7.0,Walking
9088,94.0,36.9,96.0,4.0,Walking
9089,92.0,36.8,97.0,6.0,Walking
9090,86.0,37.1,97.0,6.0,Walking
9091,103.0,37.0,95.0,5.0,Walking
9092,98.0,36.7,97.0,6.0,Walking
9093,85.0,36.9,99.0,5.0,Walking
9094,98.0,36.9,97.0,7.0,Walking
9095,100.0,37.0,98.0,6.0,Walking
9096,103.0,37.1,100.0,4.0,Walking
9097,108.0,37.1,97.0,4.0,Walking
9098,89.0,37.0,99.0,6.0,Walking
9099,99.0,37.1,96.0,6.0,Walking
9100,84.0,36.8,98.0,6.0,Walking
9101,98.0,36.8,96.0,6.0,Walking
9102,110.0,37.2,95.0,5.0,Walking
9103,92.0,36.8,98.0,4.0,Walking
9104,95.0,37.2,99.0,5.0,Walking
9105,85.0,37.1,97.0,5.0,Walking
9106,108.0,36.8,97.0,6.0,Walking
9107,110.0,36.8,95.0,6.0,Walking
9108,89.0,37.2,99.0,4.0,Walking
9109,99.0,37.0,99.0,4.0,Walking
9110,103.0,36.9,95.0,6.0,Walking
9111,81.0,36.9,98.0,7.0,Walking
9112,99.0,37.0,100.0,7.0,Walking
9113,102.0,36.7,99.0,7.0,Walking
9114,99.0,36.9,96.0,4.0,Walking
9115,98.0,36.8,98.0,5.0,Walking
9116,110.0,37.0,96.0,6.0,Walking
9117,97.0,36.8,100.0,4.0,Walking
9118,87.0,36.8,98.0,7.0,Walking
9119,101.0,36.8,100.0,5.0,Walking
9120,100.0,36.8,96.0,7.0,Walking
9121,101.0,36.8,98.0,5.0,Walking
9122,97.0,36.8,100.0,7.0,Walking
9123,99.0,37.0,99.0,5.0,Walking
9124,100.0,37.1,98.0,4.0,Walking
9125,96.0,36.8,98.0,7.0,Walking
9126,96.0,36.9,96.0,6.0,Walking
9127,105.0,36.9,95.0,7.0,Walking
9128,100.0,37.0,98.0,5.0,Walking
9129,110.0,37.1,98.0,4.0,Walking
9130,95.0,37.0,96.0,7.0,Walking
9131,93.0,36.9,95.0,4.0,Walking
9132,95.0,37.0,96.0,4.0,Walking
9133,90.0,36.9,95.0,4.0,Walking
9134,83.0,37.0,97.0,6.0,Walking
9135,108.0,36.8,99.0,6.0,Walking
9136,102.0,37.0,95.0,5.0,Walking
9137,99.0,37.0,96.0,5.0,Walking
9138,110.0,36.9,95.0,5.0,Walking
9139,93.0,36.8,96.0,5.0,Walking
9140,103.0,36.9,97.0,4.0,Walking
9141,102.0,36.8,95.0,4.0,Walking
9142,89.0,36.9,97.0,4.0,Walking
9143,97.0,37.1,95.0,7.0,Walking
9144,109.0,36.9,96.0,4.0,Walking
9145,92.0,36.7,99.0,7.0,Walking
9146,100.0,36.9,97.0,4.0,Walking
9147,89.0,37.2,98.0,5.0,Walking
9148,97.0,36.7,100.0,5.0,Walking
9149,80.0,36.7,97.0,7.0,Walking
9150,110.0,36.9,100.0,6.0,Walking
9151,82.0,37.2,97.0,6.0,Walking
9152,85.0,37.1,100.0,6.0,Walking
9153,97.0,37.1,96.0,4.0,Walking
9154,104.0,37.0,100.0,6.0,Walking
9155,92.0,37.2,96.0,6.0,Walking
9156,93.0,37.1,96.0,7.0,Walking
9157,80.0,37.2,97.0,5.0,Walking
9158,87.0,37.0,100.0,7.0,Walking
9159,95.0,36.8,96.0,6.0,Walking
9160,98.0,37.1,100.0,7.0,Walking
9161,94.0,37.0,99.0,6.0,Walking
9162,92.0,36.9,99.0,5.0,Walking
9163,97.0,37.1,98.0,4.0,Walking
9164,109.0,37.0,99.0,6.0,Walking
9165,96.0,36.8,99.0,7.0,Walking
9166,82.0,36.8,98.0,7.0,Walking
9167,84.0,36.8,98.0,5.0,Walking
9168,105.0,37.1,95.0,7.0,Walking
9169,102.0,36.8,95.0,7.0,Walking
9170,103.0,37.1,96.0,5.0,Walking
9171,107.0,37.0,99.0,7.0,Walking
9172,82.0,37.0,100.0,7.0,Walking
9173,81.0,36.8,96.0,5.0,Walking
9174,92.0,37.0,95.0,5.0,Walking
9175,106.0,37.2,99.0,7.0,Walking
9176,85.0,36.8,95.0,4.0,Walking
9177,81.0,36.8,100.0,5.0,Walking
9178,80.0,37.1,99.0,4.0,Walking
9179,89.0,36.9,100.0,4.0,Walking
9180,85.0,36.9,97.0,7.0,Walking
9181,99.0,37.0,98.0,4.0,Walking
9182,108.0,36.9,100.0,6.0,Walking
9183,104.0,37.0,96.0,7.0,Walking
9184,89.0,36.7,95.0,6.0,Walking
9185,94.0,36.9,100.0,4.0,Walking
9186,85.0,36.8,100.0,5.0,Walking
9187,104.0,36.8,96.0,7.0,Walking
9188,110.0,36.8,97.0,5.0,Walking
9189,93.0,36.8,97.0,4.0,Walking
9190,85.0,36.9,98.0,6.0,Walking
9191,84.0,36.8,100.0,7.0,Walking
9192,99.0,37.0,100.0,6.0,Walking
9193,98.0,37.0,98.0,5.0,Walking
9194,90.0,37.0,98.0,4.0,Walking
9195,89.0,36.8,97.0,6.0,Walking
9196,89.0,37.0,100.0,5.0,Walking
9197,86.0,36.9,99.0,4.0,Walking
9198,103.0,37.2,95.0,4.0,Walking
9199,100.0,37.1,98.0,5.0,Walking
9200,98.0,37.0,97.0,4.0,Walking
9201,104.0,37.0,96.0,4.0,Walking
9202,93.0,37.0,98.0,5.0,Walking
9203,102.0,36.9,95.0,7.0,Walking
9204,91.0,36.8,96.0,4.0,Walking
9205,89.0,36.8,99.0,6.0,Walking
9206,95.0,36.9,98.0,7.0,Walking
9207,92.0,36.9,99.0,5.0,Walking
9208,95.0,37.0,99.0,7.0,Walking
9209,95.0,37.2,100.0,6.0,Walking
9210,108.0,37.0,98.0,7.0,Walking
9211,99.0,37.0,96.0,5.0,Walking
9212,103.0,36.8,95.0,5.0,Walking
9213,89.0,37.0,98.0,4.0,Walking
9214,97.0,36.9,99.0,7.0,Walking
9215,88.0,36.8,96.0,7.0,Walking
9216,88.0,36.8,97.0,7.0,Walking
9217,87.0,37.1,99.0,5.0,Walking
9218,86.0,36.9,95.0,7.0,Walking
9219,91.0,36.9,99.0,6.0,Walking
9220,104.0,36.7,100.0,7.0,Walking
9221,104.0,37.2,99.0,5.0,Walking
9222,105.0,36.8,99.0,7.0,Walking
9223,87.0,36.8,96.0,5.0,Walking
9224,81.0,37.1,95.0,7.0,Walking
9225,96.0,37.1,96.0,5.0,Walking
9226,109.0,36.8,98.0,5.0,Walking
9227,107.0,37.0,96.0,5.0,Walking
9228,97.0,36.7,97.0,4.0,Walking
9229,84.0,37.0,98.0,6.0,Walking
9230,95.0,36.9,97.0,4.0,Walking
9231,85.0,37.0,96.0,5.0,Walking
9232,87.0,36.9,97.0,4.0,Walking
9233,106.0,37.0,98.0,5.0,Walking
9234,82.0,36.8,98.0,4.0,Walking
9235,86.0,37.0,100.0,5.0,Walking
9236,99.0,37.2,100.0,7.0,Walking
9237,89.0,37.0,100.0,5.0,Walking
9238,110.0,36.8,97.0,6.0,Walking
9239,82.0,36.9,98.0,7.0,Walking
9240,103.0,36.7,96.0,6.0,Walking
9241,89.0,36.8,98.0,4.0,Walking
9242,94.0,37.1,95.0,4.0,Walking
9243,101.0,36.8,98.0,4.0,Walking
9244,84.0,37.1,96.0,6.0,Walking
9245,80.0,36.9,98.0,5.0,Walking
9246,85.0,36.8,99.0,6.0,Walking
9247,93.0,36.8,99.0,6.0,Walking
9248,109.0,37.2,100.0,6.0,Walking
9249,93.0,37.0,97.0,4.0,Walking
9250,103.0,37.2,98.0,7.0,Walking
9251,84.0,36.8,98.0,5.0,Walking
9252,88.0,36.8,98.0,4.0,Walking
9253,97.0,37.0,98.0,7.0,Walking
9254,87.0,36.8,95.0,7.0,Walking
9255,105.0,37.2,97.0,4.0,Walking
9256,82.0,37.0,99.0,6.0,Walking
9257,85.0,37.1,99.0,7.0,Walking
9258,80.0,37.0,98.0,4.0,Walking
9259,108.0,37.1,100.0,5.0,Walking
9260,104.0,36.9,99.0,5.0,Walking
9261,90.0,36.8,100.0,6.0,Walking
9262,83.0,37.1,95.0,4.0,Walking
9263,97.0,36.8,99.0,5.0,Walking
9264,107.0,36.9,95.0,7.0,Walking
9265,90.0,36.7,98.0,5.0,Walking
9266,110.0,36.8,95.0,4.0,Walking
9267,102.0,36.9,96.0,6.0,Walking
9268,106.0,37.1,98.0,5.0,Walking
9269,87.0,36.8,100.0,7.0,Walking
9270,92.0,37.0,95.0,4.0,Walking
9271,100.0,37.2,97.0,4.0,Walking
9272,107.0,36.9,97.0,6.0,Walking
9273,106.0,37.1,100.0,4.0,Walking
9274,105.0,36.9,95.0,6.0,Walking
9275,96.0,36.9,100.0,5.0,Walking
9276,106.0,36.8,97.0,7.0,Walking
9277,103.0,36.9,97.0,5.0,Walking
9278,94.0,36.8,96.0,6.0,Walking
9279,110.0,36.8,98.0,7.0,Walking
9280,85.0,37.1,96.0,5.0,Walking
9281,86.0,36.8,98.0,6.0,Walking
9282,91.0,37.1,99.0,6.0,Walking
9283,98.0,37.0,99.0,6.0,Walking
9284,82.0,36.8,100.0,6.0,Walking
9285,92.0,37.0,96.0,5.0,Walking
9286,87.0,36.9,99.0,6.0,Walking
9287,95.0,37.2,97.0,5.0,Walking
9288,92.0,36.7,96.0,7.0,Walking
9289,110.0,36.9,97.0,5.0,Walking
9290,96.0,36.9,99.0,6.0,Walking
9291,101.0,37.0,96.0,4.0,Walking
9292,97.0,36.9,97.0,5.0,Walking
9293,87.0,36.9,97.0,7.0,Walking
9294,109.0,36.7,96.0,7.0,Walking
9295,81.0,36.8,98.0,5.0,Walking
9296,110.0,36.9,100.0,5.0,Walking
9297,97.0,37.2,95.0,5.0,Walking
9298,99.0,36.7,97.0,5.0,Walking
9299,108.0,36.8,97.0,5.0,Walking
9300,83.0,36.7,95.0,6.0,Walking
9301,97.0,36.9,98.0,7.0,Walking
9302,99.0,36.8,97.0,7.0,Walking
9303,94.0,37.0,98.0,5.0,Walking
9304,110.0,37.0,100.0,4.0,Walking
9305,81.0,37.2,96.0,5.0,Walking
9306,85.0,37.0,96.0,4.0,Walking
9307,87.0,37.1,95.0,5.0,Walking
9308,88.0,36.7,100.0,5.0,Walking
9309,106.0,36.9,95.0,6.0,Walking
9310,86.0,36.9,95.0,7.0,Walking
9311,97.0,37.0,96.0,6.0,Walking
9312,94.0,37.2,97.0,5.0,Walking
9313,83.0,37.2,97.0,5.0,Walking
9314,95.0,37.1,100.0,4.0,Walking
9315,94.0,37.2,98.0,7.0,Walking
9316,90.0,37.0,95.0,6.0,Walking
9317,109.0,37.2,96.0,6.0,Walking
9318,84.0,36.8,96.0,4.0,Walking
9319,96.0,36.8,99.0,4.0,Walking
9320,108.0,36.8,96.0,5.0,Walking
9321,83.0,36.9,99.0,6.0,Walking
9322,89.0,37.0,98.0,7.0,Walking
9323,110.0,36.7,100.0,4.0,Walking
9324,93.0,37.0,97.0,4.0,Walking
9325,100.0,36.9,100.0,7.0,Walking
9326,93.0,37.0,97.0,7.0,Walking
9327,94.0,36.8,98.0,6.0,Walking
9328,81.0,36.8,96.0,7.0,Walking
9329,90.0,36.7,98.0,4.0,Walking
9330,108.0,36.8,97.0,4.0,Walking
9331,83.0,37.1,95.0,5.0,Walking
9332,85.0,37.0,98.0,6.0,Walking
9333,85.0,36.9,96.0,7.0,Walking
9334,109.0,36.8,99.0,4.0,Walking
9335,97.0,36.7,98.0,4.0,Walking
9336,96.0,36.9,96.0,4.0,Walking
9337,99.0,36.9,99.0,4.0,Walking
9338,96.0,36.8,95.0,7.0,Walking
9339,102.0,37.2,99.0,6.0,Walking
9340,89.0,36.7,96.0,4.0,Walking
9341,110.0,37.0,95.0,6.0,Walking
9342,106.0,37.0,98.0,5.0,Walking
9343,102.0,37.1,96.0,6.0,Walking
9344,103.0,36.8,100.0,6.0,Walking
9345,106.0,37.2,96.0,6.0,Walking
9346,91.0,37.2,98.0,4.0,Walking
9347,94.0,36.8,97.0,4.0,Walking
9348,103.0,36.8,100.0,4.0,Walking
9349,98.0,37.0,100.0,7.0,Walking
9350,80.0,37.1,95.0,6.0,Walking
9351,85.0,37.0,95.0,7.0,Walking
9352,106.0,37.0,100.0,4.0,Walking
9353,110.0,37.1,95.0,6.0,Walking
9354,109.0,37.0,98.0,5.0,Walking
9355,84.0,36.7,95.0,5.0,Walking
9356,80.0,36.9,96.0,4.0,Walking
9357,87.0,37.1,99.0,5.0,Walking
9358,99.0,36.9,96.0,6.0,Walking
9359,108.0,36.7,97.0,5.0,Walking
9360,102.0,36.7,98.0,5.0,Walking
9361,82.0,37.0,98.0,5.0,Walking
9362,90.0,37.1,97.0,5.0,Walking
9363,84.0,36.8,96.0,4.0,Walking
9364,84.0,37.2,97.0,7.0,Walking
9365,89.0,36.8,98.0,5.0,Walking
9366,91.0,37.2,98.0,5.0,Walking
9367,92.0,36.9,97.0,7.0,Walking
9368,101.0,37.1,95.0,5.0,Walking
9369,90.0,37.0,98.0,6.0,Walking
9370,83.0,36.8,99.0,6.0,Walking
9371,107.0,36.8,100.0,5.0,Walking
9372,90.0,37.1,96.0,4.0,Walking
9373,96.0,37.0,96.0,7.0,Walking
9374,95.0,37.2,97.0,7.0,Walking
9375,81.0,36.9,96.0,7.0,Walking
9376,89.0,36.9,100.0,7.0,Walking
9377,86.0,36.7,99.0,7.0,Walking
9378,87.0,36.9,95.0,7.0,Walking
9379,110.0,36.9,99.0,7.0,Walking
9380,83.0,37.1,99.0,4.0,Walking
9381,95.0,36.9,97.0,7.0,Walking
9382,92.0,36.8,98.0,7.0,Walking
9383,96.0,36.8,96.0,6.0,Walking
9384,88.0,37.1,100.0,5.0,Walking
9385,91.0,37.0,95.0,7.0,Walking
9386,83.0,37.0,96.0,4.0,Walking
9387,92.0,37.0,95.0,5.0,Walking
9388,107.0,36.9,99.0,6.0,Walking
9389,93.0,36.9,99.0,5.0,Walking
9390,82.0,36.7,100.0,7.0,Walking
9391,104.0,36.7,95.0,7.0,Walking
9392,103.0,37.1,95.0,6.0,Walking
9393,93.0,37.1,96.0,7.0,Walking
9394,92.0,37.2,97.0,5.0,Walking
9395,103.0,36.9,99.0,4.0,Walking
9396,95.0,37.2,97.0,4.0,Walking
9397,106.0,36.8,97.0,7.0,Walking
9398,80.0,37.2,97.0,4.0,Walking
9399,83.0,37.1,96.0,6.0,Walking
9400,97.0,37.2,98.0,7.0,Walking
9401,107.0,37.2,97.0,5.0,Walking
9402,80.0,36.8,98.0,6.0,Walking
9403,103.0,36.8,100.0,4.0,Walking
9404,90.0,37.1,99.0,4.0,Walking
9405,109.0,37.2,95.0,5.0,Walking
9406,101.0,37.1,99.0,6.0,Walking
9407,85.0,36.8,100.0,5.0,Walking
9408,94.0,36.9,97.0,5.0,Walking
9409,92.0,36.8,97.0,6.0,Walking
9410,95.0,36.9,100.0,7.0,Walking
9411,93.0,37.0,96.0,4.0,Walking
9412,107.0,37.0,99.0,5.0,Walking
9413,98.0,36.9,100.0,6.0,Walking
9414,107.0,37.0,99.0,5.0,Walking
9415,87.0,37.2,98.0,4.0,Walking
9416,102.0,37.2,95.0,6.0,Walking
9417,109.0,36.9,100.0,6.0,Walking
9418,92.0,36.8,97.0,5.0,Walking
9419,89.0,36.8,95.0,5.0,Walking
9420,100.0,37.1,98.0,4.0,Walking
9421,84.0,36.9,100.0,6.0,Walking
9422,85.0,36.8,99.0,4.0,Walking
9423,85.0,36.8,98.0,4.0,Walking
9424,91.0,36.7,97.0,4.0,Walking
9425,110.0,37.2,99.0,5.0,Walking
9426,110.0,37.0,97.0,6.0,Walking
9427,110.0,37.2,97.0,7.0,Walking
9428,104.0,36.8,95.0,5.0,Walking
9429,83.0,37.1,95.0,4.0,Walking
9430,96.0,36.9,96.0,4.0,Walking
9431,108.0,36.8,99.0,6.0,Walking
9432,83.0,36.8,97.0,4.0,Walking
9433,90.0,37.0,100.0,4.0,Walking
9434,104.0,37.1,99.0,6.0,Walking
9435,86.0,37.0,99.0,4.0,Walking
9436,104.0,36.9,99.0,7.0,Walking
9437,92.0,36.7,95.0,7.0,Walking
9438,91.0,37.1,98.0,7.0,Walking
9439,110.0,36.7,95.0,4.0,Walking
9440,100.0,36.8,99.0,5.0,Walking
9441,88.0,36.8,99.0,5.0,Walking
9442,98.0,37.0,96.0,5.0,Walking
9443,98.0,37.1,98.0,6.0,Walking
9444,86.0,36.9,100.0,4.0,Walking
9445,89.0,37.0,96.0,7.0,Walking
9446,109.0,36.8,98.0,4.0,Walking
9447,105.0,36.9,98.0,4.0,Walking
9448,105.0,37.1,98.0,6.0,Walking
9449,81.0,36.8,98.0,5.0,Walking
9450,84.0,36.8,99.0,7.0,Walking
9451,87.0,37.0,99.0,7.0,Walking
9452,84.0,36.9,100.0,6.0,Walking
9453,106.0,37.0,98.0,5.0,Walking
9454,80.0,36.8,95.0,6.0,Walking
9455,83.0,37.0,100.0,5.0,Walking
9456,110.0,37.1,100.0,7.0,Walking
9457,91.0,37.0,99.0,5.0,Walking
9458,98.0,36.7,100.0,7.0,Walking
9459,95.0,37.2,99.0,7.0,Walking
9460,101.0,36.8,95.0,6.0,Walking
9461,104.0,37.1,96.0,4.0,Walking
9462,83.0,36.9,96.0,4.0,Walking
9463,90.0,37.2,97.0,7.0,Walking
9464,86.0,36.8,98.0,4.0,Walking
9465,87.0,37.0,95.0,6.0,Walking
9466,105.0,36.8,98.0,6.0,Walking
9467,84.0,36.8,98.0,4.0,Walking
9468,106.0,36.7,99.0,4.0,Walking
9469,103.0,37.1,96.0,6.0,Walking
9470,103.0,37.0,97.0,4.0,Walking
9471,108.0,37.2,100.0,4.0,Walking
9472,80.0,36.8,98.0,5.0,Walking
9473,87.0,37.1,98.0,7.0,Walking
9474,87.0,36.8,97.0,6.0,Walking
9475,104.0,36.7,99.0,5.0,Walking
9476,87.0,37.1,99.0,5.0,Walking
9477,83.0,37.1,98.0,4.0,Walking
9478,108.0,37.0,99.0,4.0,Walking
9479,96.0,37.2,96.0,7.0,Walking
9480,102.0,37.0,96.0,5.0,Walking
9481,102.0,36.9,99.0,5.0,Walking
9482,94.0,37.1,96.0,4.0,Walking
9483,109.0,37.2,99.0,7.0,Walking
9484,83.0,37.1,96.0,6.0,Walking
9485,86.0,36.8,97.0,4.0,Walking
9486,97.0,36.8,97.0,7.0,Walking
9487,110.0,36.8,97.0,4.0,Walking
9488,90.0,36.7,100.0,6.0,Walking
9489,93.0,37.2,96.0,5.0,Walking
9490,105.0,37.1,99.0,6.0,Walking
9491,94.0,36.8,99.0,7.0,Walking
9492,85.0,36.8,100.0,5.0,Walking
9493,92.0,37.0,99.0,7.0,Walking
9494,94.0,36.9,100.0,4.0,Walking
9495,87.0,37.0,95.0,4.0,Walking
9496,80.0,36.8,95.0,4.0,Walking
9497,103.0,36.9,96.0,5.0,Walking
9498,84.0,37.0,99.0,7.0,Walking
9499,108.0,37.0,99.0,5.0,Walking
9500,101.0,36.8,97.0,6.0,Walking
9501,81.0,37.1,100.0,5.0,Walking
9502,109.0,37.1,98.0,4.0,Walking
9503,107.0,36.8,99.0,6.0,Walking
9504,96.0,36.8,98.0,6.0,Walking
9505,92.0,36.7,97.0,4.0,Walking
9506,87.0,36.8,97.0,7.0,Walking
9507,106.0,37.0,97.0,7.0,Walking
9508,81.0,37.1,97.0,4.0,Walking
9509,105.0,36.8,96.0,6.0,Walking
9510,107.0,36.8,97.0,6.0,Walking
9511,89.0,37.2,95.0,6.0,Walking
9512,87.0,37.1,95.0,5.0,Walking
9513,104.0,36.7,97.0,5.0,Walking
9514,99.0,36.8,99.0,4.0,Walking
9515,101.0,36.7,100.0,5.0,Walking
9516,100.0,37.2,95.0,6.0,Walking
9517,108.0,37.1,99.0,7.0,Walking
9518,106.0,37.1,96.0,7.0,Walking
9519,91.0,36.9,100.0,6.0,Walking
9520,85.0,37.2,100.0,6.0,Walking
9521,81.0,36.7,98.0,6.0,Walking
9522,81.0,36.9,96.0,5.0,Walking
9523,94.0,37.2,95.0,4.0,Walking
9524,89.0,37.1,99.0,4.0,Walking
9525,107.0,37.0,100.0,6.0,Walking
9526,104.0,36.7,97.0,6.0,Walking
9527,80.0,37.1,100.0,6.0,Walking
9528,86.0,37.1,96.0,4.0,Walking
9529,91.0,37.0,96.0,7.0,Walking
9530,90.0,36.7,96.0,6.0,Walking
9531,92.0,37.0,95.0,6.0,Walking
9532,83.0,36.9,96.0,7.0,Walking
9533,91.0,36.8,99.0,4.0,Walking
9534,82.0,37.0,99.0,5.0,Walking
9535,89.0,36.8,100.0,5.0,Walking
9536,101.0,36.8,95.0,5.0,Walking
9537,97.0,37.2,99.0,6.0,Walking
9538,104.0,36.8,97.0,6.0,Walking
9539,96.0,37.1,96.0,7.0,Walking
9540,98.0,36.8,98.0,4.0,Walking
9541,98.0,37.2,96.0,7.0,Walking
9542,103.0,36.8,95.0,7.0,Walking
9543,83.0,37.2,97.0,6.0,Walking
9544,89.0,37.1,96.0,4.0,Walking
9545,84.0,36.8,97.0,5.0,Walking
9546,110.0,37.0,98.0,7.0,Walking
9547,92.0,37.0,95.0,6.0,Walking
9548,106.0,36.8,99.0,4.0,Walking
9549,98.0,37.1,95.0,4.0,Walking
9550,105.0,36.9,99.0,7.0,Walking
9551,89.0,37.0,100.0,5.0,Walking
9552,94.0,36.8,95.0,4.0,Walking
9553,101.0,36.9,98.0,5.0,Walking
9554,89.0,36.8,95.0,7.0,Walking
9555,93.0,36.7,98.0,6.0,Walking
9556,89.0,37.2,95.0,4.0,Walking
9557,100.0,36.7,98.0,4.0,Walking
9558,84.0,36.9,96.0,5.0,Walking
9559,80.0,37.0,96.0,6.0,Walking
9560,101.0,37.2,98.0,5.0,Walking
9561,95.0,37.0,95.0,6.0,Walking
9562,98.0,37.0,97.0,7.0,Walking
9563,98.0,37.1,99.0,6.0,Walking
9564,88.0,37.0,95.0,7.0,Walking
9565,97.0,37.2,98.0,4.0,Walking
9566,105.0,36.8,100.0,4.0,Walking
9567,91.0,37.1,96.0,5.0,Walking
9568,103.0,36.7,96.0,7.0,Walking
9569,107.0,36.8,99.0,4.0,Walking
9570,88.0,36.9,99.0,6.0,Walking
9571,105.0,37.1,100.0,7.0,Walking
9572,94.0,36.9,98.0,4.0,Walking
9573,106.0,36.8,97.0,6.0,Walking
9574,80.0,36.9,99.0,6.0,Walking
9575,90.0,36.9,95.0,4.0,Walking
9576,98.0,36.9,100.0,7.0,Walking
9577,89.0,37.0,97.0,4.0,Walking
9578,99.0,36.7,98.0,7.0,Walking
9579,90.0,36.8,100.0,5.0,Walking
9580,97.0,37.0,99.0,5.0,Walking
9581,106.0,37.0,95.0,7.0,Walking
9582,97.0,36.8,97.0,4.0,Walking
9583,104.0,36.9,98.0,4.0,Walking
9584,104.0,36.7,99.0,6.0,Walking
9585,84.0,37.1,98.0,7.0,Walking
9586,109.0,37.2,99.0,4.0,Walking
9587,110.0,36.8,99.0,7.0,Walking
9588,100.0,36.7,96.0,4.0,Walking
9589,98.0,37.1,98.0,7.0,Walking
9590,103.0,37.1,98.0,4.0,Walking
9591,106.0,36.9,100.0,5.0,Walking
9592,90.0,36.7,98.0,7.0,Walking
9593,102.0,36.9,96.0,4.0,Walking
9594,93.0,37.2,99.0,6.0,Walking
9595,102.0,37.2,99.0,4.0,Walking
9596,92.0,37.1,96.0,5.0,Walking
9597,108.0,36.8,95.0,4.0,Walking
9598,81.0,37.1,100.0,5.0,Walking
9599,83.0,36.8,99.0,6.0,Walking
9600,100.0,37.2,99.0,7.0,Walking
9601,106.0,37.0,95.0,7.0,Walking
9602,105.0,36.7,99.0,4.0,Walking
9603,92.0,36.8,100.0,6.0,Walking
9604,106.0,37.0,100.0,4.0,Walking
9605,91.0,36.9,96.0,4.0,Walking
9606,104.0,37.2,98.0,6.0,Walking
9607,80.0,36.7,99.0,4.0,Walking
9608,87.0,36.8,96.0,5.0,Walking
9609,92.0,37.1,97.0,7.0,Walking
9610,104.0,37.1,100.0,5.0,Walking
9611,81.0,37.2,100.0,4.0,Walking
9612,85.0,37.0,97.0,4.0,Walking
9613,93.0,37.0,96.0,4.0,Walking
9614,110.0,37.0,99.0,7.0,Walking
9615,82.0,37.2,99.0,4.0,Walking
9616,80.0,37.0,99.0,5.0,Walking
9617,85.0,36.8,100.0,6.0,Walking
9618,89.0,37.2,99.0,6.0,Walking
9619,100.0,36.9,96.0,6.0,Walking
9620,110.0,37.0,100.0,6.0,Walking
9621,87.0,37.2,95.0,5.0,Walking
9622,97.0,36.9,96.0,6.0,Walking
9623,82.0,37.0,99.0,4.0,Walking
9624,82.0,36.9,96.0,7.0,Walking
9625,87.0,36.9,96.0,7.0,Walking
9626,84.0,36.8,95.0,5.0,Walking
9627,95.0,37.0,98.0,6.0,Walking
9628,105.0,37.0,96.0,7.0,Walking
9629,102.0,37.1,97.0,4.0,Walking
9630,110.0,36.9,97.0,7.0,Walking
9631,82.0,37.2,95.0,7.0,Walking
9632,105.0,36.8,99.0,5.0,Walking
9633,91.0,37.1,98.0,6.0,Walking
9634,97.0,37.0,100.0,4.0,Walking
9635,105.0,37.1,96.0,5.0,Walking
9636,108.0,37.1,99.0,6.0,Walking
9637,109.0,36.9,97.0,6.0,Walking
9638,105.0,37.1,97.0,5.0,Walking
9639,98.0,37.2,95.0,6.0,Walking
9640,99.0,36.7,96.0,5.0,Walking
9641,88.0,37.1,97.0,4.0,Walking
9642,108.0,36.8,96.0,6.0,Walking
9643,83.0,36.9,96.0,4.0,Walking
9644,103.0,36.8,97.0,6.0,Walking
9645,93.0,36.8,99.0,6.0,Walking
9646,106.0,36.9,100.0,6.0,Walking
9647,96.0,37.1,98.0,6.0,Walking
9648,82.0,37.2,96.0,7.0,Walking
9649,94.0,36.9,95.0,6.0,Walking
9650,109.0,36.8,97.0,6.0,Walking
9651,98.0,36.9,95.0,7.0,Walking
9652,90.0,36.9,96.0,6.0,Walking
9653,90.0,37.1,95.0,6.0,Walking
9654,95.0,37.0,100.0,6.0,Walking
9655,90.0,36.9,96.0,5.0,Walking
9656,105.0,36.8,95.0,5.0,Walking
9657,101.0,36.8,98.0,5.0,Walking
9658,107.0,37.0,96.0,4.0,Walking
9659,90.0,36.8,99.0,6.0,Walking
9660,97.0,36.8,97.0,7.0,Walking
9661,87.0,36.8,99.0,5.0,Walking
9662,107.0,37.1,99.0,5.0,Walking
9663,88.0,37.0,100.0,7.0,Walking
9664,92.0,36.8,97.0,7.0,Walking
9665,101.0,36.9,95.0,4.0,Walking
9666,97.0,36.8,100.0,6.0,Walking
9667,82.0,37.2,97.0,7.0,Walking
9668,83.0,37.1,98.0,6.0,Walking
9669,110.0,37.1,99.0,6.0,Walking
9670,98.0,36.8,100.0,5.0,Walking
9671,84.0,36.8,98.0,6.0,Walking
9672,110.0,36.9,99.0,7.0,Walking
9673,83.0,36.7,97.0,7.0,Walking
9674,108.0,37.1,99.0,7.0,Walking
9675,102.0,36.8,100.0,5.0,Walking
9676,93.0,36.7,98.0,5.0,Walking
9677,107.0,36.8,97.0,7.0,Walking
9678,95.0,36.8,99.0,6.0,Walking
9679,105.0,36.8,97.0,7.0,Walking
9680,106.0,36.8,96.0,4.0,Walking
9681,90.0,37.0,99.0,5.0,Walking
9682,95.0,37.1,97.0,4.0,Walking
9683,84.0,36.9,98.0,7.0,Walking
9684,91.0,37.2,95.0,6.0,Walking
9685,108.0,37.1,100.0,4.0,Walking
9686,106.0,37.1,97.0,5.0,Walking
9687,88.0,37.0,95.0,7.0,Walking
9688,106.0,37.1,96.0,4.0,Walking
9689,107.0,36.7,95.0,7.0,Walking
9690,94.0,36.8,95.0,7.0,Walking
9691,101.0,36.7,95.0,6.0,Walking
9692,89.0,36.9,96.0,4.0,Walking
9693,100.0,36.8,99.0,6.0,Walking
9694,86.0,37.2,96.0,4.0,Walking
9695,88.0,37.1,95.0,4.0,Walking
9696,104.0,37.0,95.0,6.0,Walking
9697,101.0,36.9,99.0,6.0,Walking
9698,107.0,36.8,96.0,6.0,Walking
9699,102.0,37.2,96.0,4.0,Walking
9700,108.0,36.9,100.0,5.0,Walking
9701,96.0,37.0,99.0,4.0,Walking
9702,84.0,37.2,97.0,7.0,Walking
9703,92.0,37.0,99.0,7.0,Walking
9704,106.0,37.0,95.0,5.0,Walking
9705,102.0,36.8,98.0,7.0,Walking
9706,106.0,37.1,95.0,5.0,Walking
9707,85.0,37.0,96.0,7.0,Walking
9708,86.0,36.9,100.0,7.0,Walking
9709,81.0,37.2,98.0,6.0,Walking
9710,103.0,37.1,99.0,5.0,Walking
9711,109.0,37.0,100.0,4.0,Walking
9712,80.0,37.1,95.0,6.0,Walking
9713,101.0,36.7,96.0,5.0,Walking
9714,99.0,36.8,98.0,6.0,Walking
9715,86.0,36.9,100.0,6.0,Walking
9716,89.0,37.0,97.0,7.0,Walking
9717,90.0,36.8,95.0,5.0,Walking
9718,82.0,37.1,100.0,4.0,Walking
9719,93.0,37.1,95.0,7.0,Walking
9720,104.0,36.9,99.0,4.0,Walking
9721,89.0,36.7,98.0,4.0,Walking
9722,83.0,36.8,100.0,7.0,Walking
9723,88.0,37.1,99.0,4.0,Walking
9724,102.0,36.8,97.0,7.0,Walking
9725,80.0,37.0,99.0,4.0,Walking
9726,97.0,37.0,96.0,4.0,Walking
9727,82.0,37.2,96.0,6.0,Walking
9728,98.0,36.9,98.0,5.0,Walking
9729,108.0,37.1,97.0,4.0,Walking
9730,90.0,37.1,98.0,5.0,Walking
9731,98.0,37.0,95.0,6.0,Walking
9732,83.0,36.7,98.0,7.0,Walking
9733,89.0,37.2,98.0,6.0,Walking
9734,85.0,36.8,100.0,7.0,Walking
9735,101.0,37.2,96.0,7.0,Walking
9736,104.0,36.9,95.0,6.0,Walking
9737,83.0,37.0,100.0,4.0,Walking
9738,110.0,36.8,95.0,5.0,Walking
9739,98.0,37.2,95.0,4.0,Walking
9740,94.0,36.9,99.0,7.0,Walking
9741,98.0,37.2,100.0,4.0,Walking
9742,89.0,36.9,96.0,5.0,Walking
9743,104.0,36.9,98.0,4.0,Walking
9744,103.0,36.9,99.0,7.0,Walking
9745,86.0,36.9,98.0,4.0,Walking
9746,99.0,36.8,98.0,7.0,Walking
9747,93.0,36.9,99.0,5.0,Walking
9748,93.0,37.1,99.0,7.0,Walking
9749,98.0,37.2,98.0,4.0,Walking
9750,97.0,36.8,98.0,5.0,Walking
9751,97.0,37.0,96.0,7.0,Walking
9752,89.0,37.0,98.0,4.0,Walking
9753,89.0,36.7,99.0,7.0,Walking
9754,110.0,37.1,97.0,6.0,Walking
9755,84.0,36.9,97.0,4.0,Walking
9756,101.0,37.2,100.0,6.0,Walking
9757,92.0,36.7,100.0,4.0,Walking
9758,81.0,36.8,98.0,5.0,Walking
9759,83.0,36.8,95.0,6.0,Walking
9760,97.0,36.9,100.0,6.0,Walking
9761,110.0,36.9,100.0,4.0,Walking
9762,82.0,37.1,98.0,5.0,Walking
9763,110.0,36.9,95.0,7.0,Walking
9764,92.0,37.0,98.0,4.0,Walking
9765,103.0,37.0,97.0,4.0,Walking
9766,103.0,36.9,99.0,5.0,Walking
9767,103.0,36.9,100.0,7.0,Walking
9768,85.0,36.8,97.0,7.0,Walking
9769,91.0,37.2,98.0,5.0,Walking
9770,91.0,36.8,98.0,7.0,Walking
9771,103.0,36.7,96.0,7.0,Walking
9772,89.0,36.8,95.0,5.0,Walking
9773,85.0,37.0,98.0,7.0,Walking
9774,82.0,37.2,99.0,4.0,Walking
9775,95.0,37.1,100.0,7.0,Walking
9776,93.0,37.1,95.0,5.0,Walking
9777,82.0,36.8,98.0,5.0,Walking
9778,103.0,37.0,100.0,5.0,Walking
9779,92.0,36.8,99.0,5.0,Walking
9780,101.0,37.0,95.0,6.0,Walking
9781,81.0,36.9,99.0,7.0,Walking
9782,83.0,37.0,97.0,4.0,Walking
9783,96.0,36.8,97.0,5.0,Walking
9784,101.0,36.8,95.0,6.0,Walking
9785,104.0,37.0,97.0,4.0,Walking
9786,110.0,37.1,95.0,6.0,Walking
9787,81.0,36.8,97.0,7.0,Walking
9788,82.0,36.8,99.0,6.0,Walking
9789,103.0,37.1,96.0,6.0,Walking
9790,104.0,37.1,99.0,7.0,Walking
9791,108.0,36.9,98.0,5.0,Walking
9792,100.0,36.8,99.0,4.0,Walking
9793,102.0,37.0,100.0,5.0,Walking
9794,100.0,36.8,100.0,5.0,Walking
9795,82.0,37.1,98.0,7.0,Walking
9796,99.0,37.0,98.0,4.0,Walking
9797,91.0,36.8,97.0,4.0,Walking
9798,89.0,37.0,96.0,5.0,Walking
9799,80.0,37.2,98.0,7.0,Walking
9800,108.0,37.0,99.0,7.0,Walking
9801,90.0,36.7,99.0,7.0,Walking
9802,101.0,37.1,96.0,7.0,Walking
9803,103.0,37.0,99.0,7.0,Walking
9804,99.0,37.2,100.0,5.0,Walking
9805,99.0,37.1,95.0,5.0,Walking
9806,106.0,36.8,99.0,5.0,Walking
9807,108.0,37.0,99.0,4.0,Walking
9808,97.0,36.9,95.0,7.0,Walking
9809,96.0,37.0,100.0,7.0,Walking
9810,110.0,36.9,99.0,7.0,Walking
9811,86.0,37.1,95.0,4.0,Walking
9812,91.0,37.1,100.0,6.0,Walking
9813,89.0,36.9,100.0,7.0,Walking
9814,108.0,37.0,99.0,5.0,Walking
9815,94.0,36.8,95.0,7.0,Walking
9816,96.0,37.2,98.0,6.0,Walking
9817,86.0,36.9,100.0,6.0,Walking
9818,102.0,37.2,95.0,5.0,Walking
9819,109.0,37.1,97.0,4.0,Walking
9820,89.0,36.8,95.0,6.0,Walking
9821,99.0,37.0,99.0,6.0,Walking
9822,99.0,37.0,97.0,5.0,Walking
9823,86.0,36.8,96.0,5.0,Walking
9824,105.0,37.1,98.0,7.0,Walking
9825,83.0,37.2,96.0,4.0,Walking
9826,105.0,37.1,96.0,5.0,Walking
9827,83.0,36.9,96.0,7.0,Walking
9828,90.0,37.2,96.0,7.0,Walking
9829,110.0,37.1,98.0,4.0,Walking
9830,95.0,37.1,99.0,7.0,Walking
9831,94.0,37.2,98.0,4.0,Walking
9832,90.0,37.2,97.0,4.0,Walking
9833,99.0,36.8,95.0,6.0,Walking
9834,104.0,36.9,97.0,7.0,Walking
9835,104.0,36.8,96.0,7.0,Walking
9836,95.0,36.9,95.0,6.0,Walking
9837,82.0,37.0,99.0,7.0,Walking
9838,85.0,37.1,96.0,6.0,Walking
9839,101.0,36.8,97.0,4.0,Walking
9840,88.0,37.1,99.0,7.0,Walking
9841,101.0,37.1,95.0,5.0,Walking
9842,92.0,37.2,98.0,6.0,Walking
9843,87.0,36.7,98.0,6.0,Walking
9844,87.0,36.8,100.0,7.0,Walking
9845,101.0,36.8,96.0,4.0,Walking
9846,102.0,37.0,96.0,5.0,Walking
9847,91.0,37.2,99.0,4.0,Walking
9848,87.0,37.0,97.0,4.0,Walking
9849,97.0,36.8,98.0,7.0,Walking
9850,110.0,36.9,95.0,7.0,Walking
9851,81.0,37.1,95.0,6.0,Walking
9852,101.0,37.0,96.0,4.0,Walking
9853,110.0,37.0,99.0,4.0,Walking
9854,105.0,36.7,97.0,6.0,Walking
9855,84.0,37.0,95.0,6.0,Walking
9856,97.0,37.2,100.0,7.0,Walking
9857,101.0,37.1,100.0,7.0,Walking
9858,101.0,36.9,95.0,5.0,Walking
9859,82.0,37.2,98.0,4.0,Walking
9860,108.0,37.0,96.0,7.0,Walking
9861,94.0,36.8,95.0,5.0,Walking
9862,96.0,36.7,99.0,6.0,Walking
9863,84.0,36.8,100.0,5.0,Walking
9864,98.0,37.1,100.0,5.0,Walking
9865,109.0,37.0,99.0,5.0,Walking
9866,100.0,36.9,98.0,5.0,Walking
9867,92.0,36.8,97.0,5.0,Walking
9868,85.0,36.9,100.0,5.0,Walking
9869,110.0,37.2,99.0,7.0,Walking
9870,103.0,37.2,100.0,5.0,Walking
9871,80.0,36.9,95.0,5.0,Walking
9872,89.0,37.2,97.0,7.0,Walking
9873,103.0,36.9,96.0,4.0,Walking
9874,91.0,37.1,97.0,7.0,Walking
9875,105.0,36.9,98.0,7.0,Walking
9876,100.0,37.1,96.0,4.0,Walking
9877,80.0,37.2,95.0,7.0,Walking
9878,101.0,37.0,95.0,6.0,Walking
9879,104.0,36.7,98.0,7.0,Walking
9880,87.0,36.8,97.0,4.0,Walking
9881,90.0,37.0,100.0,4.0,Walking
9882,85.0,37.0,95.0,6.0,Walking
9883,89.0,37.1,97.0,7.0,Walking
9884,102.0,36.7,96.0,5.0,Walking
9885,97.0,36.8,96.0,4.0,Walking
9886,91.0,36.8,96.0,7.0,Walking
9887,81.0,36.9,99.0,5.0,Walking
9888,92.0,36.9,96.0,4.0,Walking
9889,92.0,36.8,97.0,7.0,Walking
9890,95.0,36.8,96.0,5.0,Walking
9891,80.0,36.8,97.0,4.0,Walking
9892,106.0,37.2,98.0,7.0,Walking
9893,92.0,37.1,98.0,5.0,Walking
9894,104.0,37.2,99.0,7.0,Walking
9895,88.0,37.1,97.0,5.0,Walking
9896,88.0,36.8,99.0,7.0,Walking
9897,110.0,37.0,95.0,5.0,Walking
9898,84.0,37.1,96.0,4.0,Walking
9899,109.0,36.9,96.0,4.0,Walking
9900,92.0,37.1,97.0,6.0,Walking
9901,99.0,37.1,95.0,7.0,Walking
9902,91.0,37.1,99.0,7.0,Walking
9903,110.0,37.1,96.0,7.0,Walking
9904,108.0,36.9,97.0,7.0,Walking
9905,102.0,36.8,97.0,4.0,Walking
9906,89.0,36.7,96.0,5.0,Walking
9907,106.0,36.7,100.0,7.0,Walking
9908,96.0,37.1,100.0,5.0,Walking
9909,93.0,36.9,99.0,7.0,Walking
9910,88.0,36.8,99.0,6.0,Walking
9911,107.0,37.0,95.0,6.0,Walking
9912,96.0,37.0,100.0,5.0,Walking
9913,96.0,36.9,100.0,6.0,Walking
9914,88.0,37.0,98.0,5.0,Walking
9915,88.0,37.0,97.0,6.0,Walking
9916,80.0,36.8,97.0,4.0,Walking
9917,87.0,36.8,98.0,6.0,Walking
9918,103.0,37.0,97.0,7.0,Walking
9919,83.0,36.9,96.0,6.0,Walking
9920,108.0,37.0,98.0,5.0,Walking
9921,106.0,36.9,100.0,7.0,Walking
9922,85.0,36.8,100.0,6.0,Walking
9923,87.0,36.9,98.0,4.0,Walking
9924,95.0,36.7,97.0,5.0,Walking
9925,89.0,36.7,95.0,6.0,Walking
9926,89.0,37.0,100.0,7.0,Walking
9927,87.0,36.9,95.0,4.0,Walking
9928,96.0,36.8,100.0,4.0,Walking
9929,88.0,36.8,96.0,4.0,Walking
9930,85.0,37.1,100.0,7.0,Walking
9931,82.0,37.0,97.0,4.0,Walking
9932,104.0,36.7,95.0,4.0,Walking
9933,102.0,36.8,97.0,4.0,Walking
9934,98.0,37.0,96.0,7.0,Walking
9935,83.0,36.7,97.0,7.0,Walking
9936,85.0,36.8,97.0,6.0,Walking
9937,110.0,37.1,99.0,7.0,Walking
9938,86.0,37.1,99.0,5.0,Walking
9939,105.0,36.9,96.0,4.0,Walking
9940,91.0,37.0,98.0,6.0,Walking
9941,106.0,37.1,99.0,4.0,Walking
9942,83.0,36.7,97.0,5.0,Walking
9943,110.0,37.1,98.0,5.0,Walking
9944,99.0,36.9,99.0,7.0,Walking
9945,92.0,37.2,97.0,6.0,Walking
9946,84.0,37.1,97.0,7.0,Walking
9947,109.0,37.1,98.0,4.0,Walking
9948,85.0,37.0,98.0,4.0,Walking
9949,97.0,36.8,95.0,7.0,Walking
9950,95.0,37.1,95.0,5.0,Walking
9951,91.0,37.0,100.0,6.0,Walking
9952,106.0,36.8,96.0,4.0,Walking
9953,81.0,36.8,96.0,7.0,Walking
9954,97.0,36.9,96.0,4.0,Walking
9955,101.0,36.8,97.0,6.0,Walking
9956,101.0,36.9,96.0,7.0,Walking
9957,95.0,36.7,100.0,7.0,Walking
9958,109.0,37.1,99.0,5.0,Walking
9959,88.0,37.2,97.0,5.0,Walking
9960,96.0,37.0,99.0,6.0,Walking
