HeartRate_bpm,Temperature_C,SpO2_percent,MotionLevel,State
113,36.9,94,3,Stress/Panic
117,36.5,94,2,Stress/Panic
128,37,95,2,Stress/Panic
113,36.5,95,4,Stress/Panic
122,36.7,96,5,Stress/Panic
105,36.7,95,4,Stress/Panic
113,37.2,93,2,Stress/Panic
130,36.8,96,2,Stress/Panic
117,36.7,96,2,Stress/Panic
117,36.8,95,5,Stress/Panic
50,36.3,99,1,Sleeping
59,36.5,95,0,Sleeping
63,36,95,1,Sleeping
56,36.3,97,1,Sleeping
56,36.3,95,1,Sleeping
55,36.4,100,1,Sleeping
63,36.2,99,1,Sleeping
58,36.5,100,0,Sleeping
61,36.5,99,0,Sleeping
52,36.7,95,1,Sleeping
65,36.9,84,2,Hypoxia
81,36.6,72,1,Hypoxia
82,36.8,87,2,Hypoxia
92,36.9,89,2,Hypoxia
68,36.6,91,0,Hypoxia
62,36.2,75,1,Hypoxia
75,36.4,80,2,Hypoxia
85,36.8,82,1,Hypoxia
90,36.1,78,2,Hypoxia
67,36.9,70,1,Hypoxia
59,36.3,95,0,Sleeping
52,36.6,97,0,Sleeping
53,36.4,95,1,Sleeping
58,36.4,97,0,Sleeping
60,36.7,97,1,Sleeping
57,36.4,96,1,Sleeping
61,36.7,97,1,Sleeping
63,36.6,98,0,Sleeping
59,36.4,95,1,Sleeping
51,36.6,95,1,Sleeping
62,36.7,98,1,Sleeping
65,36.3,95,0,Sleeping
61,36.2,95,1,Sleeping
60,36.1,97,1,Sleeping
60,36.2,98,0,Sleeping
63,36.6,96,1,Sleeping
62,36.5,95,1,Sleeping
50,36.3,95,0,Sleeping
50,36.1,100,0,Sleeping
50,36.5,100,0,Sleeping
63,36.6,97,1,Meditation
68,36.8,99,1,Meditation
57,36.9,96,0,Meditation
62,36.8,97,1,Meditation
66,36.6,97,1,Meditation
52,36.6,95,1,Meditation
68,36.6,97,0,Meditation
57,36.8,96,0,Meditation
56,36.6,98,1,Meditation
62,36.8,98,0,Meditation
157,37.4,93,8,Running
125,37,97,10,Running
128,37.1,97,8,Running
161,37.3,93,10,Running
161,37.1,92,9,Running
180,37.9,94,8,Running
135,37.7,98,9,Running
130,37.9,93,9,Running
138,38,94,9,Running
134,37.5,96,10,Running
97,37,97,3,Post-Workout
118,37.3,97,2,Post-Workout
113,37.2,97,2,Post-Workout
91,37.5,98,2,Post-Workout
104,37.2,99,2,Post-Workout
91,37.1,96,3,Post-Workout
92,37.3,98,2,Post-Workout
116,37.5,96,2,Post-Workout
114,37.2,96,1,Post-Workout
96,37.3,96,2,Post-Workout
94,37.2,94,10,Seizure
139,36.8,91,10,Seizure
105,36.9,91,9,Seizure
94,37.3,89,10,Seizure
122,37.2,92,9,Seizure
120,37.5,94,10,Seizure
139,36.5,91,9,Seizure
108,37.3,95,9,Seizure
117,36.7,92,10,Seizure
92,36.9,88,9,Seizure
103,37.2,94,5,Stress/Panic
110,37,96,3,Stress/Panic
124,37,93,3,Stress/Panic
107,36.7,96,3,Stress/Panic
117,37.1,94,5,Stress/Panic
100,36.8,94,3,Stress/Panic
113,36.6,96,4,Stress/Panic
103,36.9,96,3,Stress/Panic
108,37,96,4,Stress/Panic
128,36.5,95,2,Stress/Panic
108,37.2,97,1,Post-Workout
102,37.1,100,1,Post-Workout
105,37.1,98,2,Post-Workout
91,37.2,97,2,Post-Workout
112,37.4,99,2,Post-Workout
115,37.4,95,3,Post-Workout
98,37.5,96,1,Post-Workout
106,37.4,96,3,Post-Workout
103,37.3,100,2,Post-Workout
109,37.4,97,1,Post-Workout
132,37.6,96,9,Running
159,37.4,96,8,Running
172,38,97,9,Running
170,37.7,93,10,Running
180,38,97,9,Running
149,37.1,98,8,Running
175,37.8,92,10,Running
134,37.2,92,10,Running
175,37.6,94,9,Running
140,37.7,97,8,Running
79,36.9,97,3,Awake/Idle
76,36.8,100,2,Awake/Idle
77,36.8,95,2,Awake/Idle
65,36.6,96,2,Awake/Idle
68,36.7,99,1,Awake/Idle
80,36.6,99,1,Awake/Idle
74,36.6,99,3,Awake/Idle
71,36.7,100,2,Awake/Idle
65,37,97,3,Awake/Idle
77,36.9,96,3,Awake/Idle
124,36.6,90,10,Seizure
116,36.9,94,9,Seizure
140,37.1,89,9,Seizure
105,36.9,94,9,Seizure
127,37,88,9,Seizure
122,37.5,94,10,Seizure
92,36.7,94,10,Seizure
137,37,90,9,Seizure
108,36.9,94,9,Seizure
106,36.9,94,9,Seizure
57,36.3,88,0,Fainting
39,35.6,93,0,Fainting
36,36.3,90,0,Fainting
54,36,94,0,Fainting
43,35.6,93,1,Fainting
39,35.7,89,1,Fainting
59,35.9,92,1,Fainting
58,35.9,94,0,Fainting
35,36,93,1,Fainting
48,36.2,91,1,Fainting
52,36.4,100,0,Sleeping
56,36.4,98,1,Sleeping
64,36.5,96,0,Sleeping
51,36.2,96,0,Sleeping
59,36.2,96,1,Sleeping
54,36.5,96,1,Sleeping
60,36.5,99,0,Sleeping
56,36.1,98,0,Sleeping
58,36.1,97,1,Sleeping
58,36,99,1,Sleeping
63,36.1,97,1,Sleeping
56,36.5,96,0,Sleeping
51,36.7,99,0,Sleeping
64,36.4,100,0,Sleeping
53,36.4,97,0,Sleeping
55,36.7,97,0,Sleeping
64,36.5,97,1,Sleeping
58,36.6,96,0,Sleeping
54,36.4,97,1,Sleeping
62,36.2,99,1,Sleeping
113,37.1,95,2,Post-Workout
117,37,95,1,Post-Workout
105,37,99,1,Post-Workout
105,37.5,98,3,Post-Workout
108,37.1,96,3,Post-Workout
106,37.2,100,3,Post-Workout
111,37.2,98,3,Post-Workout
102,37.2,99,3,Post-Workout
109,37.4,98,3,Post-Workout
112,37.4,97,2,Post-Workout
61,36,95,1,Sleeping
64,36.7,95,0,Sleeping
52,36.2,97,1,Sleeping
59,36.6,96,0,Sleeping
56,36.6,98,1,Sleeping
52,36.1,98,1,Sleeping
65,36.2,96,0,Sleeping
63,36.2,95,0,Sleeping
56,36.6,99,1,Sleeping
55,36.3,100,1,Sleeping
103,36.9,96,5,Walking
80,36.8,95,4,Walking
94,36.9,100,4,Walking
101,36.8,97,6,Walking
87,37,95,4,Walking
94,36.8,99,7,Walking
92,37,99,7,Walking
85,36.8,100,5,Walking
108,37,99,5,Walking
84,37,99,7,Walking
52,36.5,99,1,Meditation
64,36.8,99,0,Meditation
69,36.8,97,0,Meditation
70,36.5,95,0,Meditation
70,36.7,96,0,Meditation
63,36.7,99,0,Meditation
55,36.6,98,1,Meditation
65,36.6,95,1,Meditation
52,36.7,97,1,Meditation
56,36.9,99,1,Meditation
91,37.2,99,2,Post-Workout
109,37.1,96,2,Post-Workout
116,37.2,99,1,Post-Workout
108,37.4,95,3,Post-Workout
108,37.2,99,3,Post-Workout
113,37.2,100,3,Post-Workout
114,37.2,97,3,Post-Workout
118,37.4,95,3,Post-Workout
104,37.5,98,3,Post-Workout
97,37.2,96,1,Post-Workout
58,36.2,89,1,Fainting
30,36,88,1,Fainting
38,35.9,87,0,Fainting
56,35.9,91,0,Fainting
42,35.8,93,1,Fainting
44,36.1,90,1,Fainting
43,36.2,95,1,Fainting
60,36.3,94,0,Fainting
46,36.2,89,1,Fainting
44,35.9,90,0,Fainting
60,36.5,99,1,Sleeping
64,36.6,97,0,Sleeping
60,36.3,97,0,Sleeping
52,36.4,95,1,Sleeping
63,36.5,100,0,Sleeping
54,36.3,96,0,Sleeping
58,36.4,96,1,Sleeping
65,36.3,97,1,Sleeping
55,36.1,96,1,Sleeping
64,36.2,96,0,Sleeping
93,36.5,76,2,Hypoxia
82,36.2,71,0,Hypoxia
81,36.5,81,1,Hypoxia
92,36.2,70,1,Hypoxia
73,36.8,80,1,Hypoxia
93,36.3,75,2,Hypoxia
60,36.1,72,1,Hypoxia
93,36.9,90,1,Hypoxia
76,37,77,2,Hypoxia
82,36.3,89,0,Hypoxia
59,36.6,97,1,Meditation
61,36.6,99,0,Meditation
64,36.7,98,1,Meditation
64,36.8,96,1,Meditation
54,36.7,99,1,Meditation
64,36.9,99,0,Meditation
66,36.5,95,0,Meditation
56,36.6,95,1,Meditation
53,36.6,100,1,Meditation
65,36.5,96,1,Meditation
67,36.9,98,1,Meditation
55,36.6,96,1,Meditation
58,36.7,97,0,Meditation
66,36.6,97,0,Meditation
66,36.8,95,0,Meditation
50,36.6,95,1,Meditation
53,36.6,98,1,Meditation
60,36.8,99,1,Meditation
60,36.9,98,1,Meditation
56,36.7,95,1,Meditation
66,36.7,99,0,Meditation
64,36.7,98,1,Meditation
66,36.7,98,1,Meditation
51,36.5,96,0,Meditation
60,36.8,100,0,Meditation
60,36.8,95,1,Meditation
50,36.5,100,0,Meditation
57,36.7,95,1,Meditation
63,36.6,96,1,Meditation
69,36.8,99,0,Meditation
59,36.9,96,1,Meditation
52,36.8,96,0,Meditation
56,36.6,100,1,Meditation
60,36.6,100,1,Meditation
51,36.5,97,0,Meditation
51,36.9,99,1,Meditation
52,36.7,96,1,Meditation
68,36.7,97,1,Meditation
69,36.6,100,1,Meditation
65,36.7,96,0,Meditation
126,36.7,92,10,Seizure
96,37,93,9,Seizure
99,36.6,90,10,Seizure
104,36.9,92,10,Seizure
97,37.4,90,10,Seizure
101,36.9,92,9,Seizure
138,37.2,92,9,Seizure
122,36.8,90,10,Seizure
125,37,90,9,Seizure
107,36.9,93,10,Seizure
58,36.2,96,0,Sleeping
59,36.6,100,0,Sleeping
54,36.3,99,1,Sleeping
59,36.6,98,0,Sleeping
54,36,99,1,Sleeping
54,36.1,100,0,Sleeping
55,36.4,97,1,Sleeping
64,36.2,97,1,Sleeping
57,36.7,96,0,Sleeping
60,36,95,0,Sleeping
66,36.6,98,3,Awake/Idle
67,36.7,100,3,Awake/Idle
63,36.9,100,1,Awake/Idle
61,36.9,99,2,Awake/Idle
68,36.8,98,2,Awake/Idle
61,36.9,98,2,Awake/Idle
75,36.6,98,3,Awake/Idle
76,36.9,97,2,Awake/Idle
80,36.5,95,2,Awake/Idle
80,36.7,97,1,Awake/Idle
33,35.5,87,0,Unconscious
32,35,88,1,Unconscious
45,36.5,80,1,Unconscious
50,35.1,87,0,Unconscious
32,36,81,0,Unconscious
38,35.1,84,1,Unconscious
43,35.1,87,1,Unconscious
45,36.5,89,0,Unconscious
40,35.1,88,1,Unconscious
37,35.6,82,0,Unconscious
135,37.2,94,10,Running
179,37.3,95,9,Running
121,37,95,10,Running
166,37.5,93,8,Running
177,37.4,96,10,Running
128,37.1,92,9,Running
179,37,97,8,Running
170,37.7,92,8,Running
155,37.5,97,10,Running
167,37.8,92,10,Running
101,36.9,99,6,Walking
86,37.2,96,4,Walking
88,37.1,95,4,Walking
89,36.9,96,4,Walking
100,36.8,99,6,Walking
102,37.2,96,4,Walking
108,36.9,100,5,Walking
107,36.8,96,6,Walking
101,36.7,95,6,Walking
104,37,95,6,Walking
38,36.2,95,0,Fainting
53,36.2,88,0,Fainting
30,36.5,90,1,Fainting
59,36,88,0,Fainting
42,36,90,1,Fainting
31,36.1,91,1,Fainting
51,35.9,88,0,Fainting
34,36.4,89,1,Fainting
34,35.9,85,0,Fainting
43,36,93,1,Fainting
102,36.5,96,2,Stress/Panic
105,37,96,2,Stress/Panic
109,36.6,96,4,Stress/Panic
102,36.9,95,3,Stress/Panic
124,36.7,94,4,Stress/Panic
100,36.8,93,5,Stress/Panic
106,37,94,2,Stress/Panic
103,37.1,96,3,Stress/Panic
128,36.6,94,4,Stress/Panic
122,36.9,96,4,Stress/Panic
49,35.1,86,1,Unconscious
34,35.7,89,0,Unconscious
50,35.2,87,1,Unconscious
48,35.1,86,1,Unconscious
46,35.3,86,1,Unconscious
35,36.3,84,0,Unconscious
36,35.6,85,1,Unconscious
34,35.8,89,1,Unconscious
34,35.6,89,1,Unconscious
36,35.8,82,1,Unconscious
118,36.6,96,2,Stress/Panic
113,36.9,93,4,Stress/Panic
126,37.2,96,4,Stress/Panic
121,36.8,94,3,Stress/Panic
111,37.1,94,5,Stress/Panic
100,37.1,94,2,Stress/Panic
105,36.9,94,5,Stress/Panic
110,36.9,94,5,Stress/Panic
115,36.9,94,2,Stress/Panic
119,36.7,93,3,Stress/Panic
34,35.9,88,0,Unconscious
50,35.2,85,1,Unconscious
39,36.3,80,0,Unconscious
32,35.4,83,1,Unconscious
47,35.3,80,1,Unconscious
46,35.7,80,1,Unconscious
42,35.5,87,0,Unconscious
38,35.6,89,1,Unconscious
34,35.7,87,0,Unconscious
50,35.4,83,1,Unconscious
138,37.1,93,10,Running
122,37.3,97,10,Running
177,37.4,96,8,Running
144,37.3,95,8,Running
162,37.4,92,9,Running
169,37.1,92,10,Running
143,37.3,98,8,Running
161,37.2,97,8,Running
179,37.9,92,8,Running
123,38,96,8,Running
87,36.8,98,6,Walking
83,36.9,96,6,Walking
107,37,95,6,Walking
96,36.9,100,6,Walking
88,37,98,5,Walking
80,36.8,97,4,Walking
103,37,97,7,Walking
108,37,98,5,Walking
96,37,100,5,Walking
88,37,97,6,Walking
61,36.6,99,3,Awake/Idle
70,36.7,100,1,Awake/Idle
71,36.6,96,3,Awake/Idle
80,37,96,3,Awake/Idle
69,36.5,100,2,Awake/Idle
71,36.7,97,2,Awake/Idle
63,36.9,98,3,Awake/Idle
61,36.6,100,1,Awake/Idle
71,36.7,100,3,Awake/Idle
67,36.8,95,2,Awake/Idle
118,36.8,88,9,Seizure
94,36.8,91,9,Seizure
115,36.8,88,9,Seizure
108,37.2,88,10,Seizure
114,37.1,89,10,Seizure
137,37.2,95,10,Seizure
128,36.8,94,9,Seizure
127,36.5,93,10,Seizure
98,36.9,92,9,Seizure
123,37.4,88,9,Seizure
52,35.8,95,1,Fainting
46,35.6,91,0,Fainting
60,35.8,93,1,Fainting
50,36,86,1,Fainting
49,35.8,86,0,Fainting
32,35.5,89,0,Fainting
43,35.8,95,1,Fainting
38,35.6,88,0,Fainting
36,35.7,95,0,Fainting
37,35.8,87,1,Fainting
54,36.3,100,1,Sleeping
60,36,98,1,Sleeping
54,36,96,1,Sleeping
65,36.2,97,0,Sleeping
58,36.1,98,1,Sleeping
62,36.1,96,1,Sleeping
57,36.4,100,1,Sleeping
53,36.7,95,0,Sleeping
54,36.1,99,1,Sleeping
59,36.6,97,1,Sleeping
61,36.2,81,0,Hypoxia
97,36.4,87,0,Hypoxia
64,36.8,88,2,Hypoxia
96,36.6,91,0,Hypoxia
79,37,77,2,Hypoxia
62,36.9,77,1,Hypoxia
96,36.3,91,2,Hypoxia
75,37,80,0,Hypoxia
98,36.2,80,0,Hypoxia
69,36.3,84,2,Hypoxia
103,37.2,94,10,Seizure
135,37.2,94,10,Seizure
123,37.1,89,10,Seizure
100,36.6,93,9,Seizure
138,36.9,91,9,Seizure
135,36.6,88,9,Seizure
129,37,91,9,Seizure
129,37.5,92,10,Seizure
108,37.1,88,9,Seizure
107,37.3,95,10,Seizure
112,36.5,95,10,Seizure
111,36.8,89,10,Seizure
104,36.7,89,9,Seizure
90,36.6,94,9,Seizure
135,36.9,88,10,Seizure
111,36.8,95,10,Seizure
130,36.7,92,10,Seizure
91,37,90,9,Seizure
120,37.2,94,9,Seizure
92,37.1,88,9,Seizure
60,36.6,95,1,Sleeping
57,36.1,95,1,Sleeping
55,36.7,98,1,Sleeping
56,36.1,96,0,Sleeping
64,36.5,100,0,Sleeping
51,36.6,95,1,Sleeping
60,36.6,97,1,Sleeping
61,36.3,100,1,Sleeping
53,36.5,97,0,Sleeping
65,36.7,100,1,Sleeping
150,37.8,97,10,Running
156,37.1,97,9,Running
178,37.8,97,8,Running
161,37.4,95,10,Running
149,37.3,97,10,Running
127,37.9,93,8,Running
129,37.7,96,9,Running
170,37.1,98,9,Running
127,37.4,98,9,Running
131,37.5,96,8,Running
107,37.1,100,3,Post-Workout
107,37.2,100,3,Post-Workout
112,37.4,95,3,Post-Workout
95,37.2,97,3,Post-Workout
118,37,95,2,Post-Workout
105,37.3,98,3,Post-Workout
116,37.3,97,1,Post-Workout
103,37.5,96,1,Post-Workout
116,37.3,98,3,Post-Workout
101,37.5,97,3,Post-Workout
61,36.6,96,1,Meditation
56,36.7,96,1,Meditation
61,36.8,95,0,Meditation
57,36.8,97,1,Meditation
52,36.6,98,0,Meditation
55,36.6,100,1,Meditation
61,36.7,98,0,Meditation
58,36.7,98,0,Meditation
54,36.7,99,0,Meditation
66,36.8,100,1,Meditation
108,37.2,88,10,Seizure
96,37.2,92,10,Seizure
128,36.5,89,9,Seizure
136,37,89,9,Seizure
119,37.2,90,9,Seizure
105,37.1,95,10,Seizure
99,36.6,90,9,Seizure
129,37.1,88,10,Seizure
110,37.2,91,10,Seizure
101,37.3,92,9,Seizure
61,36.9,100,1,Awake/Idle
64,36.5,95,1,Awake/Idle
72,36.7,95,3,Awake/Idle
80,36.6,95,1,Awake/Idle
69,36.9,100,1,Awake/Idle
79,36.8,95,2,Awake/Idle
65,37,99,1,Awake/Idle
69,36.9,98,2,Awake/Idle
75,36.8,99,3,Awake/Idle
69,36.6,98,2,Awake/Idle
84,36.2,71,1,Hypoxia
99,36.8,83,1,Hypoxia
87,36.7,76,1,Hypoxia
89,36.8,88,1,Hypoxia
78,36.6,85,2,Hypoxia
91,36.1,80,1,Hypoxia
81,36.2,76,1,Hypoxia
82,36.2,73,2,Hypoxia
90,36.3,74,2,Hypoxia
94,36.2,89,1,Hypoxia
106,36.5,93,4,Stress/Panic
117,36.6,93,2,Stress/Panic
124,36.7,93,5,Stress/Panic
104,37,95,5,Stress/Panic
127,36.6,93,2,Stress/Panic
126,37.1,96,5,Stress/Panic
126,37.1,95,5,Stress/Panic
108,36.6,93,4,Stress/Panic
113,36.8,93,3,Stress/Panic
122,36.8,94,5,Stress/Panic
107,36.6,88,9,Seizure
90,37.3,89,9,Seizure
130,36.7,89,10,Seizure
136,37.4,94,10,Seizure
102,37.4,95,9,Seizure
102,36.7,94,9,Seizure
108,37.4,93,9,Seizure
125,37.3,92,9,Seizure
135,37,91,10,Seizure
130,36.6,88,9,Seizure
99,36,90,0,Hypoxia
67,36.1,87,0,Hypoxia
70,36.4,77,1,Hypoxia
64,36.2,85,0,Hypoxia
98,36.5,86,0,Hypoxia
92,36.4,80,2,Hypoxia
84,36.4,70,1,Hypoxia
89,36.8,84,0,Hypoxia
80,36.3,89,1,Hypoxia
72,36.2,74,0,Hypoxia
50,36.2,96,1,Sleeping
60,36.4,97,1,Sleeping
54,36.4,100,0,Sleeping
62,36.2,97,1,Sleeping
54,36.3,97,1,Sleeping
62,36.1,96,0,Sleeping
65,36.3,96,1,Sleeping
54,36.4,96,0,Sleeping
58,36.4,97,1,Sleeping
53,36.6,99,1,Sleeping
78,36.8,95,1,Awake/Idle
60,37,98,1,Awake/Idle
79,36.9,99,2,Awake/Idle
78,36.6,96,3,Awake/Idle
72,36.8,96,3,Awake/Idle
64,36.8,100,3,Awake/Idle
75,36.7,99,1,Awake/Idle
79,36.8,99,1,Awake/Idle
61,36.6,95,1,Awake/Idle
61,37,96,1,Awake/Idle
118,36.7,91,10,Seizure
107,37.3,89,9,Seizure
120,36.6,91,10,Seizure
116,36.6,88,9,Seizure
123,36.8,93,10,Seizure
107,37.1,90,9,Seizure
112,37.1,94,10,Seizure
137,36.5,89,10,Seizure
134,36.5,90,10,Seizure
116,36.8,91,9,Seizure
91,37.2,98,3,Post-Workout
90,37.4,95,2,Post-Workout
92,37.4,97,3,Post-Workout
102,37.3,95,2,Post-Workout
113,37.4,95,1,Post-Workout
115,37,98,1,Post-Workout
114,37.5,99,1,Post-Workout
107,37.5,97,3,Post-Workout
120,37.1,97,3,Post-Workout
104,37.2,100,2,Post-Workout
100,37,94,5,Stress/Panic
113,36.8,95,4,Stress/Panic
129,36.6,93,4,Stress/Panic
128,36.9,94,5,Stress/Panic
109,36.9,94,4,Stress/Panic
116,36.6,93,5,Stress/Panic
107,36.9,94,4,Stress/Panic
128,36.7,94,5,Stress/Panic
122,36.8,96,3,Stress/Panic
129,37.1,93,3,Stress/Panic
36,35.8,90,1,Fainting
41,35.5,88,1,Fainting
51,35.8,88,1,Fainting
45,35.6,87,1,Fainting
34,36.4,92,0,Fainting
59,35.6,90,1,Fainting
30,35.6,92,0,Fainting
32,36.3,88,1,Fainting
49,36.1,87,1,Fainting
52,36.3,92,0,Fainting
56,36.3,99,1,Sleeping
50,36,98,0,Sleeping
61,36.1,99,0,Sleeping
50,36.2,96,1,Sleeping
59,36.2,98,1,Sleeping
59,36.5,96,0,Sleeping
57,36.2,95,1,Sleeping
58,36.5,96,1,Sleeping
55,36.6,99,1,Sleeping
54,36.1,95,1,Sleeping
56,36,91,0,Fainting
47,35.9,90,0,Fainting
52,36.5,90,0,Fainting
32,36,89,1,Fainting
49,36.3,89,1,Fainting
33,36.2,88,1,Fainting
40,35.9,94,1,Fainting
52,35.9,94,1,Fainting
43,35.6,88,0,Fainting
36,36.4,94,1,Fainting
144,37.8,93,8,Running
124,37.8,93,10,Running
121,37.9,92,9,Running
171,37.1,98,10,Running
142,37.2,93,9,Running
162,37.4,97,10,Running
120,37.5,96,8,Running
162,37.5,94,8,Running
162,37.7,98,8,Running
145,37.2,94,9,Running
95,37.1,88,9,Seizure
137,37.1,92,9,Seizure
105,37.2,94,9,Seizure
130,37.2,88,9,Seizure
109,37.2,94,10,Seizure
139,37.3,94,10,Seizure
116,37.5,92,9,Seizure
95,36.8,91,9,Seizure
115,36.7,92,9,Seizure
140,37.2,95,10,Seizure
69,36.6,100,0,Meditation
57,36.8,99,1,Meditation
62,36.8,98,1,Meditation
61,36.6,96,1,Meditation
52,36.5,95,0,Meditation
62,36.6,100,1,Meditation
70,36.5,97,0,Meditation
66,36.8,100,1,Meditation
59,36.5,95,1,Meditation
68,36.9,100,0,Meditation
65,36.5,99,1,Sleeping
62,36.2,98,0,Sleeping
60,36.4,97,1,Sleeping
58,36.2,95,1,Sleeping
53,36.4,96,1,Sleeping
58,36.5,98,0,Sleeping
60,36.6,95,0,Sleeping
61,36.4,98,1,Sleeping
53,36.5,98,0,Sleeping
53,36.6,99,1,Sleeping
33,36.3,88,0,Fainting
45,36.2,95,0,Fainting
60,35.8,88,0,Fainting
37,36.4,89,0,Fainting
32,36.4,88,1,Fainting
35,36.2,86,0,Fainting
32,35.5,86,1,Fainting
37,36.3,92,0,Fainting
38,35.7,93,0,Fainting
44,36.2,92,0,Fainting
144,37.9,92,8,Running
152,37.6,95,8,Running
145,37.8,94,9,Running
137,37.6,97,8,Running
161,37.5,94,10,Running
177,38,92,10,Running
155,37.6,95,8,Running
151,37.4,97,9,Running
171,37.6,97,8,Running
166,37.8,96,8,Running
72,37,96,2,Awake/Idle
73,36.5,97,2,Awake/Idle
65,36.9,95,2,Awake/Idle
66,37,99,2,Awake/Idle
77,36.6,95,1,Awake/Idle
71,36.6,96,1,Awake/Idle
63,37,95,1,Awake/Idle
66,36.9,95,1,Awake/Idle
80,36.6,98,2,Awake/Idle
80,36.8,100,3,Awake/Idle
50,35.6,91,1,Fainting
41,35.7,87,0,Fainting
49,36.2,95,0,Fainting
47,36.2,87,1,Fainting
52,36.5,92,1,Fainting
39,36.1,93,0,Fainting
56,36.1,92,0,Fainting
33,36,94,1,Fainting
40,36.3,94,0,Fainting
48,36.4,85,1,Fainting
158,37.5,94,8,Running
135,37.6,92,8,Running
148,37.8,94,10,Running
154,37,96,9,Running
121,37.4,93,8,Running
161,37.6,98,10,Running
139,37.1,95,10,Running
128,37.8,95,9,Running
180,37.3,98,8,Running
167,37.5,98,10,Running
51,36.6,100,0,Meditation
64,36.5,96,0,Meditation
50,36.7,96,1,Meditation
70,36.6,96,0,Meditation
63,36.7,97,1,Meditation
62,36.9,98,0,Meditation
51,36.7,96,0,Meditation
65,36.6,95,0,Meditation
64,36.9,100,0,Meditation
63,36.7,95,0,Meditation
114,37,95,2,Post-Workout
90,37.4,99,1,Post-Workout
96,37.3,100,2,Post-Workout
103,37.3,97,2,Post-Workout
119,37.4,95,1,Post-Workout
116,37,97,2,Post-Workout
115,37.4,100,2,Post-Workout
113,37.2,97,1,Post-Workout
91,37.2,96,1,Post-Workout
96,37,97,3,Post-Workout
33,35.6,84,0,Unconscious
37,35.9,83,1,Unconscious
36,36.2,89,1,Unconscious
31,36,90,1,Unconscious
45,36,82,0,Unconscious
38,35.7,87,1,Unconscious
43,36.4,81,0,Unconscious
33,35.3,90,1,Unconscious
31,36.2,83,1,Unconscious
48,36,84,0,Unconscious
138,37.2,95,8,Running
128,37.1,97,9,Running
129,37.8,97,10,Running
153,37.5,94,8,Running
151,37.8,93,10,Running
164,37.3,98,9,Running
177,37.9,92,8,Running
120,37.5,98,8,Running
124,37.2,94,10,Running
159,37.8,94,10,Running
83,36.2,75,1,Hypoxia
79,36.4,78,2,Hypoxia
94,36.5,79,0,Hypoxia
92,36.8,82,2,Hypoxia
93,36.5,90,1,Hypoxia
84,36.3,91,2,Hypoxia
95,36.1,82,0,Hypoxia
82,36.9,72,1,Hypoxia
97,36.6,84,0,Hypoxia
69,36.1,75,0,Hypoxia
104,37.2,96,1,Post-Workout
111,37,97,2,Post-Workout
119,37.3,98,3,Post-Workout
91,37.2,99,2,Post-Workout
109,37.4,99,1,Post-Workout
119,37,95,2,Post-Workout
95,37.4,99,2,Post-Workout
120,37.3,100,3,Post-Workout
90,37.3,99,3,Post-Workout
111,37.3,96,1,Post-Workout
58,35.5,95,0,Fainting
49,35.8,85,0,Fainting
36,35.9,92,0,Fainting
45,36.1,85,0,Fainting
53,35.6,92,0,Fainting
39,36.1,94,0,Fainting
30,36.4,95,0,Fainting
37,35.6,87,1,Fainting
31,36.4,85,0,Fainting
41,35.8,86,1,Fainting
126,37.3,97,8,Running
124,37.2,95,8,Running
163,37.3,92,10,Running
171,37.5,96,8,Running
175,37.8,94,9,Running
173,37.3,96,10,Running
143,37.6,97,8,Running
178,37.3,95,10,Running
148,37.6,96,9,Running
171,37.5,94,10,Running
53,36.6,95,1,Meditation
66,36.8,96,0,Meditation
57,36.7,99,0,Meditation
70,36.7,99,0,Meditation
63,36.5,98,0,Meditation
65,36.7,97,1,Meditation
64,36.6,99,1,Meditation
58,36.6,98,0,Meditation
62,36.6,97,0,Meditation
54,36.9,96,0,Meditation
100,37.1,95,3,Stress/Panic
115,36.8,95,3,Stress/Panic
121,36.5,96,2,Stress/Panic
102,36.7,94,3,Stress/Panic
126,36.8,95,3,Stress/Panic
122,37.2,94,4,Stress/Panic
124,37,95,5,Stress/Panic
100,37.1,93,4,Stress/Panic
130,36.6,93,3,Stress/Panic
126,37.2,96,3,Stress/Panic
61,36.6,96,3,Awake/Idle
76,36.5,97,3,Awake/Idle
65,36.6,99,1,Awake/Idle
65,36.7,99,2,Awake/Idle
78,36.7,100,2,Awake/Idle
66,36.6,97,3,Awake/Idle
69,36.9,98,3,Awake/Idle
70,36.8,99,2,Awake/Idle
73,36.9,95,2,Awake/Idle
67,36.6,99,1,Awake/Idle
34,35.8,85,0,Unconscious
48,35.2,80,1,Unconscious
38,36,90,0,Unconscious
37,35.4,87,0,Unconscious
38,36,89,1,Unconscious
39,35.7,81,0,Unconscious
37,35.3,83,1,Unconscious
44,36.2,87,0,Unconscious
36,35.8,83,0,Unconscious
32,35.7,81,0,Unconscious
123,37.5,90,9,Seizure
102,37.2,94,10,Seizure
94,37.2,94,10,Seizure
130,37.5,95,10,Seizure
134,37.2,90,10,Seizure
119,37.4,89,9,Seizure
132,36.8,95,9,Seizure
97,37.3,89,10,Seizure
106,37.3,91,9,Seizure
97,36.9,93,10,Seizure
62,36.9,96,1,Meditation
69,36.6,98,1,Meditation
69,36.6,99,0,Meditation
63,36.7,100,1,Meditation
50,36.7,98,0,Meditation
61,36.7,98,0,Meditation
70,36.8,95,1,Meditation
65,36.8,95,0,Meditation
67,36.5,98,1,Meditation
63,36.6,99,0,Meditation
122,36.8,95,5,Stress/Panic
111,36.9,93,4,Stress/Panic
111,37.1,96,5,Stress/Panic
110,36.9,95,3,Stress/Panic
124,37.2,96,2,Stress/Panic
109,37,94,4,Stress/Panic
111,37.1,94,4,Stress/Panic
104,36.8,95,3,Stress/Panic
108,36.7,96,4,Stress/Panic
129,36.5,95,5,Stress/Panic
35,35.6,88,1,Fainting
42,36.3,94,1,Fainting
42,35.5,85,0,Fainting
32,35.6,94,0,Fainting
45,35.8,91,1,Fainting
57,36.5,85,1,Fainting
47,36,92,0,Fainting
51,35.7,93,1,Fainting
39,36.1,93,1,Fainting
48,35.7,92,0,Fainting
54,36.7,99,0,Meditation
55,36.6,96,1,Meditation
56,36.7,100,0,Meditation
60,36.6,96,0,Meditation
61,36.8,95,0,Meditation
69,36.7,96,1,Meditation
64,36.8,97,1,Meditation
68,36.6,99,0,Meditation
57,36.8,97,1,Meditation
70,36.6,99,1,Meditation
107,37.1,95,10,Seizure
134,36.6,93,9,Seizure
140,36.5,93,9,Seizure
115,36.7,92,9,Seizure
94,37.5,88,10,Seizure
131,36.8,89,10,Seizure
107,37.2,95,10,Seizure
117,37.1,95,10,Seizure
113,36.7,88,10,Seizure
131,37.2,93,9,Seizure
96,36.1,75,2,Hypoxia
69,36.6,82,1,Hypoxia
84,36.4,74,2,Hypoxia
81,36.9,86,2,Hypoxia
65,36.6,91,1,Hypoxia
95,36.4,71,0,Hypoxia
87,36.7,84,1,Hypoxia
91,36.9,88,0,Hypoxia
78,36.7,72,0,Hypoxia
67,36.7,78,2,Hypoxia
137,37,89,9,Seizure
129,36.8,90,9,Seizure
134,36.8,95,10,Seizure
92,37.5,93,9,Seizure
101,37.3,93,10,Seizure
107,36.9,89,10,Seizure
126,36.7,90,9,Seizure
103,36.8,93,10,Seizure
94,37,92,9,Seizure
137,37.1,92,10,Seizure
61,36.9,95,2,Awake/Idle
75,36.9,98,1,Awake/Idle
66,36.7,95,1,Awake/Idle
65,36.7,97,2,Awake/Idle
73,36.7,99,2,Awake/Idle
64,36.7,100,2,Awake/Idle
73,36.9,95,1,Awake/Idle
74,37,100,3,Awake/Idle
61,36.9,97,3,Awake/Idle
66,36.7,97,1,Awake/Idle
110,37.4,98,1,Post-Workout
110,37.3,98,1,Post-Workout
118,37.5,96,2,Post-Workout
118,37.3,95,2,Post-Workout
117,37.5,100,3,Post-Workout
114,37.1,97,3,Post-Workout
92,37.4,98,1,Post-Workout
106,37.3,99,2,Post-Workout
118,37.2,99,1,Post-Workout
119,37.3,96,3,Post-Workout
160,37,94,8,Running
131,37.4,95,10,Running
179,37.9,92,8,Running
129,37.3,92,10,Running
175,37.5,98,10,Running
172,37.4,95,10,Running
162,37.7,98,10,Running
161,37.9,98,10,Running
142,37.3,98,9,Running
140,37.2,92,8,Running
117,36.6,96,2,Stress/Panic
125,36.8,93,5,Stress/Panic
118,36.8,95,4,Stress/Panic
119,36.5,94,3,Stress/Panic
127,37.1,95,4,Stress/Panic
105,36.6,96,3,Stress/Panic
120,36.8,94,2,Stress/Panic
115,36.8,94,3,Stress/Panic
103,37,93,3,Stress/Panic
124,36.8,96,2,Stress/Panic
67,36.1,86,0,Hypoxia
66,36.9,87,2,Hypoxia
87,36,85,2,Hypoxia
76,36.3,89,2,Hypoxia
82,36.6,91,0,Hypoxia
99,36.6,85,2,Hypoxia
89,36.8,91,1,Hypoxia
75,36.3,86,0,Hypoxia
82,36.9,70,0,Hypoxia
72,37,73,1,Hypoxia
127,37.9,97,9,Running
154,37.7,98,9,Running
178,37.2,92,8,Running
177,37.8,94,9,Running
157,37.5,94,8,Running
146,37,96,10,Running
163,37.3,92,9,Running
146,37.7,97,9,Running
156,37.2,94,10,Running
145,37.9,94,9,Running
46,36.3,85,0,Fainting
57,36.4,85,0,Fainting
55,35.9,92,0,Fainting
38,35.6,89,0,Fainting
53,36.1,95,1,Fainting
57,35.7,86,0,Fainting
41,36,92,1,Fainting
39,36.1,93,0,Fainting
31,35.6,87,0,Fainting
54,36.1,88,1,Fainting
57,36,92,1,Fainting
31,35.8,95,1,Fainting
42,35.9,93,1,Fainting
57,35.7,85,1,Fainting
36,35.9,94,1,Fainting
51,36.1,92,1,Fainting
38,35.6,95,0,Fainting
30,36.3,90,1,Fainting
55,36.5,87,0,Fainting
30,36,94,1,Fainting
65,36.7,98,1,Sleeping
58,36.5,100,0,Sleeping
62,36.3,99,0,Sleeping
56,36.5,97,1,Sleeping
59,36.6,95,0,Sleeping
61,36.5,97,1,Sleeping
53,36.7,95,0,Sleeping
55,36.4,100,0,Sleeping
62,36.3,100,0,Sleeping
50,36.4,100,0,Sleeping
39,35.5,87,1,Unconscious
35,35.2,87,0,Unconscious
33,35.5,89,0,Unconscious
35,36.1,87,0,Unconscious
36,35.7,89,1,Unconscious
49,35.5,80,0,Unconscious
37,35.8,81,0,Unconscious
38,36.1,88,1,Unconscious
41,35.7,82,1,Unconscious
31,35.1,90,0,Unconscious
103,37.1,98,4,Walking
98,37.1,98,7,Walking
104,36.7,99,6,Walking
104,36.9,98,4,Walking
109,37.2,99,4,Walking
84,37.1,98,7,Walking
97,36.8,97,4,Walking
106,37,95,7,Walking
110,36.8,99,7,Walking
100,36.7,96,4,Walking
72,36.9,100,1,Awake/Idle
66,37,99,2,Awake/Idle
69,36.8,95,2,Awake/Idle
63,36.6,98,1,Awake/Idle
61,36.8,100,1,Awake/Idle
74,36.9,97,3,Awake/Idle
63,36.8,97,1,Awake/Idle
69,36.8,100,3,Awake/Idle
77,36.5,98,1,Awake/Idle
76,36.7,98,3,Awake/Idle
58,36.3,94,0,Fainting
40,35.7,91,0,Fainting
51,36.1,90,0,Fainting
38,35.5,89,0,Fainting
42,35.8,86,0,Fainting
32,36,91,0,Fainting
47,35.6,95,1,Fainting
53,36,87,0,Fainting
51,36.2,94,1,Fainting
46,36.3,93,1,Fainting
176,37.1,98,10,Running
136,37.6,93,8,Running
132,37.9,93,8,Running
153,37.9,92,10,Running
157,37.5,92,9,Running
132,37.4,96,8,Running
153,38,96,10,Running
172,37.5,97,8,Running
138,37.1,98,8,Running
132,37.5,96,8,Running
55,35.7,89,1,Fainting
49,35.9,85,1,Fainting
35,35.6,91,0,Fainting
54,36.2,92,1,Fainting
57,36.2,89,1,Fainting
60,35.6,88,1,Fainting
47,36.5,85,1,Fainting
31,36.2,86,0,Fainting
33,35.5,88,0,Fainting
40,35.6,87,1,Fainting
74,36.8,99,2,Awake/Idle
80,36.9,97,2,Awake/Idle
67,36.9,97,2,Awake/Idle
72,36.7,96,2,Awake/Idle
65,36.7,97,1,Awake/Idle
67,36.7,96,1,Awake/Idle
78,36.7,97,2,Awake/Idle
77,36.6,98,2,Awake/Idle
80,36.8,96,2,Awake/Idle
62,36.8,98,1,Awake/Idle
73,36.1,83,1,Hypoxia
67,36.4,81,1,Hypoxia
61,36.7,74,0,Hypoxia
66,36.2,73,0,Hypoxia
62,36.9,79,2,Hypoxia
87,36.8,70,2,Hypoxia
71,36.5,82,1,Hypoxia
62,36.2,77,2,Hypoxia
77,36.5,88,2,Hypoxia
93,36.7,80,2,Hypoxia
33,36.4,90,0,Unconscious
45,36.2,83,1,Unconscious
40,36.5,82,1,Unconscious
35,35.3,85,0,Unconscious
49,36.1,88,1,Unconscious
34,35.8,82,1,Unconscious
34,36.3,82,1,Unconscious
47,36.5,81,1,Unconscious
39,36.4,87,1,Unconscious
45,35.3,87,0,Unconscious
57,36.4,98,1,Sleeping
55,36.6,98,1,Sleeping
56,36.3,100,1,Sleeping
52,36.3,97,0,Sleeping
53,36.4,99,0,Sleeping
62,36.6,99,0,Sleeping
63,36.1,98,1,Sleeping
61,36.6,100,1,Sleeping
51,36.1,98,0,Sleeping
57,36.2,97,0,Sleeping
37,35.2,81,0,Unconscious
49,35.7,87,0,Unconscious
35,36,89,0,Unconscious
39,36.1,83,0,Unconscious
37,35.7,87,0,Unconscious
34,35.2,80,0,Unconscious
34,35.9,82,1,Unconscious
35,36,80,0,Unconscious
34,35.9,87,0,Unconscious
36,36.3,86,1,Unconscious
106,36.8,96,4,Walking
110,36.9,99,7,Walking
102,36.8,100,5,Walking
83,36.7,97,7,Walking
108,37.1,99,7,Walking
105,36.8,97,7,Walking
93,36.7,98,5,Walking
107,36.8,97,7,Walking
84,36.8,98,6,Walking
95,36.8,99,6,Walking
167,37.4,96,8,Running
179,37.5,98,10,Running
168,37.8,93,9,Running
138,37.8,92,8,Running
147,37.7,94,10,Running
126,37.2,92,9,Running
130,37.4,98,10,Running
141,37.9,93,9,Running
146,37.3,94,10,Running
151,37.1,95,10,Running
36,36,82,0,Unconscious
48,36.5,86,1,Unconscious
39,36.3,80,1,Unconscious
41,35.1,86,0,Unconscious
34,35.9,89,1,Unconscious
39,35.6,88,0,Unconscious
42,35.2,87,0,Unconscious
37,35.4,82,0,Unconscious
42,35.7,90,0,Unconscious
45,36,85,1,Unconscious
55,36.2,87,0,Fainting
48,35.5,87,1,Fainting
39,36.3,94,0,Fainting
56,36.5,88,1,Fainting
56,35.9,85,0,Fainting
37,36.3,93,0,Fainting
38,35.8,87,1,Fainting
33,36.1,88,1,Fainting
45,35.7,87,0,Fainting
43,36.5,95,1,Fainting
116,37.2,100,1,Post-Workout
116,37.3,99,2,Post-Workout
118,37.1,95,2,Post-Workout
120,37.4,96,1,Post-Workout
118,37,95,2,Post-Workout
118,37,98,3,Post-Workout
90,37.1,96,2,Post-Workout
99,37.2,97,2,Post-Workout
115,37.5,95,1,Post-Workout
114,37.3,95,3,Post-Workout
171,37,92,10,Running
160,37.7,94,8,Running
131,38,95,10,Running
175,37.6,98,10,Running
144,37.3,97,9,Running
143,37.3,97,8,Running
157,37.1,95,8,Running
122,37.1,92,8,Running
167,37.3,95,9,Running
146,37,92,10,Running
59,36.1,96,0,Sleeping
54,36,99,1,Sleeping
63,36.6,96,0,Sleeping
57,36.3,100,1,Sleeping
65,36.4,96,1,Sleeping
52,36.1,99,1,Sleeping
63,36.2,98,0,Sleeping
53,36.1,98,0,Sleeping
58,36,98,0,Sleeping
51,36.4,95,1,Sleeping
46,35.8,91,1,Fainting
30,36.3,95,1,Fainting
45,35.6,85,0,Fainting
55,36,86,1,Fainting
60,36.1,90,0,Fainting
59,35.9,92,1,Fainting
55,35.6,92,1,Fainting
43,36.1,95,1,Fainting
30,35.9,88,1,Fainting
57,36.4,90,1,Fainting
101,37.2,98,5,Walking
89,36.8,95,7,Walking
89,37,100,5,Walking
100,36.7,98,4,Walking
94,36.8,95,4,Walking
101,36.9,98,5,Walking
89,37.2,95,4,Walking
93,36.7,98,6,Walking
84,36.9,96,5,Walking
80,37,96,6,Walking
69,36.5,72,1,Hypoxia
76,36.3,72,2,Hypoxia
62,36.1,88,0,Hypoxia
82,36,82,0,Hypoxia
86,36.1,72,2,Hypoxia
85,36.3,88,2,Hypoxia
87,36.7,82,2,Hypoxia
97,36.1,80,0,Hypoxia
67,36.1,84,2,Hypoxia
64,36.6,80,0,Hypoxia
99,36.7,96,5,Walking
108,37.1,99,6,Walking
109,36.9,97,6,Walking
98,37.2,95,6,Walking
105,37.1,97,5,Walking
91,37.1,98,6,Walking
105,37.1,96,5,Walking
105,36.8,99,5,Walking
82,37.2,95,7,Walking
97,37,100,4,Walking
52,35.7,87,0,Fainting
52,35.9,94,0,Fainting
44,35.9,88,1,Fainting
34,35.7,91,0,Fainting
58,35.8,93,1,Fainting
38,36,85,1,Fainting
57,36.3,86,1,Fainting
32,36.2,92,0,Fainting
41,36,85,1,Fainting
35,36.1,91,0,Fainting
96,37.1,96,7,Walking
98,36.8,98,4,Walking
92,37,95,6,Walking
82,37,99,5,Walking
91,36.8,99,4,Walking
89,36.8,100,5,Walking
101,36.8,95,5,Walking
83,36.9,96,7,Walking
97,37.2,99,6,Walking
104,36.8,97,6,Walking
55,36.1,96,1,Sleeping
56,36,100,1,Sleeping
61,36.6,95,1,Sleeping
50,36.4,95,1,Sleeping
61,36.6,100,0,Sleeping
65,36.6,98,0,Sleeping
58,36.6,97,0,Sleeping
56,36.4,95,1,Sleeping
56,36.4,97,0,Sleeping
61,36.1,99,0,Sleeping
57,36.3,85,1,Fainting
59,36,92,0,Fainting
33,36.5,88,1,Fainting
43,35.6,93,1,Fainting
54,36,88,1,Fainting
34,36.2,90,0,Fainting
59,36.5,91,0,Fainting
36,35.9,85,1,Fainting
31,36.5,93,1,Fainting
35,35.6,88,0,Fainting
129,36.7,96,2,Stress/Panic
112,36.9,93,2,Stress/Panic
127,37,94,5,Stress/Panic
109,36.9,93,2,Stress/Panic
122,36.7,94,5,Stress/Panic
125,37.2,96,2,Stress/Panic
106,36.7,94,4,Stress/Panic
101,37.2,94,4,Stress/Panic
102,37,94,3,Stress/Panic
117,36.9,94,3,Stress/Panic
30,35.6,91,0,Fainting
30,36,85,0,Fainting
44,36.1,93,1,Fainting
53,35.5,88,1,Fainting
31,35.8,87,1,Fainting
49,36,92,0,Fainting
54,36.3,95,1,Fainting
36,35.6,93,0,Fainting
60,36.5,95,1,Fainting
33,36.4,88,0,Fainting
49,36.1,87,1,Fainting
43,35.8,94,1,Fainting
45,36.1,89,0,Fainting
60,36,85,0,Fainting
58,36.3,94,0,Fainting
48,36.4,92,1,Fainting
52,36.5,93,0,Fainting
35,35.6,87,0,Fainting
38,35.6,90,0,Fainting
46,36.3,95,1,Fainting
118,36.5,90,10,Seizure
103,37.2,92,9,Seizure
124,36.7,95,9,Seizure
119,37.3,91,10,Seizure
111,37.4,94,9,Seizure
117,36.8,94,9,Seizure
104,37.3,88,9,Seizure
138,37,94,10,Seizure
117,37.3,91,10,Seizure
117,37.1,91,9,Seizure
108,37,99,1,Post-Workout
110,37.2,95,1,Post-Workout
95,37.3,97,2,Post-Workout
102,37.3,99,3,Post-Workout
91,37,95,3,Post-Workout
112,37.1,97,1,Post-Workout
112,37.2,99,1,Post-Workout
100,37.2,100,3,Post-Workout
114,37.2,98,3,Post-Workout
99,37.1,100,3,Post-Workout
125,37.4,90,9,Seizure
110,37.4,93,9,Seizure
98,36.7,93,9,Seizure
126,36.8,89,9,Seizure
95,36.7,92,10,Seizure
104,36.8,90,9,Seizure
130,36.5,92,10,Seizure
124,37.1,90,9,Seizure
105,36.8,89,10,Seizure
90,37,94,10,Seizure
134,37.3,92,10,Seizure
90,37,93,10,Seizure
132,36.9,90,10,Seizure
137,36.6,95,10,Seizure
110,36.9,95,9,Seizure
107,36.7,92,9,Seizure
124,37.1,89,10,Seizure
96,36.6,93,9,Seizure
93,37.1,92,10,Seizure
90,37.2,95,10,Seizure
120,37.1,89,9,Seizure
125,37.4,90,9,Seizure
102,37,93,10,Seizure
136,36.9,95,9,Seizure
117,37.2,92,9,Seizure
123,37.3,93,9,Seizure
91,37.3,90,9,Seizure
95,37.2,95,10,Seizure
108,36.5,90,10,Seizure
119,37.2,92,10,Seizure
36,35.9,86,1,Unconscious
44,36.3,83,1,Unconscious
49,36.4,86,0,Unconscious
34,35.8,89,1,Unconscious
34,35.8,87,1,Unconscious
38,36,90,1,Unconscious
41,35.7,84,1,Unconscious
50,35.7,84,0,Unconscious
47,35.8,87,1,Unconscious
48,35.6,80,1,Unconscious
65,36.5,97,1,Sleeping
62,36,99,0,Sleeping
61,36.3,98,0,Sleeping
51,36.5,95,0,Sleeping
56,36.4,100,0,Sleeping
62,36.4,98,1,Sleeping
53,36.7,95,1,Sleeping
56,36.1,96,1,Sleeping
62,36.3,100,0,Sleeping
50,36.1,99,0,Sleeping
65,36.5,98,0,Sleeping
53,36.6,97,1,Sleeping
60,36.5,97,1,Sleeping
59,36.4,96,0,Sleeping
58,36.6,98,1,Sleeping
52,36.6,100,0,Sleeping
61,36.7,97,1,Sleeping
61,36.5,100,1,Sleeping
58,36.7,99,1,Sleeping
58,36.4,97,1,Sleeping
30,36.3,94,0,Fainting
38,35.8,89,1,Fainting
60,36,87,1,Fainting
58,36.1,85,1,Fainting
43,35.8,93,1,Fainting
60,36.4,94,1,Fainting
30,35.9,89,0,Fainting
36,35.6,88,1,Fainting
34,35.9,92,0,Fainting
47,35.8,89,0,Fainting
38,36.2,88,1,Fainting
60,36.2,90,0,Fainting
43,35.8,88,1,Fainting
48,36.1,87,0,Fainting
38,36.2,88,0,Fainting
34,35.8,88,1,Fainting
49,35.8,85,1,Fainting
35,36.1,93,1,Fainting
54,35.6,90,1,Fainting
44,35.5,87,1,Fainting
68,36.8,98,1,Awake/Idle
73,36.6,100,3,Awake/Idle
63,36.9,100,2,Awake/Idle
71,36.7,97,3,Awake/Idle
60,36.6,95,1,Awake/Idle
63,36.5,97,2,Awake/Idle
65,36.9,95,2,Awake/Idle
63,36.6,97,2,Awake/Idle
76,36.5,99,3,Awake/Idle
73,36.5,98,1,Awake/Idle
139,37.6,95,10,Running
137,37.4,95,9,Running
154,38,93,8,Running
123,37.5,95,8,Running
155,37.8,93,9,Running
165,37.4,96,10,Running
180,37.4,95,10,Running
142,37.6,95,9,Running
145,37.1,95,8,Running
124,37.7,96,8,Running
127,37.2,96,5,Stress/Panic
125,37.1,96,3,Stress/Panic
122,37.1,95,5,Stress/Panic
115,36.6,94,4,Stress/Panic
127,36.7,93,4,Stress/Panic
114,36.8,95,4,Stress/Panic
112,37.1,95,5,Stress/Panic
125,36.8,96,5,Stress/Panic
107,36.8,96,5,Stress/Panic
119,36.6,95,4,Stress/Panic
114,36.9,96,5,Stress/Panic
116,37.1,96,4,Stress/Panic
101,36.5,95,2,Stress/Panic
113,36.5,94,2,Stress/Panic
122,37,93,3,Stress/Panic
122,36.8,94,5,Stress/Panic
101,36.6,96,5,Stress/Panic
109,36.8,95,2,Stress/Panic
124,37.1,94,2,Stress/Panic
115,36.5,93,4,Stress/Panic
164,37.7,98,8,Running
123,37,94,8,Running
153,37.9,93,10,Running
130,37.8,97,8,Running
132,37.5,94,8,Running
157,37.4,98,9,Running
135,37.2,95,9,Running
161,37.6,98,8,Running
135,37.8,93,10,Running
163,37.3,92,9,Running
111,36.8,96,2,Stress/Panic
128,36.5,96,2,Stress/Panic
107,36.6,96,2,Stress/Panic
103,36.6,96,5,Stress/Panic
106,37.2,95,3,Stress/Panic
117,36.5,93,3,Stress/Panic
102,37.1,93,3,Stress/Panic
100,36.5,96,2,Stress/Panic
113,36.7,96,5,Stress/Panic
122,36.5,95,2,Stress/Panic
168,37.7,93,9,Running
155,37.5,97,9,Running
124,37,96,8,Running
143,37.1,92,10,Running
124,37.1,95,10,Running
144,37.9,97,8,Running
164,37.5,96,9,Running
122,37.4,98,10,Running
122,37.9,96,10,Running
145,37.3,96,8,Running
163,37.1,96,8,Running
137,37.3,96,8,Running
150,37.1,95,8,Running
122,37.8,94,9,Running
145,37,93,8,Running
168,38,97,10,Running
147,37.5,95,10,Running
157,37.4,92,10,Running
120,37.9,97,9,Running
151,37.1,97,8,Running
80,37.2,98,7,Walking
100,36.8,100,5,Walking
102,37,100,5,Walking
108,37,99,7,Walking
89,37,96,5,Walking
82,37.1,98,7,Walking
91,36.8,97,4,Walking
99,37,98,4,Walking
108,36.9,98,5,Walking
100,36.8,99,4,Walking
51,36.5,98,1,Meditation
58,36.6,96,0,Meditation
62,36.6,98,1,Meditation
66,36.6,98,0,Meditation
56,36.6,95,1,Meditation
56,36.9,97,1,Meditation
57,36.6,100,0,Meditation
63,36.9,98,0,Meditation
69,36.5,98,1,Meditation
59,36.8,99,0,Meditation
57,36.7,95,0,Sleeping
57,36.3,97,0,Sleeping
58,36.4,99,0,Sleeping
64,36.7,100,0,Sleeping
50,36.6,97,0,Sleeping
65,36.4,97,1,Sleeping
53,36.5,96,0,Sleeping
62,36.2,98,0,Sleeping
52,36.1,100,1,Sleeping
52,36.3,96,0,Sleeping
98,36.9,95,7,Walking
95,37,100,6,Walking
90,37.1,95,6,Walking
90,36.9,96,5,Walking
105,36.8,95,5,Walking
101,36.8,98,5,Walking
97,36.8,97,7,Walking
107,37,96,4,Walking
90,36.8,99,6,Walking
90,36.9,96,6,Walking
119,37,93,4,Stress/Panic
101,36.5,95,2,Stress/Panic
116,36.8,93,5,Stress/Panic
102,36.9,96,4,Stress/Panic
115,36.9,95,3,Stress/Panic
122,36.8,94,2,Stress/Panic
105,36.6,96,5,Stress/Panic
107,36.8,94,5,Stress/Panic
123,36.8,93,3,Stress/Panic
100,37.1,94,4,Stress/Panic
50,36.2,99,1,Sleeping
52,36,98,1,Sleeping
52,36.2,96,0,Sleeping
51,36.3,99,1,Sleeping
53,36.1,99,1,Sleeping
61,36.1,96,0,Sleeping
56,36.1,98,0,Sleeping
63,36.7,96,0,Sleeping
51,36.4,96,0,Sleeping
63,36.6,100,1,Sleeping
46,36.4,90,1,Unconscious
46,35.7,83,0,Unconscious
40,36.1,82,0,Unconscious
37,35.4,80,1,Unconscious
47,36.1,90,1,Unconscious
46,36.1,90,0,Unconscious
42,36.1,84,1,Unconscious
46,35.7,82,1,Unconscious
39,36.2,84,1,Unconscious
37,35.7,86,1,Unconscious
37,35.8,84,1,Unconscious
44,35.9,82,0,Unconscious
41,35.3,87,0,Unconscious
39,35.4,85,1,Unconscious
38,35.2,83,0,Unconscious
50,36.1,90,1,Unconscious
38,36.4,89,0,Unconscious
32,36.2,86,0,Unconscious
34,35.9,87,0,Unconscious
33,35.7,82,1,Unconscious
134,37.5,95,10,Running
161,37.9,96,10,Running
177,37.6,95,9,Running
145,37.8,96,10,Running
123,37.4,93,9,Running
142,37.5,93,10,Running
136,37.7,94,9,Running
166,37.3,98,9,Running
176,37.5,93,9,Running
126,37.4,94,10,Running
68,36.7,98,0,Meditation
57,36.8,98,1,Meditation
55,36.7,95,1,Meditation
63,36.8,97,0,Meditation
55,36.6,99,1,Meditation
57,36.8,96,1,Meditation
62,36.6,99,1,Meditation
57,36.6,98,0,Meditation
69,36.7,97,0,Meditation
57,36.9,97,1,Meditation
109,37.1,98,4,Walking
107,36.8,99,6,Walking
92,36.7,97,4,Walking
81,37.1,97,4,Walking
106,37,97,7,Walking
107,36.8,97,6,Walking
105,36.8,96,6,Walking
87,36.8,97,7,Walking
81,37.1,100,5,Walking
96,36.8,98,6,Walking
84,36.8,98,5,Walking
104,36.9,99,5,Walking
82,37,99,6,Walking
85,37.1,99,7,Walking
108,37.1,100,5,Walking
80,37,98,4,Walking
97,37,98,7,Walking
88,36.8,98,4,Walking
105,37.2,97,4,Walking
87,36.8,95,7,Walking
91,37.2,89,9,Seizure
121,37.5,92,10,Seizure
124,37,92,10,Seizure
114,37,94,9,Seizure
124,37.1,95,10,Seizure
99,37.3,90,9,Seizure
124,36.8,95,9,Seizure
109,36.7,91,9,Seizure
91,37.3,95,9,Seizure
131,36.9,88,9,Seizure
71,36.7,100,3,Awake/Idle
73,36.7,95,2,Awake/Idle
66,36.7,100,1,Awake/Idle
77,36.7,99,3,Awake/Idle
67,36.6,95,2,Awake/Idle
78,36.9,95,2,Awake/Idle
70,36.9,95,3,Awake/Idle
77,36.8,97,1,Awake/Idle
61,36.8,95,1,Awake/Idle
69,36.6,100,3,Awake/Idle
51,36.2,96,0,Sleeping
64,36.4,95,0,Sleeping
62,36.6,99,0,Sleeping
51,36.1,95,0,Sleeping
59,36.2,100,1,Sleeping
63,36.5,95,0,Sleeping
59,36.3,96,0,Sleeping
50,36.7,100,1,Sleeping
65,36.5,96,1,Sleeping
64,36.1,95,1,Sleeping
75,36.6,95,3,Awake/Idle
60,36.6,96,2,Awake/Idle
73,37,100,3,Awake/Idle
79,36.5,97,2,Awake/Idle
74,36.7,98,3,Awake/Idle
74,36.5,95,1,Awake/Idle
78,36.8,100,2,Awake/Idle
80,36.5,97,2,Awake/Idle
72,36.6,97,3,Awake/Idle
67,36.8,96,3,Awake/Idle
79,36.6,100,1,Awake/Idle
62,36.9,99,2,Awake/Idle
79,36.8,99,2,Awake/Idle
71,36.7,95,3,Awake/Idle
67,36.8,100,3,Awake/Idle
75,36.9,96,3,Awake/Idle
80,36.6,98,3,Awake/Idle
64,36.5,97,1,Awake/Idle
76,36.6,95,3,Awake/Idle
66,36.5,98,3,Awake/Idle
99,37,95,2,Post-Workout
112,37.4,98,2,Post-Workout
91,37.2,100,1,Post-Workout
104,37.1,100,3,Post-Workout
115,37.5,99,2,Post-Workout
100,37.3,99,1,Post-Workout
116,37.1,97,1,Post-Workout
112,37.2,96,3,Post-Workout
91,37.1,98,2,Post-Workout
100,37.5,98,1,Post-Workout
177,37.2,96,8,Running
120,37.9,94,10,Running
176,37,93,10,Running
142,37.2,92,9,Running
177,38,98,10,Running
154,37.8,95,8,Running
131,37.5,97,9,Running
166,37.9,96,10,Running
171,37.6,97,10,Running
171,37.6,95,9,Running
61,36.8,73,2,Hypoxia
85,36.6,89,1,Hypoxia
88,36.5,77,1,Hypoxia
73,36.2,83,0,Hypoxia
74,36,87,0,Hypoxia
95,36.8,75,0,Hypoxia
94,36.6,87,2,Hypoxia
71,36.3,83,2,Hypoxia
93,36.9,84,1,Hypoxia
72,36.2,87,1,Hypoxia
50,35.8,84,0,Unconscious
37,35.3,83,1,Unconscious
36,36,89,0,Unconscious
31,36.1,88,0,Unconscious
35,35.3,84,1,Unconscious
44,36.5,90,0,Unconscious
44,36,85,1,Unconscious
33,35.1,80,1,Unconscious
33,35.6,84,0,Unconscious
39,35.7,80,1,Unconscious
56,36.7,98,1,Meditation
53,36.8,95,1,Meditation
59,36.7,95,1,Meditation
52,36.5,98,1,Meditation
62,36.7,95,0,Meditation
60,36.7,98,0,Meditation
59,36.6,100,1,Meditation
50,36.6,97,1,Meditation
61,36.7,95,0,Meditation
57,36.6,100,0,Meditation
88,36.6,84,0,Hypoxia
62,36.3,74,2,Hypoxia
91,37,85,2,Hypoxia
93,37,70,1,Hypoxia
77,36.8,83,0,Hypoxia
75,36.8,85,1,Hypoxia
96,36.1,80,1,Hypoxia
88,36.7,72,1,Hypoxia
88,36.1,78,0,Hypoxia
61,36.4,75,2,Hypoxia
127,37.5,90,9,Seizure
98,37.4,91,9,Seizure
96,37.1,90,9,Seizure
118,37.3,88,9,Seizure
96,36.6,92,9,Seizure
95,37.2,94,9,Seizure
93,36.7,88,10,Seizure
101,37.2,90,9,Seizure
124,36.5,91,9,Seizure
133,37.4,95,9,Seizure
105,36.9,93,4,Stress/Panic
112,36.7,96,4,Stress/Panic
103,36.8,96,4,Stress/Panic
100,37,93,5,Stress/Panic
128,37.1,94,3,Stress/Panic
113,36.7,94,5,Stress/Panic
129,36.6,95,5,Stress/Panic
119,36.7,96,2,Stress/Panic
120,37,95,2,Stress/Panic
101,36.8,95,5,Stress/Panic
61,36.8,99,1,Awake/Idle
77,36.7,96,3,Awake/Idle
69,36.8,95,2,Awake/Idle
74,37,96,2,Awake/Idle
63,36.5,95,2,Awake/Idle
71,36.6,99,3,Awake/Idle
71,36.8,96,2,Awake/Idle
77,36.8,99,1,Awake/Idle
64,36.7,97,2,Awake/Idle
74,36.7,99,1,Awake/Idle
83,37,97,4,Walking
103,37.1,96,6,Walking
104,37.1,99,7,Walking
81,36.8,97,7,Walking
82,36.8,99,6,Walking
81,36.9,99,7,Walking
96,36.8,97,5,Walking
101,36.8,95,6,Walking
104,37,97,4,Walking
110,37.1,95,6,Walking
63,36.5,100,0,Meditation
52,36.8,100,0,Meditation
50,36.8,99,0,Meditation
67,36.6,95,1,Meditation
61,36.5,95,1,Meditation
55,36.5,97,1,Meditation
56,36.5,97,0,Meditation
64,36.6,95,1,Meditation
65,36.7,96,1,Meditation
58,36.7,98,1,Meditation
87,36.7,87,1,Hypoxia
60,36.8,73,0,Hypoxia
82,36.9,75,1,Hypoxia
87,36.8,80,0,Hypoxia
70,36.4,85,2,Hypoxia
81,36.3,89,0,Hypoxia
98,36.1,90,0,Hypoxia
94,36.8,86,2,Hypoxia
94,36.5,79,0,Hypoxia
62,36.4,82,2,Hypoxia
127,37.3,96,9,Running
121,37.9,97,8,Running
165,37.1,97,9,Running
165,37.1,93,10,Running
121,37.7,95,9,Running
168,37.2,94,10,Running
170,37.3,96,10,Running
165,37.3,98,8,Running
128,37.8,92,9,Running
128,37,94,10,Running
36,35.7,84,0,Unconscious
38,35.5,84,0,Unconscious
45,35.7,89,1,Unconscious
33,36.2,80,1,Unconscious
34,35.4,86,1,Unconscious
33,35.4,89,0,Unconscious
50,35.3,83,1,Unconscious
49,36,85,0,Unconscious
48,35.5,82,1,Unconscious
48,36.5,90,1,Unconscious
85,36.6,76,2,Hypoxia
88,36.8,87,2,Hypoxia
91,36.2,91,1,Hypoxia
69,36.7,78,2,Hypoxia
88,36.3,84,1,Hypoxia
61,36.1,79,2,Hypoxia
86,36.1,90,0,Hypoxia
71,36.1,86,1,Hypoxia
73,36.9,88,2,Hypoxia
64,36.7,87,1,Hypoxia
51,36.3,100,0,Sleeping
51,36.4,99,0,Sleeping
56,36,96,1,Sleeping
52,36.7,98,1,Sleeping
53,36.6,95,1,Sleeping
59,36.6,99,0,Sleeping
56,36.5,96,1,Sleeping
54,36.4,98,1,Sleeping
64,36.6,96,0,Sleeping
59,36.7,98,1,Sleeping
97,37.2,100,3,Post-Workout
102,37,99,2,Post-Workout
96,37.4,95,3,Post-Workout
97,37.1,99,3,Post-Workout
115,37.4,95,3,Post-Workout
116,37.2,97,3,Post-Workout
102,37.2,97,3,Post-Workout
93,37.3,100,3,Post-Workout
112,37,99,3,Post-Workout
115,37,95,3,Post-Workout
66,36.8,98,0,Meditation
53,36.8,99,0,Meditation
69,36.7,97,1,Meditation
62,36.6,98,0,Meditation
52,36.6,100,0,Meditation
70,36.8,99,0,Meditation
57,36.8,95,0,Meditation
58,36.6,96,1,Meditation
66,36.6,99,0,Meditation
57,36.7,95,1,Meditation
78,37,99,1,Awake/Idle
73,36.9,96,3,Awake/Idle
75,37,98,2,Awake/Idle
62,36.7,95,1,Awake/Idle
61,36.8,96,2,Awake/Idle
63,36.5,98,3,Awake/Idle
64,36.6,95,2,Awake/Idle
73,36.8,100,1,Awake/Idle
64,36.9,98,3,Awake/Idle
67,37,97,3,Awake/Idle
114,37.1,94,2,Stress/Panic
105,36.9,95,3,Stress/Panic
122,36.8,95,2,Stress/Panic
101,36.6,95,5,Stress/Panic
126,37.1,94,5,Stress/Panic
108,36.7,94,4,Stress/Panic
121,36.5,93,2,Stress/Panic
118,36.8,94,4,Stress/Panic
108,36.9,94,2,Stress/Panic
108,37,96,2,Stress/Panic
37,36.2,90,0,Unconscious
44,35.2,89,1,Unconscious
43,36.3,83,1,Unconscious
42,35.4,82,0,Unconscious
40,35.4,87,1,Unconscious
49,35.7,82,0,Unconscious
33,35.6,81,0,Unconscious
43,35.5,83,0,Unconscious
40,36.3,80,0,Unconscious
32,35.4,89,1,Unconscious
95,36.7,73,2,Hypoxia
92,36,70,2,Hypoxia
68,36.6,71,0,Hypoxia
85,36.6,90,1,Hypoxia
88,36,89,0,Hypoxia
68,36.4,77,1,Hypoxia
70,36.3,82,0,Hypoxia
82,36.4,88,2,Hypoxia
63,36.5,81,1,Hypoxia
95,36.9,81,0,Hypoxia
63,36.8,99,0,Meditation
60,36.6,97,0,Meditation
52,36.9,97,1,Meditation
70,36.6,100,0,Meditation
56,36.6,99,0,Meditation
59,36.6,98,0,Meditation
62,36.7,98,1,Meditation
52,36.6,95,0,Meditation
69,36.7,95,1,Meditation
50,36.9,97,1,Meditation
123,36.5,94,10,Seizure
140,36.5,89,10,Seizure
106,36.9,91,10,Seizure
106,36.8,95,10,Seizure
133,37.5,93,10,Seizure
132,36.9,94,10,Seizure
138,36.7,92,9,Seizure
114,37.1,88,10,Seizure
99,37.2,89,10,Seizure
134,37.3,95,10,Seizure
115,37.2,94,5,Stress/Panic
101,36.9,95,3,Stress/Panic
126,36.5,94,2,Stress/Panic
105,37,96,5,Stress/Panic
114,37.2,95,3,Stress/Panic
120,36.7,96,5,Stress/Panic
116,36.8,93,4,Stress/Panic
127,37,96,2,Stress/Panic
118,36.8,95,3,Stress/Panic
102,37.1,96,3,Stress/Panic
43,35.8,90,1,Unconscious
35,35.6,82,1,Unconscious
39,35.6,89,0,Unconscious
37,36.4,87,0,Unconscious
36,36.5,84,1,Unconscious
34,36.2,85,0,Unconscious
36,35.6,84,0,Unconscious
35,36.5,85,0,Unconscious
46,35.6,86,0,Unconscious
32,35.5,86,1,Unconscious
81,36.2,84,2,Hypoxia
72,36.1,79,2,Hypoxia
90,36,73,2,Hypoxia
79,36.6,78,1,Hypoxia
96,36.5,79,1,Hypoxia
74,36.5,73,0,Hypoxia
93,36.8,73,2,Hypoxia
66,36.6,70,2,Hypoxia
92,36.1,74,2,Hypoxia
78,36.5,77,1,Hypoxia
41,35.8,81,1,Unconscious
47,36.5,82,1,Unconscious
48,35.8,86,1,Unconscious
46,35.4,90,1,Unconscious
48,35.1,82,0,Unconscious
47,35.5,84,0,Unconscious
30,36.1,87,0,Unconscious
50,35.8,81,1,Unconscious
38,35.6,82,1,Unconscious
34,35.6,81,1,Unconscious
86,36.4,79,2,Hypoxia
67,36.3,87,1,Hypoxia
60,36.5,82,1,Hypoxia
80,36.9,71,1,Hypoxia
69,36.8,74,2,Hypoxia
98,36.7,73,1,Hypoxia
61,36.7,85,0,Hypoxia
62,36.2,80,0,Hypoxia
75,36,72,1,Hypoxia
87,36.7,83,0,Hypoxia
110,37.4,89,9,Seizure
114,37,90,10,Seizure
92,37.5,92,10,Seizure
111,36.6,94,10,Seizure
116,37.1,89,9,Seizure
103,36.7,92,10,Seizure
136,37.3,93,10,Seizure
136,36.7,94,10,Seizure
130,36.9,95,10,Seizure
100,36.8,92,10,Seizure
90,37.2,99,2,Post-Workout
109,37.5,97,2,Post-Workout
108,37.1,95,2,Post-Workout
110,37.3,98,3,Post-Workout
97,37.3,99,3,Post-Workout
117,37.3,97,2,Post-Workout
92,37.4,95,2,Post-Workout
100,37.1,95,2,Post-Workout
101,37.4,95,2,Post-Workout
111,37.1,96,1,Post-Workout
120,37.3,88,10,Seizure
121,37.1,93,10,Seizure
94,36.5,90,9,Seizure
122,37.4,89,9,Seizure
94,36.6,88,9,Seizure
128,37.3,90,9,Seizure
128,37.3,92,9,Seizure
120,36.6,91,9,Seizure
134,37.5,90,9,Seizure
108,36.9,94,9,Seizure
93,36.9,88,10,Seizure
119,36.9,91,10,Seizure
98,36.7,89,9,Seizure
100,37.2,90,10,Seizure
128,37.2,95,10,Seizure
97,36.6,95,10,Seizure
140,37.1,90,10,Seizure
102,37.1,89,9,Seizure
115,37.2,89,10,Seizure
95,36.8,93,10,Seizure
124,36.6,95,2,Stress/Panic
101,36.6,96,3,Stress/Panic
128,37,95,4,Stress/Panic
128,36.6,96,5,Stress/Panic
102,36.9,95,3,Stress/Panic
122,36.5,94,2,Stress/Panic
107,36.9,93,2,Stress/Panic
113,37.2,96,3,Stress/Panic
108,36.7,94,2,Stress/Panic
100,36.7,93,4,Stress/Panic
124,36.5,93,4,Stress/Panic
102,36.8,96,2,Stress/Panic
107,37.1,93,5,Stress/Panic
104,36.7,96,4,Stress/Panic
126,36.9,96,3,Stress/Panic
115,36.9,95,5,Stress/Panic
107,36.7,93,5,Stress/Panic
128,36.6,93,3,Stress/Panic
107,36.9,93,4,Stress/Panic
107,36.6,96,5,Stress/Panic
58,36.6,99,0,Meditation
50,36.8,96,1,Meditation
53,36.5,100,0,Meditation
64,36.8,99,0,Meditation
65,36.7,99,0,Meditation
53,36.8,98,0,Meditation
63,36.6,97,1,Meditation
52,36.6,100,1,Meditation
62,36.8,99,1,Meditation
59,36.8,97,1,Meditation
114,37.5,97,1,Post-Workout
101,37.2,98,1,Post-Workout
120,37.4,96,2,Post-Workout
117,37.4,95,2,Post-Workout
105,37.3,99,1,Post-Workout
102,37.4,100,1,Post-Workout
117,37.1,100,3,Post-Workout
103,37.4,98,3,Post-Workout
112,37.1,96,2,Post-Workout
93,37.4,99,1,Post-Workout
129,37,92,10,Seizure
91,37.5,88,10,Seizure
97,36.8,93,9,Seizure
116,36.6,90,10,Seizure
130,37.4,94,9,Seizure
100,36.9,92,9,Seizure
97,37.3,94,10,Seizure
113,37.5,90,9,Seizure
135,36.6,94,9,Seizure
124,36.6,93,10,Seizure
177,37.1,96,10,Running
123,37.6,97,10,Running
142,37.7,98,10,Running
141,37.5,96,10,Running
143,37.4,92,9,Running
167,37.4,93,8,Running
140,37.8,96,10,Running
120,37.9,92,8,Running
134,37,98,8,Running
147,37.2,92,9,Running
139,37.9,98,9,Running
131,37.8,97,8,Running
127,37.8,95,10,Running
138,37.2,95,8,Running
168,37.6,94,9,Running
177,37.1,93,10,Running
176,37.9,97,8,Running
170,37.9,97,9,Running
169,37,94,8,Running
149,37.9,98,10,Running
59,36.3,85,0,Fainting
58,35.7,94,1,Fainting
58,36,89,1,Fainting
30,36,85,0,Fainting
34,36.1,86,0,Fainting
50,36.3,87,0,Fainting
39,36,89,0,Fainting
48,36.4,93,0,Fainting
55,36.1,86,1,Fainting
37,35.5,89,0,Fainting
68,36.8,100,0,Meditation
59,36.5,98,0,Meditation
55,36.7,97,0,Meditation
54,36.8,95,0,Meditation
50,36.6,97,1,Meditation
57,36.8,95,1,Meditation
59,36.6,99,1,Meditation
53,36.7,100,1,Meditation
62,36.6,100,1,Meditation
59,36.7,100,1,Meditation
80,36.7,96,3,Awake/Idle
80,36.8,99,2,Awake/Idle
67,36.6,100,3,Awake/Idle
79,37,96,3,Awake/Idle
73,36.8,96,3,Awake/Idle
72,36.7,100,3,Awake/Idle
64,37,96,1,Awake/Idle
79,37,97,3,Awake/Idle
63,36.6,96,1,Awake/Idle
61,37,96,2,Awake/Idle
93,36,86,0,Hypoxia
79,36.5,80,2,Hypoxia
65,36.3,85,2,Hypoxia
63,36.7,76,2,Hypoxia
87,36.4,81,2,Hypoxia
60,36.5,85,0,Hypoxia
62,36.2,86,2,Hypoxia
65,36.7,90,1,Hypoxia
76,36.9,86,0,Hypoxia
67,36.6,83,1,Hypoxia
78,36.8,98,3,Awake/Idle
62,36.7,98,2,Awake/Idle
71,36.6,96,1,Awake/Idle
63,36.6,97,1,Awake/Idle
79,36.5,97,1,Awake/Idle
70,36.8,98,3,Awake/Idle
66,36.6,99,2,Awake/Idle
78,36.6,100,1,Awake/Idle
65,36.9,100,2,Awake/Idle
63,37,98,1,Awake/Idle
33,35.1,85,0,Unconscious
42,35.5,89,1,Unconscious
47,36,85,0,Unconscious
31,36,89,1,Unconscious
37,35.4,86,1,Unconscious
33,36.3,87,1,Unconscious
42,35.5,84,0,Unconscious
34,36,87,0,Unconscious
44,36.3,82,1,Unconscious
37,36.3,88,0,Unconscious
102,37,94,4,Stress/Panic
121,36.6,95,4,Stress/Panic
119,36.5,93,4,Stress/Panic
104,37.1,93,5,Stress/Panic
100,36.9,96,3,Stress/Panic
115,36.7,96,4,Stress/Panic
125,36.7,96,2,Stress/Panic
115,37.1,95,2,Stress/Panic
101,36.8,94,4,Stress/Panic
127,37.2,96,4,Stress/Panic
114,37,89,10,Seizure
94,37.2,91,10,Seizure
101,37.2,95,10,Seizure
135,37.3,89,10,Seizure
96,36.6,92,10,Seizure
95,37.3,90,10,Seizure
93,36.6,92,10,Seizure
91,36.5,95,9,Seizure
104,37.1,95,10,Seizure
108,37.1,89,10,Seizure
91,36.9,99,6,Walking
86,36.9,95,7,Walking
88,36.8,96,7,Walking
89,37,98,4,Walking
97,36.9,99,7,Walking
103,36.8,95,5,Walking
104,36.7,100,7,Walking
87,37.1,99,5,Walking
99,37,96,5,Walking
88,36.8,97,7,Walking
60,36.9,88,0,Hypoxia
92,36.2,84,0,Hypoxia
66,36.6,73,1,Hypoxia
60,36.3,77,0,Hypoxia
60,36.2,89,2,Hypoxia
81,36.8,73,0,Hypoxia
88,36.8,89,2,Hypoxia
81,36.6,77,0,Hypoxia
74,36.3,88,0,Hypoxia
94,36.1,88,0,Hypoxia
64,36.4,98,1,Sleeping
53,36.6,96,0,Sleeping
64,36.4,98,1,Sleeping
56,36.6,99,0,Sleeping
56,36.4,99,0,Sleeping
51,36.7,95,1,Sleeping
53,36.2,99,0,Sleeping
61,36.3,100,0,Sleeping
59,36.4,98,0,Sleeping
62,36.5,96,0,Sleeping
53,36.7,98,1,Meditation
60,36.9,95,1,Meditation
69,36.7,95,0,Meditation
70,36.9,100,0,Meditation
66,36.8,99,0,Meditation
66,36.7,95,0,Meditation
68,36.7,97,1,Meditation
63,36.6,98,1,Meditation
60,36.9,99,0,Meditation
66,36.6,99,1,Meditation
55,35.7,94,0,Fainting
35,36.3,86,1,Fainting
40,36,94,1,Fainting
59,36.1,95,0,Fainting
43,36,85,0,Fainting
59,36.2,86,0,Fainting
33,35.5,89,1,Fainting
56,35.9,86,0,Fainting
39,36,86,0,Fainting
41,36.3,86,1,Fainting
65,36.2,100,1,Sleeping
62,36.6,98,1,Sleeping
54,36.3,98,1,Sleeping
53,36.2,95,1,Sleeping
52,36.1,100,0,Sleeping
58,36.7,97,1,Sleeping
52,36.2,96,0,Sleeping
56,36.1,99,0,Sleeping
57,36.1,100,1,Sleeping
50,36.5,95,1,Sleeping
79,36.6,96,2,Awake/Idle
61,37,98,1,Awake/Idle
66,36.7,95,2,Awake/Idle
78,36.8,100,2,Awake/Idle
63,36.6,99,3,Awake/Idle
71,36.7,99,1,Awake/Idle
69,36.7,96,1,Awake/Idle
75,36.6,96,2,Awake/Idle
66,36.8,98,1,Awake/Idle
65,36.6,95,1,Awake/Idle
41,35.8,83,1,Unconscious
34,36.2,83,0,Unconscious
45,36.4,80,1,Unconscious
31,36,89,0,Unconscious
40,35.1,84,1,Unconscious
44,35.2,80,0,Unconscious
44,36.2,88,0,Unconscious
40,36.3,80,0,Unconscious
34,35.1,85,1,Unconscious
36,36.3,81,0,Unconscious
84,36,70,1,Hypoxia
97,36.4,78,1,Hypoxia
83,36.7,72,1,Hypoxia
69,36.9,89,1,Hypoxia
77,36.2,91,1,Hypoxia
68,36.3,74,2,Hypoxia
99,36.5,72,1,Hypoxia
67,36.2,79,0,Hypoxia
92,36.3,79,2,Hypoxia
100,36.9,71,1,Hypoxia
56,36,98,0,Sleeping
52,36.4,99,1,Sleeping
58,36.2,97,1,Sleeping
63,36.5,99,1,Sleeping
53,36.3,99,1,Sleeping
61,36.3,98,1,Sleeping
53,36.1,95,1,Sleeping
61,36.5,98,0,Sleeping
63,36.3,97,1,Sleeping
54,36,100,1,Sleeping
67,36.6,99,1,Meditation
50,36.5,100,0,Meditation
57,36.8,96,0,Meditation
67,36.8,99,1,Meditation
62,36.7,96,1,Meditation
69,36.6,99,0,Meditation
58,36.7,95,1,Meditation
66,36.6,96,1,Meditation
55,36.8,95,0,Meditation
59,36.6,100,1,Meditation
176,37.6,96,9,Running
164,37.8,96,9,Running
173,37.8,95,10,Running
149,38,96,8,Running
128,37.6,97,10,Running
173,37.1,98,8,Running
131,37.8,97,10,Running
167,37.4,98,10,Running
178,37.5,95,10,Running
157,37.6,95,10,Running
118,37.5,95,3,Post-Workout
107,37.4,95,2,Post-Workout
116,37.2,97,1,Post-Workout
114,37.3,99,1,Post-Workout
108,37.5,98,2,Post-Workout
98,37.5,95,2,Post-Workout
113,37.3,95,3,Post-Workout
90,37,98,3,Post-Workout
116,37.3,100,1,Post-Workout
115,37.1,96,3,Post-Workout
109,37,96,5,Stress/Panic
119,37,96,5,Stress/Panic
102,36.6,96,4,Stress/Panic
101,37.1,93,5,Stress/Panic
117,37.2,95,2,Stress/Panic
121,37.1,95,5,Stress/Panic
130,36.6,94,4,Stress/Panic
118,36.5,94,4,Stress/Panic
115,36.9,95,5,Stress/Panic
102,36.8,96,5,Stress/Panic
79,37,73,2,Hypoxia
74,36.6,83,1,Hypoxia
73,36.3,87,2,Hypoxia
67,36.3,74,2,Hypoxia
93,36.6,83,0,Hypoxia
82,36.6,89,0,Hypoxia
78,36.6,83,2,Hypoxia
73,36.5,80,1,Hypoxia
60,37,75,2,Hypoxia
80,36.2,77,0,Hypoxia
78,36.6,95,3,Awake/Idle
71,36.9,99,3,Awake/Idle
79,36.7,97,1,Awake/Idle
72,36.6,95,3,Awake/Idle
75,36.9,95,3,Awake/Idle
66,37,100,3,Awake/Idle
72,36.8,97,2,Awake/Idle
78,36.9,99,2,Awake/Idle
66,36.8,100,1,Awake/Idle
70,36.9,100,3,Awake/Idle
106,37,94,5,Stress/Panic
111,37,94,3,Stress/Panic
128,36.8,93,5,Stress/Panic
100,36.8,93,4,Stress/Panic
105,37,93,2,Stress/Panic
117,36.8,95,5,Stress/Panic
115,36.9,94,4,Stress/Panic
117,36.7,94,2,Stress/Panic
102,36.6,95,5,Stress/Panic
108,36.9,95,3,Stress/Panic
139,37.6,95,10,Running
168,37.7,97,8,Running
144,37.7,94,8,Running
137,37.1,92,8,Running
157,37.5,93,10,Running
135,37.4,94,10,Running
168,37.5,93,10,Running
137,37.1,98,8,Running
127,38,92,9,Running
141,37.2,98,9,Running
41,36.5,92,0,Fainting
53,36.5,95,0,Fainting
49,36.2,87,1,Fainting
33,36.3,86,0,Fainting
55,35.9,85,0,Fainting
58,36.4,93,0,Fainting
30,35.6,91,1,Fainting
47,36,95,0,Fainting
57,36.3,87,1,Fainting
52,35.8,86,1,Fainting
63,36.9,98,2,Awake/Idle
70,36.9,96,1,Awake/Idle
60,36.8,95,2,Awake/Idle
63,36.5,96,1,Awake/Idle
65,36.9,99,3,Awake/Idle
63,36.9,99,1,Awake/Idle
72,36.6,97,2,Awake/Idle
64,36.6,98,2,Awake/Idle
62,36.7,99,1,Awake/Idle
75,36.7,96,2,Awake/Idle
155,37.5,92,8,Running
155,37.3,96,10,Running
172,37.4,95,8,Running
150,37.9,96,9,Running
175,37,98,9,Running
122,37.1,98,10,Running
156,37.4,98,9,Running
128,37.8,95,10,Running
160,37.9,98,10,Running
121,37,93,8,Running
55,36.4,97,1,Sleeping
50,36,99,1,Sleeping
50,36.1,97,0,Sleeping
65,36.5,95,1,Sleeping
52,36.6,100,1,Sleeping
52,36.6,99,1,Sleeping
64,36.3,99,1,Sleeping
53,36.5,99,0,Sleeping
53,36.2,99,1,Sleeping
65,36.6,97,0,Sleeping
52,36.5,100,1,Sleeping
63,36.1,95,1,Sleeping
51,36.6,97,0,Sleeping
65,36.2,97,1,Sleeping
62,36.5,95,0,Sleeping
53,36.4,99,0,Sleeping
60,36.5,99,0,Sleeping
57,36.4,100,0,Sleeping
63,36.4,95,1,Sleeping
64,36.5,98,0,Sleeping
48,36.4,85,1,Fainting
36,36,93,1,Fainting
53,36.5,95,1,Fainting
41,36.2,95,1,Fainting
44,36.1,90,1,Fainting
36,36.1,95,0,Fainting
43,36,87,1,Fainting
35,35.9,88,1,Fainting
34,35.9,85,1,Fainting
51,36.2,95,0,Fainting
79,36.7,98,1,Awake/Idle
66,36.7,96,1,Awake/Idle
73,36.9,95,3,Awake/Idle
77,36.9,98,3,Awake/Idle
74,36.9,96,2,Awake/Idle
71,37,100,1,Awake/Idle
63,36.5,96,2,Awake/Idle
65,37,99,1,Awake/Idle
68,36.6,98,3,Awake/Idle
78,36.6,96,1,Awake/Idle
105,37.1,96,3,Stress/Panic
112,37.1,95,4,Stress/Panic
103,37.2,96,4,Stress/Panic
125,36.7,94,4,Stress/Panic
121,36.8,94,2,Stress/Panic
117,37.1,94,2,Stress/Panic
100,36.9,95,2,Stress/Panic
124,36.8,94,3,Stress/Panic
128,36.7,96,3,Stress/Panic
126,36.5,95,4,Stress/Panic
79,36.7,99,3,Awake/Idle
73,36.5,100,3,Awake/Idle
67,36.8,96,3,Awake/Idle
74,36.6,100,1,Awake/Idle
69,36.8,99,2,Awake/Idle
76,36.7,97,2,Awake/Idle
62,36.9,97,3,Awake/Idle
76,36.9,99,3,Awake/Idle
76,36.6,97,3,Awake/Idle
60,36.6,96,1,Awake/Idle
174,37.1,98,10,Running
122,37.4,92,9,Running
137,37.5,97,10,Running
122,37.1,98,9,Running
170,38,93,10,Running
134,37.2,94,10,Running
171,37.8,93,9,Running
143,37.6,97,10,Running
142,37.9,94,10,Running
159,37.5,98,8,Running
106,36.6,92,10,Seizure
100,37.1,90,9,Seizure
124,36.9,90,9,Seizure
121,37,91,9,Seizure
115,36.9,89,10,Seizure
119,36.6,94,10,Seizure
97,37,90,9,Seizure
106,37.4,88,10,Seizure
102,37,94,9,Seizure
132,36.9,91,9,Seizure
59,36.6,100,0,Sleeping
57,36.7,97,0,Sleeping
53,36.7,99,1,Sleeping
60,36.6,97,1,Sleeping
50,36.3,100,0,Sleeping
65,36.5,96,1,Sleeping
59,36.7,100,0,Sleeping
65,36.2,98,1,Sleeping
50,36.3,100,1,Sleeping
60,36.3,100,0,Sleeping
101,37.2,94,10,Seizure
103,37.5,92,9,Seizure
93,37.4,95,10,Seizure
107,37.1,94,10,Seizure
130,36.6,95,9,Seizure
118,37.3,88,10,Seizure
105,37,92,9,Seizure
109,36.6,91,9,Seizure
124,37.1,94,9,Seizure
97,37.2,90,10,Seizure
130,36.5,93,5,Stress/Panic
100,37.2,94,5,Stress/Panic
105,37.1,94,5,Stress/Panic
104,36.7,93,5,Stress/Panic
113,36.8,95,2,Stress/Panic
107,36.7,94,5,Stress/Panic
121,37.1,94,2,Stress/Panic
110,37,95,5,Stress/Panic
126,37.1,93,2,Stress/Panic
130,37.1,93,3,Stress/Panic
56,36.1,86,0,Fainting
40,35.7,87,1,Fainting
49,36.3,85,0,Fainting
53,35.8,94,0,Fainting
47,35.6,94,1,Fainting
58,36.4,86,1,Fainting
58,36.2,85,0,Fainting
43,35.7,86,1,Fainting
54,35.8,92,1,Fainting
56,35.7,87,1,Fainting
35,36.1,80,0,Unconscious
37,36.1,88,0,Unconscious
45,35.4,80,0,Unconscious
37,35,87,1,Unconscious
34,35.8,85,1,Unconscious
33,36.1,89,1,Unconscious
42,35.6,82,0,Unconscious
40,35.5,86,0,Unconscious
31,35.2,80,1,Unconscious
38,36,90,0,Unconscious
83,36.5,84,1,Hypoxia
61,36.5,79,0,Hypoxia
64,36.7,83,0,Hypoxia
84,36.1,84,2,Hypoxia
60,36.3,72,1,Hypoxia
99,36.8,86,2,Hypoxia
64,36.9,86,1,Hypoxia
73,36.5,70,2,Hypoxia
75,36.8,70,1,Hypoxia
83,36.1,78,2,Hypoxia
47,35.8,86,1,Fainting
36,36.1,90,1,Fainting
56,35.9,87,1,Fainting
33,35.8,93,1,Fainting
44,35.5,88,1,Fainting
42,35.9,95,0,Fainting
40,36,88,1,Fainting
52,35.6,94,0,Fainting
53,35.5,93,1,Fainting
43,35.7,95,0,Fainting
65,36.8,90,1,Hypoxia
86,36.6,90,0,Hypoxia
97,36,70,0,Hypoxia
91,36.8,80,0,Hypoxia
94,36.5,78,2,Hypoxia
85,36.3,77,0,Hypoxia
89,37,74,0,Hypoxia
73,37,70,2,Hypoxia
69,36.1,89,2,Hypoxia
66,36.1,85,1,Hypoxia
92,36.8,97,6,Walking
101,37.1,99,6,Walking
90,37.1,99,4,Walking
109,37.2,95,5,Walking
94,36.9,97,5,Walking
95,36.9,100,7,Walking
85,36.8,100,5,Walking
107,37.2,97,5,Walking
103,36.8,100,4,Walking
80,36.8,98,6,Walking
172,38,93,9,Running
150,37.4,96,9,Running
179,37.6,92,9,Running
155,37.9,95,10,Running
144,37.4,94,9,Running
122,37.4,92,10,Running
150,37.2,96,8,Running
146,37.6,92,9,Running
154,37.9,94,10,Running
140,37.6,98,8,Running
100,37.2,98,3,Post-Workout
106,37.3,98,2,Post-Workout
92,37.4,100,1,Post-Workout
96,37.5,99,3,Post-Workout
119,37.4,97,3,Post-Workout
101,37.1,97,2,Post-Workout
102,37.1,97,1,Post-Workout
105,37.3,96,1,Post-Workout
91,37.1,95,1,Post-Workout
95,37.4,99,1,Post-Workout
104,37.2,95,1,Post-Workout
91,37.4,96,2,Post-Workout
114,37.2,98,2,Post-Workout
106,37.2,99,2,Post-Workout
109,37.1,95,1,Post-Workout
97,37.2,95,1,Post-Workout
96,37.5,97,3,Post-Workout
110,37.1,95,2,Post-Workout
110,37.2,97,2,Post-Workout
119,37.5,97,1,Post-Workout
47,35.3,81,0,Unconscious
46,35.7,86,1,Unconscious
30,36.5,86,1,Unconscious
49,36.2,83,1,Unconscious
43,35.5,90,0,Unconscious
40,35.2,90,1,Unconscious
33,35.2,82,1,Unconscious
46,36.2,90,0,Unconscious
40,35.9,88,1,Unconscious
36,35.1,80,1,Unconscious
127,37,96,8,Running
157,37.8,92,9,Running
179,37.5,94,8,Running
157,37.6,94,10,Running
155,37.9,92,10,Running
153,37.2,95,8,Running
154,37.8,95,9,Running
120,37.3,95,9,Running
137,37.1,97,8,Running
134,37.5,97,9,Running
54,36.6,99,0,Meditation
63,36.5,99,1,Meditation
51,36.8,98,1,Meditation
62,36.8,100,1,Meditation
59,36.9,95,1,Meditation
69,36.9,95,1,Meditation
51,36.5,99,0,Meditation
62,36.7,98,1,Meditation
59,36.6,99,1,Meditation
62,36.7,98,0,Meditation
176,37.2,96,10,Running
129,37.4,98,8,Running
126,37.9,96,9,Running
126,37.1,95,8,Running
175,38,96,9,Running
171,38,97,8,Running
167,37.6,97,10,Running
139,37.7,98,10,Running
161,37.3,97,10,Running
121,37.1,94,10,Running
90,36.8,100,6,Walking
90,36.7,98,5,Walking
110,36.8,95,4,Walking
92,37,95,4,Walking
106,37.1,98,5,Walking
102,36.9,96,6,Walking
83,37.1,95,4,Walking
87,36.8,100,7,Walking
107,36.9,95,7,Walking
97,36.8,99,5,Walking
99,37,88,9,Seizure
100,36.6,90,9,Seizure
135,36.8,92,10,Seizure
120,36.8,88,10,Seizure
114,37.4,89,10,Seizure
112,37.2,88,9,Seizure
118,36.6,89,10,Seizure
138,36.6,89,10,Seizure
123,37.1,92,9,Seizure
92,37.5,88,9,Seizure
101,37.1,91,9,Seizure
129,37.1,94,10,Seizure
111,36.6,90,9,Seizure
104,36.7,89,9,Seizure
93,36.6,89,9,Seizure
126,36.8,94,10,Seizure
125,36.6,91,9,Seizure
91,37.4,94,10,Seizure
100,36.5,94,9,Seizure
120,36.6,92,10,Seizure
58,36.7,98,1,Meditation
58,36.6,97,0,Meditation
64,36.8,98,0,Meditation
53,36.6,98,0,Meditation
54,36.6,98,1,Meditation
50,36.8,99,1,Meditation
58,36.7,98,1,Meditation
64,36.9,99,0,Meditation
50,36.8,95,0,Meditation
69,36.8,99,1,Meditation
102,37.3,99,3,Post-Workout
106,37.2,96,3,Post-Workout
93,37.4,99,1,Post-Workout
109,37.1,97,1,Post-Workout
110,37.2,100,2,Post-Workout
106,37.1,95,3,Post-Workout
94,37.2,99,3,Post-Workout
105,37.5,99,1,Post-Workout
117,37.3,95,1,Post-Workout
115,37.1,95,2,Post-Workout
93,37,88,9,Seizure
123,36.7,88,9,Seizure
104,37.1,88,10,Seizure
133,36.7,90,10,Seizure
128,36.9,91,10,Seizure
115,37.4,88,9,Seizure
103,37,93,9,Seizure
123,37.2,90,10,Seizure
121,37.3,89,9,Seizure
116,37,90,10,Seizure
80,36.8,97,6,Walking
107,37.1,98,7,Walking
102,36.7,99,5,Walking
93,36.9,95,4,Walking
86,36.8,95,6,Walking
90,37.1,100,7,Walking
87,37.2,97,6,Walking
99,37.1,100,6,Walking
84,37,97,7,Walking
94,37.2,100,5,Walking
70,36,85,0,Hypoxia
87,36.1,90,2,Hypoxia
78,37,91,0,Hypoxia
70,36.5,80,1,Hypoxia
99,36.6,83,2,Hypoxia
62,36.5,91,1,Hypoxia
90,36.1,78,2,Hypoxia
100,36,71,1,Hypoxia
81,36,76,0,Hypoxia
82,36.2,74,0,Hypoxia
55,36.6,96,1,Meditation
51,36.8,99,1,Meditation
55,36.8,98,0,Meditation
64,36.5,97,1,Meditation
58,36.7,95,0,Meditation
59,36.6,97,1,Meditation
52,36.9,97,1,Meditation
67,36.5,95,1,Meditation
63,36.8,95,0,Meditation
50,36.5,97,0,Meditation
104,37.4,96,1,Post-Workout
111,37.2,97,2,Post-Workout
112,37.2,97,3,Post-Workout
112,37,99,3,Post-Workout
119,37.1,98,1,Post-Workout
107,37,97,3,Post-Workout
91,37.4,95,3,Post-Workout
113,37.2,99,2,Post-Workout
108,37.5,96,3,Post-Workout
98,37.3,97,1,Post-Workout
45,35.1,90,1,Unconscious
31,36.3,86,0,Unconscious
30,35.2,89,0,Unconscious
48,36.4,81,1,Unconscious
43,36,90,0,Unconscious
49,36.2,80,1,Unconscious
36,35.7,87,1,Unconscious
50,36.1,85,1,Unconscious
43,36.4,90,1,Unconscious
32,36.4,89,0,Unconscious
105,37.2,93,2,Stress/Panic
123,36.5,96,4,Stress/Panic
102,37,94,5,Stress/Panic
123,36.7,96,2,Stress/Panic
108,36.9,95,5,Stress/Panic
104,36.8,93,5,Stress/Panic
129,36.8,95,3,Stress/Panic
124,36.7,95,3,Stress/Panic
123,36.8,93,4,Stress/Panic
122,36.8,95,4,Stress/Panic
150,37.2,93,9,Running
135,37.1,95,10,Running
123,37.7,94,8,Running
127,37.5,94,9,Running
138,37.6,94,9,Running
126,37.6,95,10,Running
164,37.6,97,9,Running
170,37.4,98,9,Running
157,38,98,10,Running
164,37.3,98,10,Running
67,36.7,97,1,Awake/Idle
80,36.8,100,2,Awake/Idle
65,36.6,95,1,Awake/Idle
66,36.6,98,2,Awake/Idle
68,36.6,100,2,Awake/Idle
70,36.9,97,2,Awake/Idle
79,37,98,3,Awake/Idle
73,36.6,100,2,Awake/Idle
70,36.7,100,1,Awake/Idle
69,36.7,98,1,Awake/Idle
134,37.4,94,10,Running
142,37.5,92,9,Running
134,37.4,92,8,Running
166,37.3,96,8,Running
151,37.7,95,8,Running
171,37.2,92,9,Running
137,37.2,95,9,Running
156,37.1,97,8,Running
180,37.1,98,10,Running
170,37.9,96,9,Running
73,36.8,70,2,Hypoxia
80,36.2,77,0,Hypoxia
93,36.8,78,1,Hypoxia
61,36.3,74,2,Hypoxia
70,36.2,72,2,Hypoxia
61,36.9,89,2,Hypoxia
69,36.7,73,0,Hypoxia
89,36.1,91,1,Hypoxia
79,36.6,75,2,Hypoxia
65,36.5,81,0,Hypoxia
92,36.3,89,1,Hypoxia
92,36.3,84,0,Hypoxia
85,36.6,76,2,Hypoxia
79,36.6,81,0,Hypoxia
73,36.4,87,1,Hypoxia
80,36.7,74,0,Hypoxia
72,36.6,77,0,Hypoxia
95,36.7,70,1,Hypoxia
90,36.7,78,0,Hypoxia
98,36,81,2,Hypoxia
131,37.3,98,9,Running
159,37.8,95,9,Running
122,37.8,94,9,Running
141,37.8,98,9,Running
162,37.3,96,8,Running
129,37.1,92,10,Running
129,37.1,98,9,Running
122,37,93,9,Running
136,37.1,94,9,Running
127,37.6,92,10,Running
99,36.1,88,0,Hypoxia
92,36.8,71,1,Hypoxia
93,36.6,81,0,Hypoxia
91,36.2,87,2,Hypoxia
94,36.3,89,0,Hypoxia
72,36,77,0,Hypoxia
74,36.9,88,0,Hypoxia
69,36.1,85,2,Hypoxia
76,36.1,88,1,Hypoxia
100,37,71,1,Hypoxia
108,36.8,95,10,Seizure
90,37.2,93,10,Seizure
131,37.2,91,10,Seizure
94,36.7,90,9,Seizure
134,37.4,94,9,Seizure
92,36.9,94,9,Seizure
135,36.7,92,10,Seizure
114,37.1,88,9,Seizure
112,36.6,94,9,Seizure
131,36.6,93,9,Seizure
122,36.6,95,4,Stress/Panic
108,36.7,93,4,Stress/Panic
127,36.5,93,2,Stress/Panic
121,36.5,93,4,Stress/Panic
119,36.7,95,3,Stress/Panic
105,37.1,95,2,Stress/Panic
104,37,93,2,Stress/Panic
121,36.8,93,3,Stress/Panic
102,37,94,2,Stress/Panic
113,36.7,95,5,Stress/Panic
121,36.7,93,2,Stress/Panic
125,37.1,95,4,Stress/Panic
111,37,96,4,Stress/Panic
130,37,96,3,Stress/Panic
112,37.1,94,4,Stress/Panic
109,37.2,96,2,Stress/Panic
106,37.2,96,4,Stress/Panic
126,36.8,94,2,Stress/Panic
126,37.2,95,4,Stress/Panic
115,36.9,96,2,Stress/Panic
116,37.1,96,3,Post-Workout
102,37.2,98,1,Post-Workout
93,37.4,100,3,Post-Workout
120,37.4,97,3,Post-Workout
109,37.3,99,1,Post-Workout
94,37.3,95,1,Post-Workout
120,37.5,97,2,Post-Workout
91,37.4,98,3,Post-Workout
113,37.5,95,1,Post-Workout
120,37.4,96,1,Post-Workout
52,36.1,99,0,Sleeping
56,36.2,98,1,Sleeping
65,36.5,99,1,Sleeping
54,36.4,97,1,Sleeping
65,36.3,96,1,Sleeping
57,36.4,98,0,Sleeping
59,36.5,100,1,Sleeping
50,36.3,97,0,Sleeping
52,36,99,0,Sleeping
55,36.1,99,0,Sleeping
30,36,82,1,Unconscious
38,36.3,90,1,Unconscious
46,36.3,88,1,Unconscious
44,35.1,80,1,Unconscious
37,35.6,87,0,Unconscious
45,36.4,87,1,Unconscious
31,36.2,80,1,Unconscious
38,35.2,89,0,Unconscious
34,35.3,81,1,Unconscious
47,35.1,84,1,Unconscious
53,36,91,1,Fainting
56,35.9,85,1,Fainting
53,35.9,94,1,Fainting
49,35.6,95,0,Fainting
51,36.1,85,0,Fainting
45,35.6,92,0,Fainting
31,36.1,91,1,Fainting
47,36,94,0,Fainting
45,35.5,94,0,Fainting
39,36.2,90,0,Fainting
82,36.5,80,2,Hypoxia
77,36.9,91,1,Hypoxia
70,36.8,89,1,Hypoxia
92,36.6,78,1,Hypoxia
75,36.9,72,2,Hypoxia
99,37,84,0,Hypoxia
81,36.2,79,0,Hypoxia
87,36.3,76,1,Hypoxia
90,36.6,73,0,Hypoxia
87,36.2,70,1,Hypoxia
52,36.4,95,0,Sleeping
61,36.5,95,0,Sleeping
65,36.1,99,0,Sleeping
51,36,98,0,Sleeping
62,36.2,98,0,Sleeping
57,36.2,100,1,Sleeping
51,36.2,99,1,Sleeping
60,36.1,98,1,Sleeping
52,36.1,97,1,Sleeping
64,36.3,96,1,Sleeping
75,36.9,98,3,Awake/Idle
71,36.6,97,2,Awake/Idle
80,37,99,1,Awake/Idle
80,37,99,2,Awake/Idle
77,36.9,99,3,Awake/Idle
78,36.6,99,2,Awake/Idle
77,36.5,95,1,Awake/Idle
72,37,99,2,Awake/Idle
60,37,95,2,Awake/Idle
66,36.9,100,1,Awake/Idle
60,35.8,90,1,Fainting
59,36,88,0,Fainting
43,35.7,90,0,Fainting
31,36.4,85,0,Fainting
30,36.2,92,1,Fainting
49,35.8,91,0,Fainting
56,35.6,91,1,Fainting
54,35.6,88,1,Fainting
36,35.6,89,1,Fainting
45,35.6,86,1,Fainting
53,36.6,96,1,Sleeping
59,36.7,96,1,Sleeping
59,36.5,98,0,Sleeping
61,36.2,98,1,Sleeping
65,36.1,100,1,Sleeping
57,36.2,96,1,Sleeping
57,36.5,95,1,Sleeping
51,36,99,1,Sleeping
58,36.3,95,0,Sleeping
60,36.2,98,0,Sleeping
87,36.6,84,2,Hypoxia
68,36.9,86,1,Hypoxia
77,36.4,71,2,Hypoxia
90,36.2,72,0,Hypoxia
81,36.8,87,1,Hypoxia
76,36.9,85,0,Hypoxia
96,36.4,76,0,Hypoxia
94,36.6,71,0,Hypoxia
74,36.8,77,1,Hypoxia
64,36.2,78,1,Hypoxia
89,36.5,89,1,Hypoxia
83,36.4,71,2,Hypoxia
66,36.5,88,0,Hypoxia
68,36.5,75,0,Hypoxia
80,36.9,75,1,Hypoxia
65,36.3,75,0,Hypoxia
60,36.5,75,1,Hypoxia
85,36.5,79,0,Hypoxia
95,36.2,76,1,Hypoxia
68,36.9,76,1,Hypoxia
73,36.9,96,3,Awake/Idle
71,36.5,95,1,Awake/Idle
62,36.9,100,3,Awake/Idle
62,36.6,100,1,Awake/Idle
65,36.9,97,1,Awake/Idle
77,36.7,100,2,Awake/Idle
67,36.7,95,3,Awake/Idle
65,36.6,96,2,Awake/Idle
74,36.9,100,2,Awake/Idle
74,36.8,95,2,Awake/Idle
70,37,91,2,Hypoxia
65,36.3,89,2,Hypoxia
78,36.1,84,0,Hypoxia
99,36.7,86,2,Hypoxia
74,36.6,87,0,Hypoxia
66,36.3,87,1,Hypoxia
69,36.2,83,1,Hypoxia
60,36,87,1,Hypoxia
61,36.4,82,2,Hypoxia
76,36.8,89,2,Hypoxia
72,36.9,97,1,Awake/Idle
79,36.8,95,2,Awake/Idle
68,36.8,95,1,Awake/Idle
61,36.7,100,3,Awake/Idle
76,36.7,100,1,Awake/Idle
80,36.9,96,2,Awake/Idle
74,36.7,97,1,Awake/Idle
71,36.8,98,2,Awake/Idle
67,36.8,99,1,Awake/Idle
78,36.6,96,1,Awake/Idle
67,36.8,76,1,Hypoxia
80,36.3,78,2,Hypoxia
60,36.5,75,0,Hypoxia
78,36.8,84,1,Hypoxia
100,36.2,91,0,Hypoxia
81,37,91,2,Hypoxia
90,36.7,85,0,Hypoxia
76,36.7,76,2,Hypoxia
70,37,91,1,Hypoxia
65,36.6,91,1,Hypoxia
79,36.9,95,1,Awake/Idle
75,36.7,96,2,Awake/Idle
61,36.9,98,2,Awake/Idle
77,36.6,96,3,Awake/Idle
67,36.5,96,2,Awake/Idle
60,36.8,98,2,Awake/Idle
68,36.5,96,2,Awake/Idle
61,37,98,3,Awake/Idle
63,36.6,96,3,Awake/Idle
75,36.7,98,2,Awake/Idle
45,36.3,92,0,Fainting
59,35.9,92,0,Fainting
53,35.9,86,1,Fainting
46,36.2,91,1,Fainting
47,35.9,90,0,Fainting
40,35.5,85,0,Fainting
54,35.5,93,0,Fainting
47,36,89,1,Fainting
44,36.4,86,1,Fainting
44,36.3,88,0,Fainting
78,36.7,95,2,Awake/Idle
74,36.8,97,2,Awake/Idle
80,36.8,96,1,Awake/Idle
78,36.9,97,1,Awake/Idle
71,36.8,97,2,Awake/Idle
65,36.9,98,1,Awake/Idle
63,37,100,1,Awake/Idle
65,37,98,1,Awake/Idle
63,36.9,96,2,Awake/Idle
76,36.5,99,2,Awake/Idle
75,36.6,87,2,Hypoxia
60,36.5,73,1,Hypoxia
90,36.2,86,1,Hypoxia
79,36.2,90,2,Hypoxia
86,36.2,70,1,Hypoxia
68,36.8,70,1,Hypoxia
67,36.7,70,0,Hypoxia
60,36.1,81,2,Hypoxia
77,36.4,91,2,Hypoxia
74,37,91,1,Hypoxia
53,36.7,98,0,Sleeping
63,36.4,97,0,Sleeping
64,36.5,99,0,Sleeping
55,36.6,95,1,Sleeping
64,36.4,95,0,Sleeping
61,36.6,96,1,Sleeping
57,36.7,96,1,Sleeping
59,36.6,98,1,Sleeping
51,36.1,97,1,Sleeping
51,36.3,100,1,Sleeping
130,37.2,97,10,Running
123,37.6,97,8,Running
141,37.6,95,10,Running
138,37.7,97,10,Running
146,37.3,97,8,Running
138,37.3,96,10,Running
174,38,93,8,Running
135,37.9,96,8,Running
133,37.9,97,10,Running
177,37.5,92,8,Running
63,36.9,100,1,Meditation
59,36.7,99,1,Meditation
70,36.9,95,0,Meditation
58,36.7,95,0,Meditation
58,36.5,95,0,Meditation
57,36.6,99,0,Meditation
70,36.7,96,0,Meditation
69,36.7,98,1,Meditation
56,36.8,96,1,Meditation
64,36.8,100,1,Meditation
99,36.8,99,4,Walking
104,36.7,97,5,Walking
100,37.2,95,6,Walking
108,37.1,99,7,Walking
87,37.1,95,5,Walking
106,37.1,96,7,Walking
101,36.7,100,5,Walking
85,37.2,100,6,Walking
89,37.2,95,6,Walking
91,36.9,100,6,Walking
115,36.6,95,2,Stress/Panic
122,36.6,95,4,Stress/Panic
116,37.1,93,2,Stress/Panic
126,37.1,95,3,Stress/Panic
124,36.7,95,4,Stress/Panic
109,36.9,93,4,Stress/Panic
114,37.2,96,5,Stress/Panic
106,37.1,94,4,Stress/Panic
101,37.1,94,5,Stress/Panic
111,36.9,93,4,Stress/Panic
109,36.6,96,3,Stress/Panic
128,36.9,93,5,Stress/Panic
105,36.8,96,3,Stress/Panic
113,36.8,96,3,Stress/Panic
112,36.9,94,2,Stress/Panic
118,36.8,96,4,Stress/Panic
108,37.1,94,3,Stress/Panic
113,36.9,93,5,Stress/Panic
111,36.9,95,2,Stress/Panic
125,36.6,95,2,Stress/Panic
57,36.5,97,1,Meditation
50,36.6,97,0,Meditation
67,36.6,96,1,Meditation
57,36.7,98,0,Meditation
52,36.9,99,1,Meditation
50,36.8,96,1,Meditation
60,36.6,98,0,Meditation
61,36.8,100,0,Meditation
55,36.8,98,1,Meditation
59,36.8,99,1,Meditation
115,36.8,95,10,Seizure
130,37.4,95,9,Seizure
133,36.8,92,10,Seizure
136,36.8,94,10,Seizure
98,36.6,89,9,Seizure
127,36.9,88,9,Seizure
101,37.3,91,10,Seizure
116,36.7,91,10,Seizure
101,36.7,93,9,Seizure
110,36.6,88,9,Seizure
49,35.5,84,0,Unconscious
40,36.4,86,1,Unconscious
30,35.2,85,0,Unconscious
31,35.9,84,0,Unconscious
49,35.4,82,1,Unconscious
31,35.7,86,1,Unconscious
34,36.4,85,1,Unconscious
43,36.1,87,0,Unconscious
38,36,86,1,Unconscious
46,35.3,88,1,Unconscious
65,36.5,99,2,Awake/Idle
67,36.7,96,2,Awake/Idle
63,36.7,96,2,Awake/Idle
60,36.9,99,3,Awake/Idle
76,36.5,100,3,Awake/Idle
73,36.9,97,3,Awake/Idle
74,36.7,97,1,Awake/Idle
71,36.6,100,2,Awake/Idle
69,36.6,96,3,Awake/Idle
63,36.9,95,1,Awake/Idle
128,37.4,89,9,Seizure
132,36.8,91,9,Seizure
102,36.8,92,10,Seizure
125,37.1,93,9,Seizure
121,36.8,93,9,Seizure
95,37.3,89,9,Seizure
108,37,91,9,Seizure
133,37,91,9,Seizure
132,36.9,93,10,Seizure
93,36.9,94,10,Seizure
53,36.7,98,0,Sleeping
63,36.6,98,0,Sleeping
50,36.2,98,1,Sleeping
51,36.6,99,0,Sleeping
65,36.6,96,1,Sleeping
61,36.2,98,0,Sleeping
62,36.2,98,1,Sleeping
57,36.1,95,1,Sleeping
50,36.3,97,0,Sleeping
65,36.1,99,0,Sleeping
31,36.4,88,1,Unconscious
38,35.3,87,0,Unconscious
37,35.5,90,1,Unconscious
43,36.3,83,1,Unconscious
42,36.4,81,0,Unconscious
48,35.3,80,0,Unconscious
50,35.1,82,0,Unconscious
30,35.2,83,1,Unconscious
31,35.3,82,1,Unconscious
33,36.4,85,1,Unconscious
113,37.3,91,9,Seizure
96,37.2,95,9,Seizure
103,37.2,89,10,Seizure
91,37.1,88,9,Seizure
113,36.8,95,9,Seizure
119,37.4,94,9,Seizure
108,36.9,95,10,Seizure
94,36.8,95,10,Seizure
119,36.6,92,9,Seizure
100,36.9,90,10,Seizure
49,36.4,90,1,Fainting
42,36.3,89,1,Fainting
52,36.5,86,0,Fainting
57,36.4,87,0,Fainting
56,35.6,91,1,Fainting
57,35.9,87,1,Fainting
59,35.6,94,0,Fainting
44,36.4,91,0,Fainting
54,35.5,85,0,Fainting
49,36.2,85,0,Fainting
51,36.4,88,1,Fainting
59,36,95,1,Fainting
51,36.3,87,0,Fainting
37,36.1,90,1,Fainting
32,36.4,94,1,Fainting
37,36.1,87,1,Fainting
36,35.9,94,1,Fainting
52,35.5,94,0,Fainting
52,36.3,92,0,Fainting
58,35.5,93,0,Fainting
99,37,96,5,Walking
102,37,95,5,Walking
103,36.9,97,4,Walking
110,36.9,95,5,Walking
93,36.8,96,5,Walking
90,36.9,95,4,Walking
95,37,96,4,Walking
108,36.8,99,6,Walking
83,37,97,6,Walking
93,36.9,95,4,Walking
124,37.7,93,8,Running
152,37.8,98,9,Running
163,37.3,94,9,Running
172,37.9,94,8,Running
170,37.6,93,10,Running
148,37.2,94,8,Running
128,37.1,95,10,Running
145,37.1,92,9,Running
138,37.8,95,9,Running
146,37.7,93,9,Running
85,36.8,100,7,Walking
98,37.2,95,4,Walking
98,37,95,6,Walking
94,36.9,99,7,Walking
83,36.7,98,7,Walking
101,37.2,96,7,Walking
104,36.9,95,6,Walking
83,37,100,4,Walking
110,36.8,95,5,Walking
89,37.2,98,6,Walking
68,36.5,100,0,Meditation
63,36.9,98,1,Meditation
54,36.6,98,0,Meditation
69,36.5,96,1,Meditation
57,36.7,99,1,Meditation
60,36.9,97,1,Meditation
61,36.6,100,0,Meditation
51,36.8,99,1,Meditation
58,36.9,96,0,Meditation
68,36.7,95,1,Meditation
111,37.4,99,3,Post-Workout
90,37.2,95,3,Post-Workout
100,37.3,95,3,Post-Workout
111,37.4,98,2,Post-Workout
91,37,95,3,Post-Workout
115,37,98,3,Post-Workout
102,37.4,99,1,Post-Workout
119,37.1,98,2,Post-Workout
105,37.3,96,1,Post-Workout
115,37.3,95,1,Post-Workout
56,35.6,91,0,Fainting
30,35.8,90,0,Fainting
39,35.9,93,1,Fainting
57,36,90,0,Fainting
57,35.8,86,0,Fainting
44,35.6,94,1,Fainting
44,35.6,91,1,Fainting
40,36.3,92,0,Fainting
57,36.3,93,0,Fainting
42,35.8,94,1,Fainting
117,36.6,95,5,Stress/Panic
120,37.1,93,5,Stress/Panic
115,36.9,96,3,Stress/Panic
102,37,95,5,Stress/Panic
102,36.7,96,2,Stress/Panic
127,36.6,96,3,Stress/Panic
124,36.9,94,5,Stress/Panic
130,36.9,94,3,Stress/Panic
121,37,94,2,Stress/Panic
123,36.6,93,3,Stress/Panic
77,36.4,80,0,Hypoxia
60,36.7,84,1,Hypoxia
66,36.3,77,2,Hypoxia
94,36.4,72,0,Hypoxia
76,36.3,81,0,Hypoxia
92,36.7,78,1,Hypoxia
72,36.3,78,2,Hypoxia
97,36.7,75,1,Hypoxia
60,36.2,85,1,Hypoxia
62,36.1,78,2,Hypoxia
41,36,84,1,Unconscious
45,35.9,89,0,Unconscious
37,35.3,85,0,Unconscious
50,35.9,85,1,Unconscious
43,35.7,90,0,Unconscious
36,35.5,80,1,Unconscious
46,36.1,83,0,Unconscious
31,36.5,86,1,Unconscious
33,36.1,89,0,Unconscious
30,36.4,90,1,Unconscious
51,36.1,100,1,Sleeping
61,36.1,97,1,Sleeping
54,36.3,100,0,Sleeping
64,36.5,98,0,Sleeping
55,36.3,99,1,Sleeping
64,36.1,95,0,Sleeping
56,36,100,1,Sleeping
54,36.4,99,0,Sleeping
63,36.1,95,0,Sleeping
51,36.6,99,1,Sleeping
99,36.4,86,0,Hypoxia
68,36.1,86,1,Hypoxia
63,36.2,85,2,Hypoxia
96,36.9,77,0,Hypoxia
82,37,82,0,Hypoxia
63,36.9,73,2,Hypoxia
95,36.6,76,2,Hypoxia
75,36.6,79,2,Hypoxia
70,36.6,82,2,Hypoxia
68,36.9,70,0,Hypoxia
60,36.8,97,1,Meditation
61,36.9,97,0,Meditation
52,36.7,95,1,Meditation
54,36.6,98,1,Meditation
64,36.8,95,1,Meditation
51,36.7,95,1,Meditation
53,36.9,96,1,Meditation
56,36.6,97,0,Meditation
58,36.8,95,0,Meditation
63,36.5,96,0,Meditation
103,37,96,3,Post-Workout
106,37.4,99,1,Post-Workout
94,37.3,99,1,Post-Workout
104,37.2,100,2,Post-Workout
116,37.2,98,1,Post-Workout
111,37.2,97,2,Post-Workout
101,37.1,99,2,Post-Workout
98,37.2,95,1,Post-Workout
120,37.2,95,1,Post-Workout
110,37.5,100,1,Post-Workout
111,37.2,100,3,Post-Workout
96,37.3,98,2,Post-Workout
95,37.3,96,3,Post-Workout
110,37.2,97,3,Post-Workout
115,37.4,95,1,Post-Workout
105,37.1,96,1,Post-Workout
103,37.3,97,1,Post-Workout
105,37.4,100,2,Post-Workout
117,37.4,96,1,Post-Workout
110,37,98,2,Post-Workout
54,36.8,100,0,Meditation
62,36.7,96,1,Meditation
60,36.8,95,0,Meditation
64,36.9,99,1,Meditation
55,36.5,96,0,Meditation
67,36.7,96,0,Meditation
70,36.7,98,0,Meditation
55,36.7,99,1,Meditation
63,36.9,99,1,Meditation
65,36.5,96,0,Meditation
50,35.8,90,1,Fainting
59,35.6,87,0,Fainting
43,36.1,91,1,Fainting
60,35.6,91,1,Fainting
37,35.9,87,1,Fainting
53,35.8,95,0,Fainting
46,36.5,94,0,Fainting
51,35.8,95,1,Fainting
50,36,95,1,Fainting
34,36.1,92,0,Fainting
94,36.5,93,10,Seizure
100,37.4,91,9,Seizure
120,37.4,95,10,Seizure
98,37.5,94,9,Seizure
131,37.4,91,9,Seizure
118,37.3,93,10,Seizure
99,37,92,10,Seizure
133,37.5,94,9,Seizure
133,37.5,89,10,Seizure
90,37,88,10,Seizure
122,37.5,88,9,Seizure
125,37.4,91,9,Seizure
122,36.5,92,9,Seizure
94,36.5,95,10,Seizure
124,36.5,92,10,Seizure
90,36.8,92,9,Seizure
111,36.5,90,9,Seizure
136,37.2,93,10,Seizure
123,37.1,94,10,Seizure
111,36.7,94,9,Seizure
111,37.1,96,2,Stress/Panic
130,37,96,4,Stress/Panic
115,36.7,94,5,Stress/Panic
108,36.8,96,5,Stress/Panic
129,37.1,95,5,Stress/Panic
110,37,94,3,Stress/Panic
125,36.5,93,2,Stress/Panic
112,36.6,95,4,Stress/Panic
116,37.2,95,4,Stress/Panic
105,36.8,95,3,Stress/Panic
95,37.4,99,1,Post-Workout
95,37.1,99,2,Post-Workout
118,37,100,3,Post-Workout
115,37.4,99,2,Post-Workout
95,37.1,100,3,Post-Workout
117,37.1,99,2,Post-Workout
111,37.2,97,3,Post-Workout
108,37.1,100,1,Post-Workout
91,37.2,98,1,Post-Workout
112,37.4,100,3,Post-Workout
58,36,86,0,Fainting
54,36.3,87,0,Fainting
52,35.9,88,0,Fainting
53,36.5,95,0,Fainting
50,36.5,87,1,Fainting
31,36.2,86,0,Fainting
53,36.1,85,0,Fainting
54,36,87,0,Fainting
39,36.4,90,0,Fainting
56,35.7,85,0,Fainting
121,37.1,95,2,Stress/Panic
106,36.9,96,4,Stress/Panic
103,36.9,93,2,Stress/Panic
124,36.8,93,5,Stress/Panic
113,36.7,94,2,Stress/Panic
107,36.6,96,3,Stress/Panic
118,37,95,5,Stress/Panic
119,36.8,95,5,Stress/Panic
127,37.1,95,4,Stress/Panic
129,37,94,5,Stress/Panic
58,36.2,87,1,Fainting
49,35.9,86,0,Fainting
58,35.6,94,1,Fainting
48,36,94,1,Fainting
56,35.6,87,0,Fainting
32,35.8,92,1,Fainting
31,36.1,85,1,Fainting
54,36.2,88,0,Fainting
58,35.7,85,1,Fainting
59,36.2,90,0,Fainting
35,35,89,0,Unconscious
49,35.1,86,0,Unconscious
43,36,86,1,Unconscious
48,35.6,83,1,Unconscious
41,35.6,84,0,Unconscious
34,35.1,83,1,Unconscious
46,35.1,80,0,Unconscious
39,35.5,88,0,Unconscious
49,35.9,83,1,Unconscious
46,35.2,85,1,Unconscious
41,35.9,82,0,Unconscious
39,35.5,84,1,Unconscious
38,35.2,86,1,Unconscious
47,35.7,90,1,Unconscious
47,36.3,84,1,Unconscious
45,36.5,90,1,Unconscious
50,35.5,88,0,Unconscious
37,35.6,83,1,Unconscious
47,35.8,88,1,Unconscious
38,36.2,88,1,Unconscious
63,36.6,99,0,Meditation
69,36.8,100,1,Meditation
53,36.6,100,0,Meditation
62,36.5,95,0,Meditation
53,36.8,100,0,Meditation
65,36.8,95,1,Meditation
67,36.7,97,0,Meditation
69,36.8,99,0,Meditation
62,36.9,98,0,Meditation
50,36.6,97,0,Meditation
57,36.5,95,0,Meditation
61,36.8,97,0,Meditation
59,36.8,95,1,Meditation
59,36.6,96,1,Meditation
50,36.5,96,0,Meditation
67,36.6,99,1,Meditation
70,36.8,97,0,Meditation
56,36.7,100,1,Meditation
58,36.7,100,0,Meditation
66,36.5,95,1,Meditation
116,36.6,96,5,Stress/Panic
104,36.8,93,5,Stress/Panic
106,37.1,95,2,Stress/Panic
118,36.8,93,5,Stress/Panic
130,37.2,94,2,Stress/Panic
101,36.7,95,2,Stress/Panic
100,36.9,96,4,Stress/Panic
102,37.2,95,4,Stress/Panic
113,37,96,2,Stress/Panic
121,37.1,96,5,Stress/Panic
149,37.6,96,8,Running
135,37.3,97,9,Running
171,37.1,96,8,Running
175,37.2,98,10,Running
156,37.1,97,10,Running
153,37.2,92,8,Running
146,37.8,97,10,Running
165,37.6,95,8,Running
167,37.1,96,10,Running
168,37.7,97,8,Running
44,35.9,92,1,Fainting
41,36.4,93,1,Fainting
55,35.8,90,0,Fainting
45,35.5,93,0,Fainting
39,36.3,89,0,Fainting
41,36.4,87,0,Fainting
57,36.1,86,1,Fainting
57,36,86,0,Fainting
48,35.9,91,0,Fainting
58,36.4,93,0,Fainting
138,37.7,93,9,Running
160,37.6,93,8,Running
123,37.9,94,8,Running
127,37.4,97,9,Running
161,37.8,92,8,Running
180,37.6,92,10,Running
178,37.9,94,10,Running
177,37.3,93,9,Running
143,37.2,97,9,Running
129,37.6,98,9,Running
82,36.8,79,0,Hypoxia
90,36.3,83,1,Hypoxia
76,36.4,79,0,Hypoxia
96,37,91,1,Hypoxia
61,36.8,81,1,Hypoxia
71,36.9,78,0,Hypoxia
73,36.7,71,0,Hypoxia
98,36.6,72,0,Hypoxia
99,36.2,73,0,Hypoxia
78,36.3,73,1,Hypoxia
54,36.7,100,1,Meditation
53,36.7,100,1,Meditation
53,36.8,95,1,Meditation
55,36.9,95,1,Meditation
67,36.6,95,1,Meditation
53,36.6,98,0,Meditation
57,36.7,99,1,Meditation
52,36.8,100,0,Meditation
56,36.8,98,0,Meditation
58,36.6,99,1,Meditation
53,36.8,98,1,Meditation
51,36.9,96,1,Meditation
54,36.8,98,1,Meditation
52,36.6,96,1,Meditation
65,36.6,98,0,Meditation
54,36.6,98,1,Meditation
63,36.5,95,0,Meditation
54,36.6,98,1,Meditation
67,36.7,98,0,Meditation
60,36.7,95,1,Meditation
137,37.5,88,9,Seizure
95,37.1,89,9,Seizure
138,37.1,94,9,Seizure
122,37.2,95,9,Seizure
90,36.7,89,9,Seizure
133,37.3,95,10,Seizure
137,37.5,88,9,Seizure
110,36.7,90,9,Seizure
111,37,94,9,Seizure
129,37.1,95,10,Seizure
61,36.7,100,0,Sleeping
65,36.6,97,1,Sleeping
57,36.1,100,0,Sleeping
65,36.3,100,0,Sleeping
54,36.2,98,1,Sleeping
56,36,98,1,Sleeping
54,36.2,100,1,Sleeping
54,36.2,100,0,Sleeping
51,36.6,97,0,Sleeping
55,36.5,100,0,Sleeping
115,36.9,96,3,Stress/Panic
120,37.1,96,5,Stress/Panic
120,36.7,95,5,Stress/Panic
128,36.9,95,5,Stress/Panic
121,36.9,93,3,Stress/Panic
100,36.9,96,2,Stress/Panic
100,37.1,93,2,Stress/Panic
126,36.6,96,3,Stress/Panic
114,36.7,93,2,Stress/Panic
105,37.1,93,3,Stress/Panic
36,36.3,82,1,Unconscious
43,35.9,86,1,Unconscious
48,36.1,88,0,Unconscious
42,36.3,83,1,Unconscious
32,35,81,1,Unconscious
47,35.5,82,0,Unconscious
34,35.3,82,0,Unconscious
42,35.8,89,1,Unconscious
47,35,83,1,Unconscious
41,36.3,87,0,Unconscious
49,35.8,93,1,Fainting
42,35.9,87,1,Fainting
38,35.9,90,0,Fainting
30,35.8,95,1,Fainting
59,35.7,88,0,Fainting
48,36.3,93,0,Fainting
53,36.1,95,0,Fainting
53,36.1,93,1,Fainting
57,36.4,88,0,Fainting
48,36.5,85,0,Fainting
112,36.5,92,9,Seizure
94,37,88,9,Seizure
119,37.1,88,9,Seizure
109,36.9,90,9,Seizure
91,37.1,92,10,Seizure
103,37.4,95,10,Seizure
111,37,92,9,Seizure
122,37.2,91,10,Seizure
130,36.6,90,9,Seizure
113,37.2,89,10,Seizure
64,36.5,99,0,Meditation
56,36.5,97,0,Meditation
58,36.7,97,0,Meditation
64,36.8,95,0,Meditation
56,36.7,98,0,Meditation
53,36.6,96,1,Meditation
53,36.6,95,0,Meditation
54,36.7,98,0,Meditation
54,36.8,100,1,Meditation
70,36.6,99,1,Meditation
65,36.2,95,1,Sleeping
50,36.3,98,1,Sleeping
61,36.1,96,0,Sleeping
51,36.6,100,0,Sleeping
59,36.4,95,0,Sleeping
56,36,100,0,Sleeping
52,36.4,99,0,Sleeping
61,36.6,95,1,Sleeping
56,36.6,100,0,Sleeping
53,36.6,99,0,Sleeping
93,36.8,94,9,Seizure
97,37,91,9,Seizure
125,36.6,92,9,Seizure
97,37.4,88,9,Seizure
98,37,94,9,Seizure
120,37.5,91,10,Seizure
92,37,89,9,Seizure
104,37.3,94,9,Seizure
122,36.8,95,10,Seizure
131,36.7,90,10,Seizure
54,36.6,96,0,Meditation
64,36.8,100,0,Meditation
68,36.6,99,1,Meditation
59,36.7,95,1,Meditation
51,36.9,99,1,Meditation
51,36.6,100,0,Meditation
62,36.5,95,1,Meditation
52,36.6,100,0,Meditation
64,36.9,97,0,Meditation
60,36.6,96,0,Meditation
50,35.3,84,1,Unconscious
36,35.3,88,1,Unconscious
49,35.5,89,1,Unconscious
49,35.4,80,1,Unconscious
48,36.4,90,0,Unconscious
39,36.4,80,0,Unconscious
41,36.2,88,1,Unconscious
32,35.6,87,0,Unconscious
39,35.8,86,0,Unconscious
36,36.1,81,1,Unconscious
94,37.3,95,2,Post-Workout
103,37.1,96,2,Post-Workout
102,37.4,96,2,Post-Workout
96,37.3,95,2,Post-Workout
113,37.3,96,3,Post-Workout
106,37.1,97,1,Post-Workout
118,37,98,2,Post-Workout
109,37.2,95,2,Post-Workout
90,37.4,95,1,Post-Workout
96,37.4,95,3,Post-Workout
109,37.1,97,4,Walking
102,37.2,95,5,Walking
94,36.8,95,7,Walking
86,36.9,100,6,Walking
108,37,99,5,Walking
86,37.1,95,4,Walking
96,37.2,98,6,Walking
89,36.8,95,6,Walking
89,36.9,100,7,Walking
91,37.1,100,6,Walking
102,37.2,100,1,Post-Workout
107,37.1,95,2,Post-Workout
92,37.4,99,3,Post-Workout
111,37.5,96,2,Post-Workout
109,37.2,99,3,Post-Workout
101,37.2,100,3,Post-Workout
90,37.4,100,2,Post-Workout
118,37.3,100,3,Post-Workout
90,37.1,99,1,Post-Workout
90,37,100,1,Post-Workout
107,37,94,9,Seizure
132,36.7,90,10,Seizure
117,36.7,92,10,Seizure
117,37.2,89,10,Seizure
96,37.2,95,9,Seizure
98,36.8,94,10,Seizure
131,36.9,95,10,Seizure
135,37.1,90,10,Seizure
92,37.2,92,9,Seizure
112,36.9,93,10,Seizure
81,36.3,76,1,Hypoxia
93,36.9,72,2,Hypoxia
84,36.7,74,1,Hypoxia
72,36.4,88,0,Hypoxia
97,36.2,72,0,Hypoxia
94,36.1,78,1,Hypoxia
93,37,82,2,Hypoxia
98,36.1,73,2,Hypoxia
80,36.4,84,1,Hypoxia
90,36.1,75,2,Hypoxia
91,37,96,7,Walking
104,36.7,97,6,Walking
107,37,100,6,Walking
89,37.1,99,4,Walking
94,37.2,95,4,Walking
81,36.9,96,5,Walking
86,37.1,96,4,Walking
81,36.7,98,6,Walking
80,37.1,100,6,Walking
90,36.7,96,6,Walking
158,37.8,95,8,Running
150,37,95,9,Running
147,37.5,92,9,Running
164,37.1,92,10,Running
141,38,97,8,Running
148,37.3,94,8,Running
180,37.9,98,10,Running
135,37.3,92,8,Running
161,37.7,97,10,Running
134,37.6,92,10,Running
119,36.6,96,3,Stress/Panic
111,36.5,94,2,Stress/Panic
118,36.6,95,5,Stress/Panic
105,36.7,96,2,Stress/Panic
117,37.2,96,2,Stress/Panic
102,36.8,96,3,Stress/Panic
102,36.9,93,5,Stress/Panic
100,37.1,96,2,Stress/Panic
128,37,94,4,Stress/Panic
101,36.8,94,2,Stress/Panic
97,36.1,83,2,Hypoxia
92,36.7,88,0,Hypoxia
71,36.6,86,2,Hypoxia
89,36.2,91,1,Hypoxia
90,36.3,82,1,Hypoxia
98,36.2,84,2,Hypoxia
83,36.4,90,2,Hypoxia
86,36.8,78,0,Hypoxia
89,36.4,70,0,Hypoxia
74,36.1,76,1,Hypoxia
115,37.1,95,4,Stress/Panic
128,37,95,2,Stress/Panic
100,37,93,4,Stress/Panic
125,36.9,95,3,Stress/Panic
116,36.5,95,4,Stress/Panic
110,37.2,93,3,Stress/Panic
129,37.1,95,3,Stress/Panic
110,37,96,2,Stress/Panic
125,36.5,95,4,Stress/Panic
119,36.9,95,2,Stress/Panic
104,37.1,96,4,Walking
90,37.2,97,7,Walking
83,36.9,96,4,Walking
103,37.1,96,6,Walking
105,36.8,98,6,Walking
84,36.8,98,4,Walking
87,37,95,6,Walking
86,36.8,98,4,Walking
106,36.7,99,4,Walking
103,37,97,4,Walking
115,37,96,3,Post-Workout
115,37.4,98,3,Post-Workout
103,37.3,100,2,Post-Workout
99,37.4,99,3,Post-Workout
107,37,99,3,Post-Workout
93,37.4,95,1,Post-Workout
106,37,95,2,Post-Workout
91,37.4,95,2,Post-Workout
95,37.2,99,3,Post-Workout
110,37.5,100,1,Post-Workout
91,37.3,98,3,Post-Workout
97,37.1,96,3,Post-Workout
92,37.5,97,3,Post-Workout
94,37.2,100,3,Post-Workout
104,37.1,96,1,Post-Workout
104,37,99,3,Post-Workout
119,37.2,95,3,Post-Workout
118,37,97,3,Post-Workout
104,37.1,95,2,Post-Workout
97,37.1,99,2,Post-Workout
50,36.2,95,1,Sleeping
51,36.3,98,1,Sleeping
58,36.1,96,0,Sleeping
60,36,97,1,Sleeping
62,36.3,95,0,Sleeping
59,36.5,99,1,Sleeping
59,36.5,100,0,Sleeping
57,36.2,95,1,Sleeping
56,36.5,96,0,Sleeping
56,36.4,99,0,Sleeping
88,36.8,99,6,Walking
96,37.1,100,5,Walking
91,37.1,99,7,Walking
99,37.1,95,7,Walking
110,37.1,96,7,Walking
93,36.9,99,7,Walking
108,36.9,97,7,Walking
89,36.7,96,5,Walking
106,36.7,100,7,Walking
102,36.8,97,4,Walking
104,36.9,97,7,Walking
85,37.1,96,6,Walking
101,36.8,97,4,Walking
90,37.2,97,4,Walking
95,36.9,95,6,Walking
82,37,99,7,Walking
104,36.8,96,7,Walking
99,36.8,95,6,Walking
88,37.1,99,7,Walking
94,37.2,98,4,Walking
125,37.1,94,5,Stress/Panic
113,37.2,95,5,Stress/Panic
107,36.7,96,4,Stress/Panic
126,37.1,96,3,Stress/Panic
123,37.1,94,3,Stress/Panic
115,37,95,5,Stress/Panic
124,36.9,96,4,Stress/Panic
108,37,95,4,Stress/Panic
114,36.9,93,5,Stress/Panic
126,36.5,95,4,Stress/Panic
69,36.5,99,3,Awake/Idle
73,36.7,95,2,Awake/Idle
76,36.6,100,1,Awake/Idle
74,36.6,98,2,Awake/Idle
77,36.9,97,2,Awake/Idle
63,36.6,99,2,Awake/Idle
72,36.7,98,1,Awake/Idle
67,36.7,100,2,Awake/Idle
67,36.9,98,1,Awake/Idle
62,36.8,97,1,Awake/Idle
52,35.5,89,1,Fainting
45,36,88,0,Fainting
37,36.1,95,1,Fainting
45,36.3,92,0,Fainting
34,35.8,88,0,Fainting
45,36.2,95,1,Fainting
34,35.9,85,0,Fainting
40,36.4,94,0,Fainting
51,35.8,88,0,Fainting
43,35.6,87,1,Fainting
32,36.3,87,0,Unconscious
31,35.8,82,1,Unconscious
46,35.3,86,0,Unconscious
45,36.4,87,0,Unconscious
39,35.8,85,0,Unconscious
49,35.2,87,1,Unconscious
44,35.9,84,0,Unconscious
35,35.6,90,1,Unconscious
46,35.6,86,1,Unconscious
48,36,82,0,Unconscious
129,37,92,9,Seizure
136,37.5,89,10,Seizure
115,37.1,90,10,Seizure
93,37,91,9,Seizure
104,36.6,90,10,Seizure
125,37.3,88,10,Seizure
100,36.5,88,9,Seizure
126,37.3,94,9,Seizure
124,36.7,94,10,Seizure
96,37.4,94,9,Seizure
92,37.1,95,3,Post-Workout
90,37.4,98,1,Post-Workout
101,37.4,96,3,Post-Workout
109,37.5,95,1,Post-Workout
114,37.4,100,2,Post-Workout
120,37.1,95,3,Post-Workout
113,37.1,100,3,Post-Workout
118,37.4,97,1,Post-Workout
111,37.1,96,3,Post-Workout
97,37,96,2,Post-Workout
41,36,84,0,Unconscious
47,35.4,90,0,Unconscious
50,36,89,1,Unconscious
36,36,89,1,Unconscious
46,36.5,80,0,Unconscious
43,35,81,1,Unconscious
34,36.4,88,1,Unconscious
48,36.1,81,0,Unconscious
34,35.9,87,0,Unconscious
43,35.4,87,1,Unconscious
69,36.8,97,1,Awake/Idle
65,36.7,96,2,Awake/Idle
61,37,97,2,Awake/Idle
67,36.8,98,3,Awake/Idle
70,36.9,98,1,Awake/Idle
62,37,97,2,Awake/Idle
65,36.9,98,3,Awake/Idle
72,36.8,98,2,Awake/Idle
78,36.6,96,2,Awake/Idle
66,36.7,96,2,Awake/Idle
100,36.6,82,1,Hypoxia
78,36.4,76,2,Hypoxia
83,36.1,86,2,Hypoxia
64,36.4,83,1,Hypoxia
91,36.7,91,0,Hypoxia
89,36.3,80,0,Hypoxia
60,36.7,72,2,Hypoxia
87,36,76,2,Hypoxia
70,36.7,72,1,Hypoxia
92,36.5,85,2,Hypoxia
115,37.3,90,9,Seizure
132,37.2,89,9,Seizure
106,37,94,9,Seizure
127,37.3,89,9,Seizure
99,37.1,95,10,Seizure
95,37.4,94,9,Seizure
130,37.1,89,10,Seizure
118,37.3,90,10,Seizure
110,36.6,93,10,Seizure
91,36.9,89,10,Seizure
62,36.8,98,3,Awake/Idle
64,37,95,1,Awake/Idle
65,36.7,100,2,Awake/Idle
64,36.7,100,1,Awake/Idle
77,36.9,95,1,Awake/Idle
61,36.7,99,2,Awake/Idle
76,36.8,95,3,Awake/Idle
75,36.8,100,1,Awake/Idle
60,36.9,96,2,Awake/Idle
70,36.7,95,2,Awake/Idle
117,37.1,97,3,Post-Workout
102,37.4,99,3,Post-Workout
95,37.4,97,2,Post-Workout
99,37.1,97,2,Post-Workout
95,37.2,95,3,Post-Workout
105,37.1,97,1,Post-Workout
112,37.1,95,2,Post-Workout
120,37.1,95,2,Post-Workout
103,37.2,97,2,Post-Workout
102,37.4,96,2,Post-Workout
95,37.2,99,7,Walking
101,36.8,95,6,Walking
91,37,99,5,Walking
110,37.1,100,7,Walking
80,36.8,95,6,Walking
83,37,100,5,Walking
87,37,99,7,Walking
98,36.7,100,7,Walking
84,36.9,100,6,Walking
106,37,98,5,Walking
32,35.6,90,1,Unconscious
49,35,82,0,Unconscious
49,35.6,90,0,Unconscious
31,36,88,0,Unconscious
46,36.2,90,0,Unconscious
40,35.2,86,0,Unconscious
46,35.6,89,1,Unconscious
50,36.3,88,1,Unconscious
36,36.2,90,0,Unconscious
33,35.3,88,0,Unconscious
113,37.1,100,2,Post-Workout
117,37.1,95,2,Post-Workout
111,37.1,100,2,Post-Workout
101,37.3,95,3,Post-Workout
104,37,99,2,Post-Workout
104,37.4,98,3,Post-Workout
94,37.1,95,2,Post-Workout
113,37.4,95,1,Post-Workout
117,37.1,95,3,Post-Workout
112,37.2,100,2,Post-Workout
41,35.5,86,0,Unconscious
38,35.1,82,0,Unconscious
34,36.3,84,1,Unconscious
45,36.2,81,0,Unconscious
31,35.4,88,1,Unconscious
32,35.7,87,0,Unconscious
47,35.1,88,1,Unconscious
45,35.5,81,0,Unconscious
31,35.1,86,1,Unconscious
30,35.4,88,1,Unconscious
107,37,93,2,Stress/Panic
120,36.8,96,3,Stress/Panic
127,37.1,94,2,Stress/Panic
125,37.1,93,2,Stress/Panic
119,36.9,95,3,Stress/Panic
111,36.6,96,5,Stress/Panic
103,36.6,95,2,Stress/Panic
113,37.1,96,4,Stress/Panic
127,36.7,95,4,Stress/Panic
120,36.7,95,2,Stress/Panic
113,37,98,2,Post-Workout
98,37.2,100,1,Post-Workout
94,37.2,100,3,Post-Workout
107,37.3,98,3,Post-Workout
115,37.4,100,3,Post-Workout
111,37.1,97,3,Post-Workout
113,37.1,97,2,Post-Workout
112,37.2,99,2,Post-Workout
93,37.3,95,2,Post-Workout
91,37.1,95,1,Post-Workout
118,37.1,90,10,Seizure
108,36.6,90,9,Seizure
103,37.2,90,10,Seizure
123,36.7,95,9,Seizure
132,37.2,91,9,Seizure
111,36.6,92,9,Seizure
113,36.9,92,10,Seizure
103,37.1,89,9,Seizure
131,36.7,92,10,Seizure
106,36.6,93,10,Seizure
73,36.7,98,2,Awake/Idle
61,36.6,96,1,Awake/Idle
62,36.6,97,3,Awake/Idle
80,37,97,3,Awake/Idle
78,36.9,99,2,Awake/Idle
72,36.7,96,2,Awake/Idle
69,36.5,95,2,Awake/Idle
65,36.5,95,2,Awake/Idle
73,36.7,97,3,Awake/Idle
76,36.6,95,3,Awake/Idle
118,36.8,93,3,Stress/Panic
117,36.6,95,2,Stress/Panic
116,37.1,96,3,Stress/Panic
129,36.7,93,5,Stress/Panic
104,37,93,4,Stress/Panic
115,36.6,93,3,Stress/Panic
125,37,95,5,Stress/Panic
112,36.9,95,4,Stress/Panic
105,37.1,96,3,Stress/Panic
106,36.7,95,3,Stress/Panic
102,37,96,5,Walking
92,37.2,98,6,Walking
87,36.7,98,6,Walking
91,37.2,99,4,Walking
87,37,97,4,Walking
97,36.8,98,7,Walking
101,37.1,95,5,Walking
110,36.9,95,7,Walking
87,36.8,100,7,Walking
101,36.8,96,4,Walking
70,36.7,96,1,Awake/Idle
79,36.9,99,3,Awake/Idle
66,36.7,95,2,Awake/Idle
73,36.9,99,3,Awake/Idle
66,36.7,96,3,Awake/Idle
76,36.9,99,2,Awake/Idle
79,36.8,98,1,Awake/Idle
79,36.7,95,1,Awake/Idle
76,37,99,2,Awake/Idle
76,37,98,3,Awake/Idle
92,37.1,96,5,Walking
108,36.8,95,4,Walking
81,37.1,100,5,Walking
102,36.9,96,4,Walking
106,36.9,100,5,Walking
83,36.8,99,6,Walking
100,37.2,99,7,Walking
102,37.2,99,4,Walking
93,37.2,99,6,Walking
90,36.7,98,7,Walking
70,36.4,89,1,Hypoxia
70,36,73,1,Hypoxia
88,36.5,75,2,Hypoxia
66,37,90,1,Hypoxia
93,36.6,82,2,Hypoxia
91,36.4,82,2,Hypoxia
75,36.3,89,2,Hypoxia
87,36.2,90,0,Hypoxia
79,36.8,90,1,Hypoxia
63,36.2,70,1,Hypoxia
78,36.8,96,3,Awake/Idle
80,36.8,99,3,Awake/Idle
71,36.6,99,1,Awake/Idle
80,36.7,98,3,Awake/Idle
79,37,96,1,Awake/Idle
70,36.8,99,3,Awake/Idle
68,36.6,96,2,Awake/Idle
76,36.9,99,1,Awake/Idle
62,36.6,98,2,Awake/Idle
76,36.7,96,1,Awake/Idle
60,36.5,96,1,Awake/Idle
66,36.6,99,1,Awake/Idle
70,36.6,99,1,Awake/Idle
64,36.8,95,1,Awake/Idle
60,36.7,100,2,Awake/Idle
77,37,98,2,Awake/Idle
74,37,100,3,Awake/Idle
78,36.9,97,1,Awake/Idle
72,36.6,97,1,Awake/Idle
62,36.6,98,1,Awake/Idle
52,35.6,95,1,Fainting
49,35.9,92,0,Fainting
53,35.9,93,1,Fainting
47,35.7,89,0,Fainting
42,36.4,92,1,Fainting
58,35.9,95,0,Fainting
39,36.1,86,0,Fainting
55,36.3,89,1,Fainting
48,36.5,90,0,Fainting
53,36,91,0,Fainting
48,36.2,88,1,Fainting
57,36.3,87,0,Fainting
55,35.6,89,0,Fainting
34,35.9,85,0,Fainting
32,35.5,93,1,Fainting
55,36.2,86,0,Fainting
39,36.1,93,0,Fainting
44,35.5,95,1,Fainting
49,36.3,95,1,Fainting
49,36.2,86,1,Fainting
110,37.5,99,2,Post-Workout
95,37.4,97,3,Post-Workout
119,37.5,96,2,Post-Workout
90,37.4,98,3,Post-Workout
97,37.4,97,1,Post-Workout
97,37.1,96,3,Post-Workout
93,37.4,98,1,Post-Workout
102,37.3,99,2,Post-Workout
102,37.1,95,1,Post-Workout
112,37.3,99,3,Post-Workout
156,37.6,95,10,Running
180,37.7,92,9,Running
172,37.7,98,8,Running
120,37.9,93,8,Running
172,37.6,92,8,Running
160,37.1,94,8,Running
128,37.5,98,9,Running
180,37.7,93,8,Running
168,37.7,94,8,Running
157,37.8,95,8,Running
61,36.6,98,3,Awake/Idle
74,36.7,98,3,Awake/Idle
71,36.6,100,2,Awake/Idle
64,36.9,99,3,Awake/Idle
79,36.5,97,3,Awake/Idle
70,36.7,97,1,Awake/Idle
75,37,96,2,Awake/Idle
78,36.5,100,3,Awake/Idle
79,37,98,2,Awake/Idle
62,36.9,95,1,Awake/Idle
108,37.1,96,2,Stress/Panic
125,37.1,95,2,Stress/Panic
125,37.1,93,4,Stress/Panic
101,36.8,94,3,Stress/Panic
100,36.8,93,2,Stress/Panic
108,36.6,95,3,Stress/Panic
128,36.6,96,2,Stress/Panic
107,36.8,93,3,Stress/Panic
117,37,95,3,Stress/Panic
112,36.8,94,2,Stress/Panic
122,37.1,94,10,Seizure
112,36.9,94,10,Seizure
113,37,91,10,Seizure
139,36.7,95,10,Seizure
126,36.9,89,9,Seizure
95,36.7,90,9,Seizure
110,37.4,91,10,Seizure
132,37.1,93,10,Seizure
92,36.8,94,9,Seizure
116,37,95,10,Seizure
70,36.9,97,2,Awake/Idle
78,36.6,96,3,Awake/Idle
68,36.5,97,3,Awake/Idle
63,36.7,97,2,Awake/Idle
74,37,99,3,Awake/Idle
77,36.6,100,2,Awake/Idle
70,36.5,96,1,Awake/Idle
71,36.7,100,1,Awake/Idle
72,36.7,100,3,Awake/Idle
68,36.8,100,1,Awake/Idle
164,37.2,96,10,Running
137,37.4,98,10,Running
121,37.3,97,8,Running
173,37.4,96,8,Running
176,37.4,97,9,Running
137,38,96,9,Running
152,37.2,96,9,Running
143,37.8,98,8,Running
171,37.2,92,8,Running
142,38,98,8,Running
97,37.5,100,2,Post-Workout
103,37.2,96,2,Post-Workout
94,37.2,99,3,Post-Workout
118,37.2,97,2,Post-Workout
113,37.1,95,1,Post-Workout
94,37.4,100,2,Post-Workout
100,37.5,95,1,Post-Workout
119,37.3,98,2,Post-Workout
95,37.4,96,2,Post-Workout
96,37.4,96,2,Post-Workout
126,36.9,95,9,Seizure
120,37.1,89,9,Seizure
91,36.9,94,10,Seizure
90,36.5,95,9,Seizure
112,37.2,89,9,Seizure
117,37.2,92,9,Seizure
108,37,89,10,Seizure
102,37,91,9,Seizure
131,37.4,89,9,Seizure
96,37.2,93,10,Seizure
105,37.3,95,3,Post-Workout
94,37.2,95,2,Post-Workout
113,37.1,95,2,Post-Workout
105,37.5,100,1,Post-Workout
116,37.3,100,1,Post-Workout
114,37.3,96,3,Post-Workout
113,37.1,99,1,Post-Workout
105,37.3,99,2,Post-Workout
100,37.4,96,2,Post-Workout
105,37.2,98,1,Post-Workout
104,36.7,98,7,Walking
103,36.9,96,4,Walking
80,37.2,95,7,Walking
87,36.8,97,4,Walking
89,37.2,97,7,Walking
105,36.9,98,7,Walking
100,37.1,96,4,Walking
80,36.9,95,5,Walking
91,37.1,97,7,Walking
101,37,95,6,Walking
43,35.6,85,0,Fainting
38,36,91,0,Fainting
59,36,90,0,Fainting
38,35.6,89,1,Fainting
57,35.7,91,0,Fainting
52,35.6,94,0,Fainting
52,35.5,85,1,Fainting
58,35.9,89,0,Fainting
37,36.2,89,0,Fainting
40,35.7,92,0,Fainting
52,36.2,98,1,Sleeping
56,36.3,96,0,Sleeping
55,36.1,97,0,Sleeping
63,36.5,97,1,Sleeping
55,36.3,96,0,Sleeping
53,36.5,96,1,Sleeping
57,36.6,99,0,Sleeping
53,36,96,1,Sleeping
50,36.7,100,1,Sleeping
58,36,99,1,Sleeping
105,37.1,95,2,Post-Workout
102,37.1,95,2,Post-Workout
94,37.3,96,2,Post-Workout
101,37.1,98,1,Post-Workout
108,37.2,99,2,Post-Workout
112,37.4,99,3,Post-Workout
105,37.4,100,3,Post-Workout
104,37.4,97,1,Post-Workout
110,37,96,1,Post-Workout
93,37.4,99,1,Post-Workout
120,37.4,97,2,Post-Workout
109,37.1,99,3,Post-Workout
104,37.4,95,1,Post-Workout
96,37.2,95,1,Post-Workout
114,37.4,95,2,Post-Workout
103,37.2,97,3,Post-Workout
115,37.1,99,1,Post-Workout
109,37.4,96,2,Post-Workout
110,37.4,96,1,Post-Workout
95,37.3,97,1,Post-Workout
104,37.1,92,9,Seizure
121,37,90,9,Seizure
131,37.4,90,10,Seizure
119,36.5,88,9,Seizure
122,37.5,94,10,Seizure
102,37,88,9,Seizure
92,36.6,89,9,Seizure
92,37.2,90,9,Seizure
108,36.6,91,9,Seizure
135,36.8,94,10,Seizure
150,37.4,97,9,Running
134,37.9,94,8,Running
174,37.4,93,8,Running
170,37.3,97,9,Running
180,37.9,92,9,Running
123,37.8,98,9,Running
138,37.7,93,9,Running
136,37.6,95,10,Running
148,37.2,95,9,Running
151,37.1,95,9,Running
51,36.8,97,0,Meditation
68,36.8,98,1,Meditation
68,36.8,98,0,Meditation
52,36.8,100,1,Meditation
50,36.7,97,0,Meditation
51,36.8,100,0,Meditation
60,36.6,98,1,Meditation
54,36.9,100,0,Meditation
54,36.8,99,0,Meditation
63,36.8,95,0,Meditation
43,36.2,89,0,Fainting
52,36.2,93,1,Fainting
31,35.5,92,0,Fainting
43,36.1,93,1,Fainting
48,36,90,0,Fainting
41,35.7,89,0,Fainting
53,36,94,1,Fainting
32,36,86,1,Fainting
58,36.2,93,1,Fainting
34,35.9,85,0,Fainting
67,37,100,2,Awake/Idle
76,36.9,97,2,Awake/Idle
79,36.9,98,1,Awake/Idle
72,36.9,99,1,Awake/Idle
75,36.7,100,1,Awake/Idle
66,36.9,96,3,Awake/Idle
80,36.8,95,3,Awake/Idle
68,36.6,100,1,Awake/Idle
70,36.9,96,3,Awake/Idle
65,36.9,99,1,Awake/Idle
56,36.7,97,1,Meditation
70,36.7,100,1,Meditation
50,36.8,97,0,Meditation
53,36.8,99,0,Meditation
65,36.7,98,1,Meditation
55,36.7,96,1,Meditation
56,36.6,96,0,Meditation
51,36.7,96,0,Meditation
50,36.6,99,1,Meditation
62,36.9,95,0,Meditation
40,36.4,86,0,Unconscious
33,35.3,90,0,Unconscious
36,36.5,80,0,Unconscious
32,36.4,90,0,Unconscious
49,36.3,89,1,Unconscious
48,35.3,80,0,Unconscious
41,35.8,84,1,Unconscious
42,35.3,86,0,Unconscious
39,35.8,90,1,Unconscious
37,36.1,84,0,Unconscious
65,36.6,81,0,Hypoxia
91,36.6,80,0,Hypoxia
62,37,77,0,Hypoxia
90,36.9,84,2,Hypoxia
68,36.8,70,2,Hypoxia
85,36.6,85,1,Hypoxia
66,36.7,75,1,Hypoxia
89,36.2,79,0,Hypoxia
73,36.5,72,0,Hypoxia
81,37,86,2,Hypoxia
115,37.1,93,4,Stress/Panic
121,37,93,2,Stress/Panic
111,36.9,96,2,Stress/Panic
117,36.8,96,4,Stress/Panic
104,36.8,95,2,Stress/Panic
115,37.2,96,4,Stress/Panic
101,37.2,95,4,Stress/Panic
127,36.9,94,3,Stress/Panic
114,37.1,96,3,Stress/Panic
118,36.8,93,3,Stress/Panic
89,36.8,95,5,Walking
101,37,95,6,Walking
92,36.8,99,5,Walking
82,36.8,98,5,Walking
82,37.2,99,4,Walking
85,37,98,7,Walking
93,37.1,95,5,Walking
103,36.7,96,7,Walking
103,37,100,5,Walking
95,37.1,100,7,Walking
61,36.2,100,1,Sleeping
60,36,98,1,Sleeping
58,36.3,99,0,Sleeping
51,36.1,96,0,Sleeping
59,36.2,99,1,Sleeping
61,36.6,100,0,Sleeping
55,36.3,99,1,Sleeping
63,36.6,97,0,Sleeping
63,36.5,98,1,Sleeping
53,36.6,100,0,Sleeping
56,36.5,100,1,Sleeping
55,36.1,99,1,Sleeping
50,36.5,97,1,Sleeping
53,36.4,98,1,Sleeping
59,36.6,98,0,Sleeping
58,36.7,100,0,Sleeping
52,36.2,95,0,Sleeping
51,36,96,0,Sleeping
62,36,98,1,Sleeping
52,36.5,99,1,Sleeping
90,36.8,100,5,Walking
89,37,97,4,Walking
99,36.7,98,7,Walking
94,36.9,98,4,Walking
90,36.9,95,4,Walking
98,36.9,100,7,Walking
106,36.8,97,6,Walking
80,36.9,99,6,Walking
105,37.1,100,7,Walking
97,37,99,5,Walking
43,35.6,88,0,Fainting
43,36,85,1,Fainting
31,36,88,0,Fainting
56,35.5,94,0,Fainting
37,35.6,89,1,Fainting
49,36.1,93,1,Fainting
34,35.6,94,1,Fainting
31,36.2,87,0,Fainting
36,35.8,86,0,Fainting
36,36,90,0,Fainting
93,37.4,88,10,Seizure
125,36.9,93,10,Seizure
101,37.4,92,10,Seizure
115,36.8,92,9,Seizure
115,37.4,95,9,Seizure
107,36.5,90,9,Seizure
114,37.4,88,9,Seizure
129,36.9,93,10,Seizure
94,37.5,88,9,Seizure
140,36.6,89,9,Seizure
33,36.2,87,1,Fainting
36,36.3,94,0,Fainting
60,35.9,86,0,Fainting
46,36.1,93,1,Fainting
49,36.2,92,0,Fainting
40,35.8,85,1,Fainting
56,35.6,91,0,Fainting
58,36.1,95,0,Fainting
54,36.1,85,0,Fainting
48,35.7,86,1,Fainting
117,37.2,93,5,Stress/Panic
123,36.7,93,4,Stress/Panic
126,37.1,95,2,Stress/Panic
110,36.7,94,2,Stress/Panic
109,37.2,93,2,Stress/Panic
123,37,95,2,Stress/Panic
103,36.8,95,4,Stress/Panic
109,37.1,96,2,Stress/Panic
128,36.6,93,3,Stress/Panic
112,36.8,95,4,Stress/Panic
142,37.1,95,8,Running
136,37.7,92,10,Running
138,37.7,93,10,Running
141,37.3,97,10,Running
132,37.8,93,9,Running
121,37.2,94,8,Running
180,37.9,95,8,Running
173,37,96,8,Running
131,37.2,93,10,Running
138,37.5,93,10,Running
103,37.3,94,9,Seizure
112,37.4,92,10,Seizure
116,36.5,94,9,Seizure
110,37,91,10,Seizure
140,37,93,10,Seizure
118,36.5,88,9,Seizure
130,36.5,94,9,Seizure
104,36.9,91,10,Seizure
102,37.3,88,10,Seizure
131,37.4,89,10,Seizure
63,36.9,95,3,Awake/Idle
71,36.8,96,1,Awake/Idle
71,36.6,95,1,Awake/Idle
73,36.6,97,2,Awake/Idle
77,36.6,95,1,Awake/Idle
80,36.9,96,3,Awake/Idle
61,36.9,97,1,Awake/Idle
79,37,95,2,Awake/Idle
73,36.8,97,2,Awake/Idle
62,36.6,98,2,Awake/Idle
37,36,86,0,Unconscious
44,36.1,81,0,Unconscious
31,35.5,83,1,Unconscious
43,35.8,88,1,Unconscious
39,35.8,85,0,Unconscious
41,36.2,87,1,Unconscious
33,35.3,82,1,Unconscious
47,35.8,83,1,Unconscious
32,36.3,89,1,Unconscious
43,36.4,89,1,Unconscious
41,36.4,85,1,Unconscious
50,36,83,1,Unconscious
44,36.3,84,0,Unconscious
36,36.3,86,1,Unconscious
37,35.9,88,0,Unconscious
47,35.6,86,1,Unconscious
32,36.3,82,1,Unconscious
46,35.8,90,1,Unconscious
32,36,87,1,Unconscious
40,36.5,84,0,Unconscious
51,36.4,95,0,Sleeping
54,36.4,99,1,Sleeping
63,36.4,98,0,Sleeping
54,36.4,96,0,Sleeping
52,36.1,96,1,Sleeping
62,36.5,99,0,Sleeping
58,36.2,98,1,Sleeping
55,36.7,96,0,Sleeping
63,36.4,99,0,Sleeping
59,36.2,99,1,Sleeping
96,37,100,1,Post-Workout
96,37.4,95,1,Post-Workout
109,37.2,96,2,Post-Workout
98,37.4,100,2,Post-Workout
94,37.5,95,1,Post-Workout
92,37,100,2,Post-Workout
111,37,99,3,Post-Workout
92,37.2,95,3,Post-Workout
110,37.4,95,2,Post-Workout
105,37.4,95,2,Post-Workout
94,36.8,95,10,Seizure
124,37.5,91,10,Seizure
104,37.3,93,10,Seizure
94,37,92,10,Seizure
117,37,92,9,Seizure
93,36.7,88,10,Seizure
98,37,89,10,Seizure
127,36.9,92,9,Seizure
96,36.9,93,9,Seizure
120,37.4,95,10,Seizure
125,36.8,88,9,Seizure
106,36.9,89,10,Seizure
128,36.9,93,9,Seizure
99,36.9,92,9,Seizure
113,37.4,90,9,Seizure
120,37.4,93,9,Seizure
116,37,91,9,Seizure
128,36.7,93,9,Seizure
97,37,93,10,Seizure
126,36.9,89,10,Seizure
41,35.6,80,1,Unconscious
35,35.4,80,0,Unconscious
32,36.3,90,1,Unconscious
31,35.7,90,0,Unconscious
32,35.3,86,0,Unconscious
30,35.6,82,1,Unconscious
50,36.2,80,1,Unconscious
41,35.3,80,1,Unconscious
36,35.6,82,1,Unconscious
46,35.6,88,1,Unconscious
32,35.2,89,1,Unconscious
39,35.7,88,1,Unconscious
47,35.6,87,0,Unconscious
30,36.4,83,1,Unconscious
38,35.5,90,1,Unconscious
49,35.9,90,0,Unconscious
50,35.8,86,1,Unconscious
41,36.1,85,1,Unconscious
47,35.3,82,1,Unconscious
37,36,89,0,Unconscious
63,36.7,100,3,Awake/Idle
66,36.7,97,3,Awake/Idle
78,36.7,96,1,Awake/Idle
61,36.8,99,1,Awake/Idle
75,37,97,2,Awake/Idle
79,36.8,98,2,Awake/Idle
72,36.5,98,2,Awake/Idle
62,36.8,95,3,Awake/Idle
74,36.6,100,1,Awake/Idle
78,36.6,100,3,Awake/Idle
114,37,98,2,Post-Workout
99,37.4,100,3,Post-Workout
98,37.5,97,3,Post-Workout
102,37.2,97,2,Post-Workout
101,37.2,100,2,Post-Workout
106,37.4,95,2,Post-Workout
93,37.3,96,2,Post-Workout
108,37.2,95,2,Post-Workout
107,37.3,98,2,Post-Workout
113,37.2,98,1,Post-Workout
42,36,81,0,Unconscious
42,35.9,89,1,Unconscious
43,35.1,85,0,Unconscious
45,36.2,85,1,Unconscious
39,35.4,90,1,Unconscious
49,35.4,85,0,Unconscious
32,35.9,82,0,Unconscious
48,35.4,90,1,Unconscious
49,36,80,0,Unconscious
31,35.6,87,1,Unconscious
61,36.5,99,0,Sleeping
54,36.4,97,0,Sleeping
52,36.1,98,0,Sleeping
59,36.6,96,1,Sleeping
63,36.6,96,1,Sleeping
52,36.2,95,1,Sleeping
51,36.3,100,0,Sleeping
61,36.4,96,1,Sleeping
53,36.2,96,0,Sleeping
65,36.6,100,1,Sleeping
53,36,97,1,Sleeping
58,36,97,0,Sleeping
64,36.4,97,1,Sleeping
52,36.3,99,0,Sleeping
56,36.4,97,0,Sleeping
56,36.7,98,0,Sleeping
60,36.4,96,1,Sleeping
51,36.2,100,1,Sleeping
54,36.6,96,1,Sleeping
53,36.2,99,0,Sleeping
45,35,90,1,Unconscious
37,36,85,1,Unconscious
47,35.6,90,0,Unconscious
34,36,84,0,Unconscious
43,35.2,83,1,Unconscious
32,35.2,80,1,Unconscious
40,35.5,90,1,Unconscious
50,35.2,86,0,Unconscious
34,35.1,85,0,Unconscious
45,36,86,0,Unconscious
63,36.5,97,1,Sleeping
53,36.1,98,1,Sleeping
56,36.5,100,0,Sleeping
62,36.4,96,1,Sleeping
64,36.1,99,1,Sleeping
62,36.1,95,0,Sleeping
55,36.7,99,0,Sleeping
56,36.2,99,0,Sleeping
57,36,99,1,Sleeping
62,36.3,97,0,Sleeping
93,37.3,88,10,Seizure
108,37,89,10,Seizure
100,37.3,92,10,Seizure
91,36.5,92,9,Seizure
135,36.9,90,9,Seizure
106,37,93,9,Seizure
92,37.2,91,10,Seizure
114,37.4,92,10,Seizure
120,36.8,95,9,Seizure
93,37.3,93,9,Seizure
106,37.1,99,4,Walking
83,36.7,97,5,Walking
92,37.2,97,6,Walking
97,36.8,95,7,Walking
95,37.1,95,5,Walking
85,37,98,4,Walking
110,37.1,98,5,Walking
84,37.1,97,7,Walking
109,37.1,98,4,Walking
99,36.9,99,7,Walking
134,37.5,95,9,Running
122,37.2,93,9,Running
121,37.6,98,10,Running
160,37.5,96,8,Running
161,37.9,92,9,Running
149,37.9,96,10,Running
126,37.7,94,10,Running
129,37.7,95,9,Running
161,37.2,94,8,Running
167,37,97,8,Running
69,36.7,98,1,Awake/Idle
79,36.7,95,1,Awake/Idle
71,36.7,99,1,Awake/Idle
69,36.6,95,2,Awake/Idle
73,36.7,95,1,Awake/Idle
61,36.7,100,1,Awake/Idle
67,36.9,95,2,Awake/Idle
66,36.7,99,1,Awake/Idle
74,36.6,96,1,Awake/Idle
80,36.6,98,2,Awake/Idle
59,36.8,95,1,Meditation
54,36.6,95,1,Meditation
60,36.8,97,0,Meditation
59,36.5,95,0,Meditation
55,36.8,97,0,Meditation
64,36.8,99,1,Meditation
63,36.8,99,0,Meditation
63,36.5,96,1,Meditation
69,36.9,97,0,Meditation
63,36.9,100,1,Meditation
46,35.4,83,0,Unconscious
38,35.5,83,1,Unconscious
32,35.6,80,0,Unconscious
46,36.4,80,1,Unconscious
43,35.3,87,1,Unconscious
40,35,82,1,Unconscious
41,36.4,86,0,Unconscious
35,35.5,83,1,Unconscious
43,35.7,85,0,Unconscious
37,35.3,83,0,Unconscious
58,36.5,95,1,Meditation
50,36.7,98,1,Meditation
55,36.8,98,1,Meditation
54,36.6,100,1,Meditation
50,36.5,98,1,Meditation
57,36.8,99,1,Meditation
70,36.9,97,0,Meditation
58,36.8,96,1,Meditation
57,36.8,97,0,Meditation
70,36.6,99,1,Meditation
33,35.6,91,0,Fainting
60,35.8,95,0,Fainting
37,36.3,93,1,Fainting
44,35.7,93,1,Fainting
53,35.6,87,0,Fainting
48,35.8,94,0,Fainting
38,35.7,87,1,Fainting
49,36.3,89,0,Fainting
45,36.4,95,1,Fainting
55,36.2,93,0,Fainting
79,37,98,1,Awake/Idle
67,36.6,95,2,Awake/Idle
66,36.6,97,1,Awake/Idle
60,36.8,99,2,Awake/Idle
69,36.7,98,1,Awake/Idle
70,36.7,99,3,Awake/Idle
73,36.7,96,3,Awake/Idle
64,36.7,96,3,Awake/Idle
64,36.6,98,1,Awake/Idle
70,36.8,96,3,Awake/Idle
34,36,88,0,Unconscious
43,36.2,82,0,Unconscious
44,35.7,83,1,Unconscious
43,36.3,85,1,Unconscious
46,35.3,80,0,Unconscious
40,35.1,81,0,Unconscious
30,36.2,90,0,Unconscious
32,35.8,80,0,Unconscious
49,35,85,1,Unconscious
36,36,81,0,Unconscious
39,35.8,81,1,Unconscious
34,35.5,83,0,Unconscious
43,36.3,89,1,Unconscious
34,36,88,1,Unconscious
33,35,81,0,Unconscious
36,35.9,84,1,Unconscious
32,36.1,83,0,Unconscious
50,36.2,81,0,Unconscious
43,35.8,88,1,Unconscious
37,35.5,89,0,Unconscious
63,36.7,98,0,Sleeping
58,36.2,96,1,Sleeping
63,36.1,95,1,Sleeping
64,36.7,99,0,Sleeping
56,36.7,98,0,Sleeping
57,36.2,99,1,Sleeping
55,36.7,99,1,Sleeping
59,36.3,99,0,Sleeping
62,36.1,100,1,Sleeping
56,36.1,99,1,Sleeping
100,37.1,99,3,Post-Workout
98,37.4,97,3,Post-Workout
96,37.3,99,3,Post-Workout
99,37.4,95,3,Post-Workout
107,37.1,95,3,Post-Workout
100,37.1,100,1,Post-Workout
91,37.2,95,1,Post-Workout
106,37.1,95,1,Post-Workout
117,37.5,98,1,Post-Workout
106,37.3,97,3,Post-Workout
74,36.7,97,3,Awake/Idle
75,36.8,95,2,Awake/Idle
72,36.5,98,1,Awake/Idle
68,36.5,97,3,Awake/Idle
71,36.9,98,3,Awake/Idle
80,37,95,3,Awake/Idle
75,36.6,96,1,Awake/Idle
75,37,96,1,Awake/Idle
64,36.6,99,1,Awake/Idle
65,36.6,97,3,Awake/Idle
38,36.4,88,1,Fainting
34,36,90,1,Fainting
43,35.8,85,0,Fainting
35,36.2,89,0,Fainting
60,36.3,86,1,Fainting
41,36.1,89,1,Fainting
57,35.9,90,1,Fainting
55,35.7,91,0,Fainting
33,36.4,87,1,Fainting
48,36.5,92,0,Fainting
162,37.3,95,8,Running
158,37,97,10,Running
139,37.8,95,10,Running
153,37.5,96,10,Running
168,37,96,9,Running
128,37.3,95,10,Running
150,37.7,93,10,Running
124,37.1,93,8,Running
150,37.7,94,8,Running
169,37.2,96,9,Running
108,37.3,92,9,Seizure
137,36.8,89,9,Seizure
120,37.2,94,10,Seizure
138,37.3,95,10,Seizure
125,37.2,94,10,Seizure
131,37.1,90,10,Seizure
109,36.8,94,9,Seizure
121,37.2,88,9,Seizure
106,37,88,9,Seizure
93,37.1,91,10,Seizure
109,37,99,5,Walking
92,36.8,97,5,Walking
85,36.9,100,5,Walking
84,36.8,100,5,Walking
98,37.1,100,5,Walking
96,36.7,99,6,Walking
100,36.9,98,5,Walking
110,37.2,99,7,Walking
103,37.2,100,5,Walking
94,36.8,95,5,Walking
66,36.4,83,1,Hypoxia
99,36.9,90,2,Hypoxia
91,36.1,83,2,Hypoxia
70,36.6,76,1,Hypoxia
76,36.2,71,2,Hypoxia
85,36.6,88,1,Hypoxia
77,36.8,73,2,Hypoxia
61,36.9,72,2,Hypoxia
73,36.7,70,1,Hypoxia
95,36.8,78,0,Hypoxia
40,35.4,82,0,Unconscious
32,35.9,82,1,Unconscious
33,35.7,85,0,Unconscious
39,35.2,80,0,Unconscious
47,35.6,84,1,Unconscious
40,35.7,80,1,Unconscious
44,36.2,83,1,Unconscious
30,35.8,80,0,Unconscious
48,35.3,81,0,Unconscious
40,35.4,83,1,Unconscious
51,36.9,99,0,Meditation
67,36.5,100,1,Meditation
69,36.6,97,0,Meditation
63,36.9,96,0,Meditation
65,36.9,97,1,Meditation
59,36.7,95,1,Meditation
65,36.8,96,1,Meditation
50,36.8,95,1,Meditation
63,36.7,100,0,Meditation
63,36.5,100,1,Meditation
92,36.6,88,0,Hypoxia
68,36.3,84,0,Hypoxia
63,36.4,76,1,Hypoxia
84,36.4,80,0,Hypoxia
94,36.6,86,0,Hypoxia
81,36.3,84,2,Hypoxia
89,36.8,86,0,Hypoxia
100,36.2,78,1,Hypoxia
66,36,73,1,Hypoxia
86,36.4,73,1,Hypoxia
81,36.7,88,0,Hypoxia
66,36.7,75,2,Hypoxia
76,36.2,84,0,Hypoxia
71,36.2,79,1,Hypoxia
81,36.6,71,1,Hypoxia
70,36.6,88,2,Hypoxia
84,36.5,73,1,Hypoxia
99,36.6,82,1,Hypoxia
82,36.9,73,0,Hypoxia
73,36.6,76,0,Hypoxia
176,37.2,94,9,Running
125,37.8,96,9,Running
139,37.7,95,10,Running
149,37.8,96,8,Running
150,37.4,94,9,Running
169,37.4,97,9,Running
159,37,96,10,Running
134,37.9,94,10,Running
127,38,96,10,Running
124,37.4,93,8,Running
52,36.5,96,1,Sleeping
56,36.3,96,0,Sleeping
64,36,96,0,Sleeping
65,36.3,98,1,Sleeping
50,36.1,99,1,Sleeping
51,36.3,95,0,Sleeping
54,36.6,96,0,Sleeping
60,36.5,95,1,Sleeping
56,36.5,95,0,Sleeping
56,36.1,96,0,Sleeping
45,35.4,86,0,Unconscious
30,36.2,90,0,Unconscious
46,36.2,86,0,Unconscious
30,35.2,85,1,Unconscious
33,36.1,86,1,Unconscious
43,35.9,88,1,Unconscious
49,36,90,1,Unconscious
31,36.4,81,0,Unconscious
39,35.2,82,0,Unconscious
36,36.4,82,1,Unconscious
61,37,95,1,Awake/Idle
62,36.9,95,3,Awake/Idle
79,36.8,97,3,Awake/Idle
71,36.6,100,3,Awake/Idle
70,36.6,96,1,Awake/Idle
80,36.9,99,3,Awake/Idle
60,36.5,95,1,Awake/Idle
72,36.9,100,3,Awake/Idle
73,37,97,3,Awake/Idle
80,36.6,97,3,Awake/Idle
99,37.1,98,6,Walking
80,37.1,98,4,Walking
86,37.1,97,6,Walking
92,36.8,97,6,Walking
101,37,98,4,Walking
107,37,97,6,Walking
90,36.9,98,4,Walking
90,36.7,100,4,Walking
80,37.2,95,7,Walking
94,36.9,96,4,Walking
74,36.6,100,2,Awake/Idle
67,36.8,100,3,Awake/Idle
71,36.6,98,2,Awake/Idle
70,36.9,95,1,Awake/Idle
71,36.8,100,2,Awake/Idle
65,36.8,97,2,Awake/Idle
67,36.7,100,2,Awake/Idle
66,36.7,97,1,Awake/Idle
77,37,99,1,Awake/Idle
60,36.7,99,1,Awake/Idle
48,35.9,89,1,Unconscious
32,36.5,83,0,Unconscious
44,35.6,82,1,Unconscious
33,36,80,0,Unconscious
40,35.7,83,0,Unconscious
39,36.1,86,1,Unconscious
37,36.2,81,0,Unconscious
32,36,90,1,Unconscious
36,35.5,82,1,Unconscious
46,36.3,85,1,Unconscious
43,36.2,89,1,Unconscious
47,36,85,1,Unconscious
30,36.3,87,1,Unconscious
49,35.8,90,0,Unconscious
33,35.6,83,1,Unconscious
41,35.5,88,1,Unconscious
31,36.1,84,1,Unconscious
40,35.3,85,0,Unconscious
35,35.8,86,0,Unconscious
32,35.9,85,1,Unconscious
58,36.4,99,1,Sleeping
64,36.1,99,0,Sleeping
56,36.3,97,0,Sleeping
65,36.7,97,1,Sleeping
56,36.1,99,0,Sleeping
63,36.4,96,0,Sleeping
56,36.3,99,0,Sleeping
64,36.1,99,0,Sleeping
65,36.5,100,0,Sleeping
60,36.5,99,1,Sleeping
122,37,95,5,Stress/Panic
130,36.6,96,2,Stress/Panic
123,37,96,3,Stress/Panic
119,36.6,96,5,Stress/Panic
122,37,93,5,Stress/Panic
109,36.9,94,5,Stress/Panic
125,36.6,95,3,Stress/Panic
114,36.7,94,5,Stress/Panic
129,36.6,95,2,Stress/Panic
128,36.5,93,4,Stress/Panic
99,37.2,100,7,Walking
103,36.7,96,6,Walking
82,36.9,98,7,Walking
86,37,100,5,Walking
106,37,98,5,Walking
87,36.9,97,4,Walking
85,37,96,5,Walking
89,37,100,5,Walking
82,36.8,98,4,Walking
110,36.8,97,6,Walking
62,36.6,98,0,Meditation
52,36.9,99,1,Meditation
51,36.8,96,0,Meditation
55,36.8,99,0,Meditation
64,36.6,96,1,Meditation
61,36.5,100,1,Meditation
62,36.6,99,0,Meditation
63,36.7,99,0,Meditation
56,36.8,100,0,Meditation
60,36.5,99,1,Meditation
100,36.9,100,7,Walking
93,37,97,4,Walking
94,36.8,98,6,Walking
81,36.8,96,7,Walking
90,36.7,98,4,Walking
83,36.9,99,6,Walking
89,37,98,7,Walking
110,36.7,100,4,Walking
108,36.8,97,4,Walking
93,37,97,7,Walking
50,35.9,93,1,Fainting
60,35.5,93,1,Fainting
59,35.9,95,0,Fainting
51,36,85,0,Fainting
45,36.3,95,1,Fainting
59,35.8,92,0,Fainting
32,36.4,93,0,Fainting
46,35.5,86,1,Fainting
40,36.3,92,0,Fainting
52,35.7,88,0,Fainting
56,36.8,95,0,Meditation
53,36.7,98,1,Meditation
54,36.9,98,0,Meditation
50,36.8,96,0,Meditation
54,36.6,98,1,Meditation
70,36.7,97,1,Meditation
68,36.7,98,1,Meditation
55,36.9,100,1,Meditation
60,36.5,98,1,Meditation
65,36.6,96,0,Meditation
72,36.7,96,3,Awake/Idle
74,36.7,99,1,Awake/Idle
62,36.8,97,2,Awake/Idle
70,36.9,98,3,Awake/Idle
69,36.7,97,1,Awake/Idle
62,36.7,95,2,Awake/Idle
67,36.7,96,1,Awake/Idle
79,36.6,98,3,Awake/Idle
69,36.6,97,1,Awake/Idle
71,36.6,97,2,Awake/Idle
112,37,96,2,Stress/Panic
101,37,94,4,Stress/Panic
111,36.9,93,2,Stress/Panic
125,36.5,96,5,Stress/Panic
122,36.8,94,4,Stress/Panic
124,36.9,94,5,Stress/Panic
119,36.6,93,3,Stress/Panic
121,36.8,94,5,Stress/Panic
125,37.1,96,2,Stress/Panic
100,36.7,94,2,Stress/Panic
73,36.6,96,3,Awake/Idle
61,36.9,96,1,Awake/Idle
62,37,100,1,Awake/Idle
64,36.9,96,1,Awake/Idle
64,36.8,100,1,Awake/Idle
74,36.7,100,1,Awake/Idle
74,36.8,95,1,Awake/Idle
62,36.7,96,1,Awake/Idle
60,36.8,95,1,Awake/Idle
76,36.5,96,1,Awake/Idle
171,37.5,98,8,Running
167,37.6,95,8,Running
144,37.9,95,9,Running
157,37.1,94,9,Running
154,37.7,95,9,Running
178,37.4,96,8,Running
138,37.3,94,10,Running
133,37.5,96,10,Running
138,37.5,95,10,Running
124,37,93,9,Running
37,35.6,87,0,Fainting
46,36.4,93,1,Fainting
39,36.3,89,1,Fainting
51,35.9,85,1,Fainting
30,36.3,95,0,Fainting
42,35.7,93,0,Fainting
38,36.1,89,0,Fainting
35,35.6,92,0,Fainting
48,35.8,87,1,Fainting
52,36,93,1,Fainting
71,36.8,100,1,Awake/Idle
61,36.9,96,3,Awake/Idle
75,36.8,96,3,Awake/Idle
71,36.9,96,3,Awake/Idle
69,36.9,98,3,Awake/Idle
65,36.6,100,1,Awake/Idle
60,36.5,98,2,Awake/Idle
71,36.6,100,2,Awake/Idle
65,36.9,99,2,Awake/Idle
60,36.6,98,2,Awake/Idle
110,37.1,98,4,Walking
83,37.2,96,4,Walking
95,37.1,99,7,Walking
99,37,99,6,Walking
105,37.1,98,7,Walking
86,36.8,96,5,Walking
99,37,97,5,Walking
90,37.2,96,7,Walking
105,37.1,96,5,Walking
83,36.9,96,7,Walking
90,36.9,92,10,Seizure
99,36.6,94,9,Seizure
91,36.9,88,9,Seizure
111,37.4,89,9,Seizure
138,37.1,91,10,Seizure
137,36.8,90,10,Seizure
138,37.3,88,10,Seizure
109,37.3,94,10,Seizure
92,37.2,91,9,Seizure
120,37.1,90,9,Seizure
79,36.6,77,1,Hypoxia
74,36.9,79,1,Hypoxia
81,36.8,77,1,Hypoxia
88,36.1,89,1,Hypoxia
98,36.1,72,1,Hypoxia
79,36.4,80,2,Hypoxia
96,36.5,82,0,Hypoxia
86,36.3,72,2,Hypoxia
77,36.8,89,2,Hypoxia
83,36.3,91,1,Hypoxia
75,36.7,90,0,Hypoxia
91,36.1,80,1,Hypoxia
82,36.8,77,0,Hypoxia
62,36.9,78,1,Hypoxia
76,36.6,78,0,Hypoxia
84,36.2,79,0,Hypoxia
82,36.8,83,2,Hypoxia
91,36.7,87,2,Hypoxia
95,36.9,70,1,Hypoxia
89,36.6,90,2,Hypoxia
64,36.6,95,0,Sleeping
58,36.6,99,1,Sleeping
61,36.3,95,1,Sleeping
63,36.7,98,1,Sleeping
65,36.1,97,0,Sleeping
63,36.7,99,0,Sleeping
51,36.3,95,1,Sleeping
54,36.1,98,1,Sleeping
60,36.4,96,1,Sleeping
56,36.6,98,1,Sleeping
103,37.2,95,5,Stress/Panic
123,37.1,95,4,Stress/Panic
111,37.1,95,5,Stress/Panic
108,36.7,93,4,Stress/Panic
123,36.8,95,2,Stress/Panic
110,37.1,93,3,Stress/Panic
110,37,94,2,Stress/Panic
106,37.1,93,4,Stress/Panic
107,36.8,93,2,Stress/Panic
105,36.6,95,3,Stress/Panic
121,36.8,93,3,Stress/Panic
105,36.8,94,4,Stress/Panic
106,37,96,3,Stress/Panic
128,37,93,5,Stress/Panic
110,37,93,3,Stress/Panic
126,36.7,93,4,Stress/Panic
107,36.6,96,5,Stress/Panic
116,37.1,93,5,Stress/Panic
109,37,93,5,Stress/Panic
120,36.9,94,5,Stress/Panic
89,37,76,2,Hypoxia
68,36.5,80,2,Hypoxia
69,36.9,83,1,Hypoxia
99,36.3,83,1,Hypoxia
96,36.5,89,2,Hypoxia
63,36.8,75,2,Hypoxia
65,36.8,87,0,Hypoxia
86,36.4,86,0,Hypoxia
71,36.3,73,0,Hypoxia
79,36,76,1,Hypoxia
110,37.2,99,5,Walking
85,36.8,98,4,Walking
91,36.7,97,4,Walking
83,37.1,95,4,Walking
110,37.2,97,7,Walking
104,36.8,95,5,Walking
85,36.8,99,4,Walking
96,36.9,96,4,Walking
84,36.9,100,6,Walking
110,37,97,6,Walking
126,36.5,95,10,Seizure
116,37.4,91,10,Seizure
133,37.1,95,9,Seizure
111,37.4,91,9,Seizure
136,36.8,89,9,Seizure
117,37.3,92,9,Seizure
117,36.6,93,9,Seizure
121,37.3,89,9,Seizure
97,36.5,88,10,Seizure
137,37.3,88,9,Seizure
51,36.5,98,1,Meditation
63,36.9,95,1,Meditation
57,36.9,95,0,Meditation
61,36.9,95,0,Meditation
61,36.8,96,1,Meditation
51,36.5,98,0,Meditation
60,36.7,97,0,Meditation
69,36.8,98,1,Meditation
53,36.7,99,0,Meditation
66,36.9,98,1,Meditation
42,35.8,83,0,Unconscious
43,36.4,90,1,Unconscious
34,35.2,82,1,Unconscious
42,35.8,81,1,Unconscious
40,35.9,84,0,Unconscious
48,35.6,84,1,Unconscious
49,35.8,82,1,Unconscious
48,35,85,1,Unconscious
35,35.3,84,0,Unconscious
48,35,85,1,Unconscious
40,35.9,94,0,Fainting
56,35.7,93,1,Fainting
60,35.6,93,0,Fainting
50,36.2,94,1,Fainting
32,35.9,87,0,Fainting
47,36.3,85,1,Fainting
54,35.6,88,0,Fainting
56,35.5,87,0,Fainting
52,36,88,1,Fainting
48,36.4,93,1,Fainting
97,37.4,90,10,Seizure
109,37.3,89,10,Seizure
118,37.1,89,9,Seizure
114,36.6,90,9,Seizure
139,37.3,90,10,Seizure
92,37.2,94,9,Seizure
123,36.5,91,9,Seizure
99,37,88,9,Seizure
129,37,92,10,Seizure
136,37.1,93,10,Seizure
35,35.5,82,1,Unconscious
31,35.5,89,1,Unconscious
43,35.5,87,1,Unconscious
36,35.5,89,0,Unconscious
43,35.6,89,0,Unconscious
49,35.9,86,0,Unconscious
47,35.5,87,1,Unconscious
47,35.9,90,1,Unconscious
32,35.1,80,1,Unconscious
47,35.1,89,1,Unconscious
93,36.9,91,10,Seizure
130,36.9,95,10,Seizure
123,36.7,90,10,Seizure
131,36.6,89,10,Seizure
137,37.5,88,9,Seizure
100,37.1,89,10,Seizure
124,36.9,90,9,Seizure
115,37.1,89,9,Seizure
132,37,90,10,Seizure
107,37.4,94,10,Seizure
110,36.9,99,7,Walking
103,37,99,7,Walking
96,37,100,7,Walking
90,36.7,99,7,Walking
101,37.1,96,7,Walking
99,37.2,100,5,Walking
97,36.9,95,7,Walking
106,36.8,99,5,Walking
99,37.1,95,5,Walking
108,37,99,4,Walking
172,37.9,95,10,Running
145,37.2,98,9,Running
163,37.6,95,9,Running
173,38,98,9,Running
148,37.1,96,8,Running
130,37.4,98,10,Running
121,37.5,94,8,Running
168,37.7,94,10,Running
158,38,97,8,Running
145,37.1,94,8,Running
41,36.4,84,1,Unconscious
34,36.2,90,0,Unconscious
30,35.4,84,1,Unconscious
39,35.3,84,0,Unconscious
44,36.2,81,0,Unconscious
49,35.2,90,0,Unconscious
50,35.6,82,1,Unconscious
50,35.5,86,1,Unconscious
36,36,80,1,Unconscious
48,35.2,85,0,Unconscious
42,35.6,84,0,Unconscious
42,35.5,80,1,Unconscious
35,35.7,90,1,Unconscious
41,35.1,80,1,Unconscious
44,36,84,0,Unconscious
30,36,88,0,Unconscious
44,35.5,85,0,Unconscious
45,35.2,89,1,Unconscious
45,35.7,87,0,Unconscious
48,36.3,86,1,Unconscious
76,36.7,100,2,Awake/Idle
75,36.9,96,3,Awake/Idle
63,36.7,99,1,Awake/Idle
75,36.8,98,1,Awake/Idle
73,36.8,97,1,Awake/Idle
65,36.9,95,3,Awake/Idle
67,36.9,100,2,Awake/Idle
70,36.6,100,3,Awake/Idle
73,37,98,1,Awake/Idle
67,36.6,96,2,Awake/Idle
85,36.8,97,7,Walking
103,37,97,4,Walking
110,36.9,95,7,Walking
92,37,98,4,Walking
110,36.9,100,4,Walking
82,37.1,98,5,Walking
91,37.2,98,5,Walking
91,36.8,98,7,Walking
103,36.9,100,7,Walking
103,36.9,99,5,Walking
63,36.4,97,0,Sleeping
65,36.4,97,1,Sleeping
55,36.6,98,1,Sleeping
61,36.1,99,0,Sleeping
56,36.3,97,0,Sleeping
52,36.2,95,1,Sleeping
56,36.1,97,1,Sleeping
54,36.4,95,1,Sleeping
63,36.4,100,1,Sleeping
52,36.4,99,0,Sleeping
57,36.7,98,0,Sleeping
50,36.2,97,1,Sleeping
51,36.1,98,1,Sleeping
62,36.6,97,0,Sleeping
56,36.6,96,0,Sleeping
57,36.3,100,0,Sleeping
64,36.5,98,1,Sleeping
64,36.7,96,0,Sleeping
57,36.5,98,0,Sleeping
52,36.5,100,1,Sleeping
72,36.8,95,3,Awake/Idle
65,36.7,100,1,Awake/Idle
75,37,99,3,Awake/Idle
78,36.8,97,3,Awake/Idle
68,36.7,99,1,Awake/Idle
60,36.8,96,1,Awake/Idle
71,36.9,99,3,Awake/Idle
75,37,96,2,Awake/Idle
73,36.6,99,1,Awake/Idle
66,36.7,100,3,Awake/Idle
50,36.7,96,1,Meditation
59,36.6,97,1,Meditation
59,36.5,96,1,Meditation
65,36.6,98,0,Meditation
64,36.7,97,0,Meditation
50,36.6,98,0,Meditation
58,36.9,100,1,Meditation
50,36.8,97,0,Meditation
56,36.9,97,1,Meditation
57,36.6,98,1,Meditation
55,35.5,88,1,Fainting
51,35.5,89,0,Fainting
46,35.7,87,1,Fainting
48,35.8,94,1,Fainting
54,35.6,89,0,Fainting
53,36.3,93,1,Fainting
59,35.8,93,1,Fainting
35,36,88,0,Fainting
57,35.7,95,0,Fainting
35,35.9,93,1,Fainting
86,36.9,95,7,Walking
106,36.9,95,6,Walking
88,36.7,100,5,Walking
99,36.8,97,7,Walking
85,37,96,4,Walking
97,36.9,98,7,Walking
81,37.2,96,5,Walking
87,37.1,95,5,Walking
94,37,98,5,Walking
110,37,100,4,Walking
109,37,99,6,Walking
103,37.1,96,5,Walking
97,37.1,98,4,Walking
96,36.8,99,7,Walking
94,37,99,6,Walking
102,36.8,95,7,Walking
105,37.1,95,7,Walking
92,36.9,99,5,Walking
84,36.8,98,5,Walking
82,36.8,98,7,Walking
106,37.2,95,3,Stress/Panic
118,37.1,95,2,Stress/Panic
129,36.9,93,3,Stress/Panic
112,37.1,95,2,Stress/Panic
115,36.6,96,5,Stress/Panic
114,37,95,3,Stress/Panic
103,36.6,93,4,Stress/Panic
102,37,94,4,Stress/Panic
114,36.6,94,4,Stress/Panic
115,36.9,94,5,Stress/Panic
67,36.6,96,1,Meditation
55,36.6,98,1,Meditation
51,36.5,99,0,Meditation
68,36.8,96,0,Meditation
68,36.6,99,1,Meditation
51,36.5,98,0,Meditation
68,36.9,99,0,Meditation
60,36.8,100,0,Meditation
68,36.6,96,1,Meditation
64,36.8,97,0,Meditation
97,36.1,71,1,Hypoxia
83,37,73,0,Hypoxia
87,36.6,70,1,Hypoxia
66,36.6,85,2,Hypoxia
84,36.5,85,2,Hypoxia
73,36.4,75,1,Hypoxia
93,36.3,83,2,Hypoxia
61,36.6,79,2,Hypoxia
82,36.5,71,2,Hypoxia
99,36.2,78,2,Hypoxia
121,36.7,91,10,Seizure
130,36.6,88,10,Seizure
98,36.6,90,10,Seizure
123,37.5,89,9,Seizure
113,36.7,88,9,Seizure
128,37.1,90,9,Seizure
137,37.2,92,9,Seizure
101,36.5,91,10,Seizure
109,37.2,92,10,Seizure
118,36.5,88,9,Seizure
119,37.5,89,9,Seizure
118,36.6,89,9,Seizure
97,36.8,90,10,Seizure
128,36.6,94,9,Seizure
122,37.5,90,9,Seizure
91,37.4,91,9,Seizure
107,37.3,89,10,Seizure
138,37.1,88,9,Seizure
139,36.7,94,10,Seizure
114,37.4,92,9,Seizure
127,37.5,88,10,Seizure
135,36.9,88,9,Seizure
123,37.3,94,9,Seizure
103,37.1,89,9,Seizure
113,36.9,89,9,Seizure
136,37.2,88,10,Seizure
123,36.6,90,9,Seizure
113,37.3,88,9,Seizure
125,37,92,9,Seizure
100,36.6,94,9,Seizure
70,36.9,95,0,Meditation
52,36.8,99,0,Meditation
64,36.7,95,1,Meditation
68,36.9,97,1,Meditation
66,36.9,95,1,Meditation
64,36.5,96,0,Meditation
59,36.6,98,1,Meditation
57,36.8,99,1,Meditation
64,36.5,96,1,Meditation
59,36.6,100,0,Meditation
68,36,73,1,Hypoxia
96,36.1,75,2,Hypoxia
76,36.4,77,1,Hypoxia
84,36.5,75,1,Hypoxia
98,36.7,81,2,Hypoxia
69,36.3,86,2,Hypoxia
77,36.6,71,2,Hypoxia
79,36.4,75,1,Hypoxia
69,37,74,0,Hypoxia
81,36.9,88,0,Hypoxia
60,36.5,97,3,Awake/Idle
73,36.7,96,1,Awake/Idle
74,36.9,97,2,Awake/Idle
65,36.7,99,1,Awake/Idle
72,36.7,100,3,Awake/Idle
71,36.7,95,3,Awake/Idle
69,36.6,99,2,Awake/Idle
74,36.7,98,1,Awake/Idle
71,36.5,98,3,Awake/Idle
63,37,99,3,Awake/Idle
45,35.8,90,1,Fainting
36,35.7,87,1,Fainting
45,36.5,88,1,Fainting
37,35.5,85,0,Fainting
56,35.7,89,1,Fainting
56,35.6,85,0,Fainting
40,35.6,86,1,Fainting
55,36.4,86,0,Fainting
59,35.7,89,0,Fainting
55,35.7,95,0,Fainting
71,36.9,97,1,Awake/Idle
78,36.8,97,3,Awake/Idle
80,36.6,96,2,Awake/Idle
65,36.5,100,2,Awake/Idle
74,36.9,96,3,Awake/Idle
66,36.8,98,1,Awake/Idle
79,36.5,95,2,Awake/Idle
67,36.7,97,2,Awake/Idle
69,36.7,96,3,Awake/Idle
60,36.8,100,1,Awake/Idle
110,37.1,93,4,Stress/Panic
127,37.2,95,3,Stress/Panic
122,37.1,93,5,Stress/Panic
115,36.9,95,5,Stress/Panic
108,36.8,95,3,Stress/Panic
127,37.2,94,5,Stress/Panic
127,36.7,96,5,Stress/Panic
112,37,94,5,Stress/Panic
103,37.2,93,4,Stress/Panic
122,36.7,95,4,Stress/Panic
158,37,95,9,Running
124,37.5,95,10,Running
132,37.3,97,9,Running
141,37.1,95,8,Running
142,37.3,92,8,Running
127,37.5,93,9,Running
136,37.3,98,9,Running
143,37.6,97,8,Running
150,37.9,98,8,Running
152,37.6,92,9,Running
98,36.9,100,6,Walking
107,37,99,5,Walking
107,37,99,5,Walking
100,37.1,98,4,Walking
102,37.2,95,6,Walking
109,36.9,100,6,Walking
89,36.8,95,5,Walking
93,37,96,4,Walking
92,36.8,97,5,Walking
87,37.2,98,4,Walking
57,36.4,90,1,Fainting
50,36.1,89,0,Fainting
58,36.4,94,1,Fainting
37,35.6,86,1,Fainting
33,35.6,93,1,Fainting
38,36.1,89,0,Fainting
43,35.8,87,0,Fainting
50,35.9,86,0,Fainting
60,36.1,87,1,Fainting
44,35.6,95,1,Fainting
55,36.4,98,1,Sleeping
59,36.1,99,1,Sleeping
50,36.2,96,1,Sleeping
61,36.2,100,0,Sleeping
52,36.5,95,1,Sleeping
59,36.3,95,1,Sleeping
61,36.2,95,1,Sleeping
54,36.4,100,1,Sleeping
59,36.4,96,1,Sleeping
63,36.7,98,0,Sleeping
118,36.9,96,2,Stress/Panic
125,36.7,96,5,Stress/Panic
124,37.2,96,3,Stress/Panic
121,36.7,96,3,Stress/Panic
119,36.7,96,4,Stress/Panic
110,36.6,93,4,Stress/Panic
105,37.1,95,4,Stress/Panic
120,36.8,95,2,Stress/Panic
126,37.1,95,2,Stress/Panic
129,37,93,5,Stress/Panic
108,37.3,100,3,Post-Workout
119,37.1,98,3,Post-Workout
92,37.4,97,3,Post-Workout
114,37.1,96,3,Post-Workout
90,37.1,99,2,Post-Workout
98,37.4,100,2,Post-Workout
110,37.4,100,2,Post-Workout
105,37.5,100,1,Post-Workout
120,37,97,1,Post-Workout
113,37.5,100,2,Post-Workout
48,35.4,81,1,Unconscious
48,35.9,84,1,Unconscious
41,36.4,86,1,Unconscious
49,35.2,80,0,Unconscious
48,35.3,81,1,Unconscious
34,35.3,90,1,Unconscious
39,36.3,85,1,Unconscious
42,36,80,0,Unconscious
42,36.2,82,1,Unconscious
36,35.9,88,1,Unconscious
61,36.6,96,1,Sleeping
59,36.6,95,0,Sleeping
51,36.7,98,0,Sleeping
50,36.4,98,1,Sleeping
61,36.6,95,1,Sleeping
50,36.1,96,0,Sleeping
51,36.5,100,0,Sleeping
50,36.7,100,0,Sleeping
58,36.1,95,1,Sleeping
61,36.2,96,0,Sleeping
53,36,100,0,Sleeping
63,36.2,100,0,Sleeping
61,36.5,96,0,Sleeping
51,36,99,0,Sleeping
57,36.5,95,0,Sleeping
51,36.7,95,1,Sleeping
57,36.4,98,0,Sleeping
62,36,99,0,Sleeping
51,36.4,99,0,Sleeping
63,36.6,100,1,Sleeping
122,37.7,96,8,Running
164,38,94,8,Running
158,37.7,94,9,Running
138,37.6,96,8,Running
131,37.7,96,10,Running
141,37.5,93,10,Running
171,37.5,98,9,Running
124,38,92,10,Running
131,37.9,95,10,Running
156,37.8,97,9,Running
98,36.2,89,1,Hypoxia
61,36.5,86,0,Hypoxia
65,36.9,75,1,Hypoxia
82,36.9,79,0,Hypoxia
71,36.5,87,2,Hypoxia
77,36.7,84,0,Hypoxia
94,36.5,87,1,Hypoxia
66,36.8,90,1,Hypoxia
67,36.9,77,1,Hypoxia
76,36.6,77,1,Hypoxia
65,36.8,100,0,Meditation
54,36.8,96,0,Meditation
64,36.6,98,0,Meditation
50,36.8,98,0,Meditation
70,36.7,100,1,Meditation
60,36.7,96,1,Meditation
54,36.6,99,1,Meditation
59,36.5,95,0,Meditation
69,36.6,96,1,Meditation
63,36.7,97,1,Meditation
137,37.2,92,8,Running
162,37.6,98,9,Running
134,37.3,93,10,Running
167,37.6,97,10,Running
142,37.1,95,9,Running
150,37.1,98,10,Running
127,37.6,96,9,Running
177,37.7,92,10,Running
180,37.3,92,10,Running
141,37,95,10,Running
49,36.1,90,0,Fainting
35,36.1,85,1,Fainting
38,35.6,85,0,Fainting
48,36,85,1,Fainting
46,36.2,89,0,Fainting
41,36.4,89,0,Fainting
45,35.5,92,0,Fainting
58,35.5,86,0,Fainting
39,35.8,92,1,Fainting
50,35.8,89,1,Fainting
120,37.3,95,2,Post-Workout
106,37.4,99,3,Post-Workout
107,37,100,1,Post-Workout
102,37.3,95,3,Post-Workout
110,37.4,99,1,Post-Workout
94,37.1,99,1,Post-Workout
93,37.1,99,1,Post-Workout
90,37.5,100,1,Post-Workout
95,37.3,99,2,Post-Workout
99,37.2,99,3,Post-Workout
43,36.4,93,1,Fainting
60,36.3,86,1,Fainting
36,35.5,89,0,Fainting
57,36.3,90,0,Fainting
38,36.3,86,1,Fainting
58,35.9,93,0,Fainting
53,36,94,1,Fainting
54,35.5,91,1,Fainting
36,35.5,87,0,Fainting
41,36.2,89,1,Fainting
45,35.7,91,1,Fainting
41,36.4,94,0,Fainting
49,36.1,90,0,Fainting
33,36.4,85,0,Fainting
35,35.9,90,1,Fainting
56,36,95,1,Fainting
53,36.4,86,0,Fainting
44,35.9,95,0,Fainting
33,35.7,93,0,Fainting
41,36.1,89,0,Fainting
119,36.7,94,4,Stress/Panic
127,37,96,4,Stress/Panic
124,36.9,94,2,Stress/Panic
119,36.7,95,3,Stress/Panic
101,37,95,2,Stress/Panic
110,36.5,96,4,Stress/Panic
126,36.8,94,3,Stress/Panic
103,36.5,94,4,Stress/Panic
128,36.6,95,3,Stress/Panic
124,37.1,95,3,Stress/Panic
61,36.7,88,1,Hypoxia
74,36.3,77,0,Hypoxia
81,36.7,79,1,Hypoxia
69,36.4,77,0,Hypoxia
71,36.2,90,2,Hypoxia
85,36.5,85,0,Hypoxia
78,36.3,88,1,Hypoxia
77,36.8,79,2,Hypoxia
100,36.5,74,1,Hypoxia
81,36.8,79,2,Hypoxia
64,36.6,96,1,Meditation
60,36.7,96,1,Meditation
59,36.6,97,1,Meditation
67,36.5,95,0,Meditation
58,36.5,97,1,Meditation
56,36.5,96,1,Meditation
59,36.6,97,0,Meditation
67,36.7,99,1,Meditation
57,36.7,100,0,Meditation
50,36.6,98,0,Meditation
88,36.5,79,1,Hypoxia
100,36.3,79,1,Hypoxia
87,36.6,91,0,Hypoxia
73,36.2,70,1,Hypoxia
87,36.5,73,1,Hypoxia
60,36.7,73,0,Hypoxia
69,36.2,76,2,Hypoxia
70,36,73,0,Hypoxia
66,36.9,72,2,Hypoxia
100,36.8,70,1,Hypoxia
95,37.2,94,9,Seizure
107,36.8,94,10,Seizure
134,37.1,90,10,Seizure
116,37.3,88,10,Seizure
135,36.6,95,9,Seizure
97,37.4,88,9,Seizure
124,36.8,88,9,Seizure
104,37.3,88,9,Seizure
104,37.2,92,10,Seizure
121,37.4,92,9,Seizure
92,37,95,5,Walking
80,37.1,99,4,Walking
107,37,99,7,Walking
89,36.9,100,4,Walking
85,36.9,97,7,Walking
106,37.2,99,7,Walking
81,36.8,96,5,Walking
85,36.8,95,4,Walking
81,36.8,100,5,Walking
82,37,100,7,Walking
34,36.1,81,1,Unconscious
49,35.9,89,1,Unconscious
49,35.8,90,1,Unconscious
42,35.1,84,0,Unconscious
42,35.7,88,1,Unconscious
47,35.6,89,0,Unconscious
37,36.1,82,1,Unconscious
48,35.6,87,1,Unconscious
33,35.2,87,0,Unconscious
43,35.6,85,0,Unconscious
118,36.6,94,3,Stress/Panic
105,36.9,94,4,Stress/Panic
114,36.6,94,3,Stress/Panic
120,37.1,94,4,Stress/Panic
128,37,95,5,Stress/Panic
105,37,95,2,Stress/Panic
124,36.9,93,2,Stress/Panic
102,36.5,93,2,Stress/Panic
117,36.9,96,5,Stress/Panic
107,36.7,96,5,Stress/Panic
67,36.9,95,0,Meditation
58,36.7,95,1,Meditation
52,36.5,97,0,Meditation
56,36.8,99,0,Meditation
58,36.8,100,0,Meditation
68,36.7,96,0,Meditation
64,36.7,98,0,Meditation
51,36.6,96,1,Meditation
60,36.7,100,1,Meditation
54,36.8,99,0,Meditation
48,35.1,84,1,Unconscious
38,36.3,84,0,Unconscious
49,36.3,83,0,Unconscious
38,35.7,82,1,Unconscious
41,36,88,1,Unconscious
40,36.1,88,0,Unconscious
34,36.1,86,0,Unconscious
48,35.7,85,0,Unconscious
35,35.1,86,0,Unconscious
40,36.1,86,1,Unconscious
65,36.7,98,1,Meditation
57,36.7,95,1,Meditation
67,36.8,95,0,Meditation
65,36.5,96,1,Meditation
70,36.9,97,1,Meditation
64,36.9,96,0,Meditation
61,36.5,95,1,Meditation
68,36.6,96,0,Meditation
67,36.8,99,1,Meditation
65,36.7,97,0,Meditation
138,37.8,93,8,Running
146,37.1,98,8,Running
169,37.2,93,9,Running
147,37.5,94,10,Running
132,37.8,95,8,Running
146,37.5,96,10,Running
177,37.8,95,8,Running
134,37.1,93,8,Running
150,37.1,92,8,Running
158,37.5,95,10,Running
147,37.2,97,10,Running
141,37.5,97,8,Running
170,37.8,93,9,Running
176,37.5,93,9,Running
136,37.7,94,10,Running
166,37.9,97,9,Running
140,37.3,96,9,Running
140,37.8,98,9,Running
167,37.2,97,9,Running
143,37.4,94,10,Running
60,36.2,96,1,Sleeping
51,36.6,95,1,Sleeping
53,36.3,100,0,Sleeping
64,36.6,98,0,Sleeping
52,36.1,98,1,Sleeping
54,36.3,98,1,Sleeping
61,36.7,99,1,Sleeping
61,36.4,98,1,Sleeping
61,36.1,98,1,Sleeping
51,36.6,97,1,Sleeping
41,36.1,87,0,Unconscious
50,36.4,86,0,Unconscious
37,35.8,80,0,Unconscious
38,35.4,81,1,Unconscious
34,36.3,80,1,Unconscious
45,35,89,0,Unconscious
49,36,82,0,Unconscious
44,36.4,86,0,Unconscious
39,35,88,0,Unconscious
40,36,88,0,Unconscious
67,36.5,99,1,Meditation
64,36.6,95,0,Meditation
54,36.5,97,0,Meditation
69,36.7,96,1,Meditation
59,36.9,96,1,Meditation
63,36.8,99,0,Meditation
70,36.8,99,0,Meditation
55,36.7,97,0,Meditation
69,36.6,97,1,Meditation
70,36.5,95,1,Meditation
37,35.7,81,1,Unconscious
38,36.5,84,1,Unconscious
44,35.7,90,1,Unconscious
45,35.2,81,0,Unconscious
40,36.3,86,1,Unconscious
46,35.2,81,1,Unconscious
45,35.7,85,0,Unconscious
33,36.4,87,0,Unconscious
50,36,90,0,Unconscious
39,36.2,84,0,Unconscious
167,37.8,92,8,Running
164,37.3,96,9,Running
175,37,95,10,Running
157,37.6,97,9,Running
132,37,97,10,Running
167,37.7,95,9,Running
125,37.3,96,10,Running
128,37.9,98,9,Running
142,37.2,95,9,Running
125,37.9,97,9,Running
86,36.4,90,1,Hypoxia
85,36.9,84,2,Hypoxia
76,36.1,91,2,Hypoxia
68,37,87,0,Hypoxia
68,36.1,83,0,Hypoxia
80,36.4,84,1,Hypoxia
61,36.7,73,0,Hypoxia
89,36.1,70,0,Hypoxia
84,36,77,0,Hypoxia
69,36.8,83,2,Hypoxia
35,35.9,84,1,Unconscious
50,35.7,87,0,Unconscious
35,36.4,88,0,Unconscious
30,35.9,86,0,Unconscious
49,35.3,90,1,Unconscious
48,35.2,83,0,Unconscious
38,35.2,86,1,Unconscious
46,35.8,83,0,Unconscious
39,35.1,86,1,Unconscious
39,36.3,90,0,Unconscious
36,36,91,0,Fainting
31,36.3,88,0,Fainting
58,35.8,92,1,Fainting
41,36.2,91,1,Fainting
52,35.9,93,0,Fainting
38,35.6,87,1,Fainting
55,36.2,88,1,Fainting
45,35.5,92,1,Fainting
55,36.1,89,0,Fainting
39,36.2,94,1,Fainting
113,37.4,100,1,Post-Workout
108,37,95,1,Post-Workout
101,37.4,99,2,Post-Workout
109,37,97,2,Post-Workout
90,37.4,99,2,Post-Workout
92,37,98,3,Post-Workout
95,37,100,1,Post-Workout
102,37,98,1,Post-Workout
95,37.5,98,2,Post-Workout
93,37.3,99,1,Post-Workout
125,37,93,5,Stress/Panic
114,37.1,95,4,Stress/Panic
106,36.9,96,2,Stress/Panic
102,36.8,94,2,Stress/Panic
119,36.8,96,4,Stress/Panic
126,37.2,94,2,Stress/Panic
117,36.9,94,5,Stress/Panic
112,36.6,93,5,Stress/Panic
103,36.9,94,2,Stress/Panic
127,37,94,2,Stress/Panic
78,36.7,100,2,Awake/Idle
72,36.7,100,2,Awake/Idle
73,36.6,99,1,Awake/Idle
76,36.8,97,2,Awake/Idle
60,36.7,95,2,Awake/Idle
70,37,95,2,Awake/Idle
66,36.6,95,3,Awake/Idle
78,36.7,100,3,Awake/Idle
73,36.8,99,2,Awake/Idle
63,36.9,97,3,Awake/Idle
110,37.2,96,2,Stress/Panic
115,36.8,96,4,Stress/Panic
124,36.7,94,5,Stress/Panic
106,37,96,3,Stress/Panic
112,36.7,93,4,Stress/Panic
125,36.8,95,2,Stress/Panic
124,36.7,94,4,Stress/Panic
105,36.9,96,2,Stress/Panic
100,36.8,95,4,Stress/Panic
116,36.6,93,5,Stress/Panic
56,36.2,97,1,Sleeping
57,36.4,97,1,Sleeping
63,36.5,96,0,Sleeping
54,36.2,95,1,Sleeping
60,36.6,96,1,Sleeping
57,36.1,96,1,Sleeping
65,36.4,95,0,Sleeping
50,36.4,97,1,Sleeping
55,36.1,97,1,Sleeping
50,36.3,100,1,Sleeping
47,36.2,90,1,Fainting
38,36,86,0,Fainting
43,35.8,94,1,Fainting
56,36.2,91,1,Fainting
46,35.5,86,0,Fainting
44,35.5,91,1,Fainting
31,35.8,90,0,Fainting
46,36.4,87,0,Fainting
58,35.9,88,0,Fainting
42,35.8,88,0,Fainting
59,36.9,98,1,Meditation
66,36.7,99,1,Meditation
51,36.8,96,0,Meditation
52,36.7,98,0,Meditation
59,36.9,99,0,Meditation
53,36.8,100,0,Meditation
58,36.7,100,1,Meditation
65,36.7,99,0,Meditation
60,36.7,99,0,Meditation
63,36.7,97,1,Meditation
169,37.8,92,8,Running
149,37.3,93,8,Running
145,37.8,96,9,Running
166,37.2,93,10,Running
149,37.7,96,9,Running
163,37.5,94,9,Running
126,37.9,94,8,Running
126,37.3,93,10,Running
135,37.8,94,10,Running
120,38,98,9,Running
58,36.2,95,0,Sleeping
56,36.7,97,0,Sleeping
50,36.6,95,0,Sleeping
60,36,99,1,Sleeping
59,36.6,96,1,Sleeping
52,36.1,98,0,Sleeping
64,36.7,96,0,Sleeping
57,36.2,100,1,Sleeping
59,36.2,99,0,Sleeping
53,36.5,97,1,Sleeping
68,36.9,98,1,Meditation
65,36.7,100,1,Meditation
60,36.6,100,1,Meditation
66,36.8,96,0,Meditation
64,36.5,98,0,Meditation
59,36.6,96,1,Meditation
61,36.6,99,0,Meditation
66,36.7,100,0,Meditation
67,36.9,97,1,Meditation
63,36.8,98,1,Meditation
92,37.2,99,2,Post-Workout
111,37,98,3,Post-Workout
106,37.4,100,2,Post-Workout
95,37.2,99,1,Post-Workout
115,37.1,96,3,Post-Workout
113,37.3,99,3,Post-Workout
101,37.2,99,1,Post-Workout
99,37.2,95,3,Post-Workout
113,37.5,97,2,Post-Workout
106,37.5,96,1,Post-Workout
106,37.1,98,7,Walking
97,37,95,6,Walking
104,36.8,96,5,Walking
104,36.8,96,4,Walking
80,36.8,95,4,Walking
104,36.9,97,6,Walking
104,37.1,95,6,Walking
86,36.9,99,5,Walking
89,36.8,100,7,Walking
100,36.8,100,4,Walking
124,36.8,95,9,Seizure
121,37,94,10,Seizure
132,37.2,93,10,Seizure
136,36.7,90,9,Seizure
134,36.9,94,10,Seizure
134,37,94,10,Seizure
132,37.4,89,9,Seizure
96,36.5,94,9,Seizure
122,37.4,92,10,Seizure
119,36.7,89,9,Seizure
33,35.7,92,1,Fainting
32,36.3,88,1,Fainting
46,36.1,89,1,Fainting
36,36.4,94,0,Fainting
56,35.8,90,1,Fainting
30,36.1,95,1,Fainting
50,35.6,94,1,Fainting
51,35.9,88,1,Fainting
44,36.2,92,1,Fainting
52,36.2,89,0,Fainting
126,36.7,94,2,Stress/Panic
111,36.7,95,4,Stress/Panic
126,36.6,93,4,Stress/Panic
102,36.8,93,2,Stress/Panic
104,37,96,3,Stress/Panic
106,36.8,94,3,Stress/Panic
120,36.8,93,4,Stress/Panic
117,36.6,94,4,Stress/Panic
112,37.1,93,2,Stress/Panic
124,37.1,96,5,Stress/Panic
32,36.1,94,1,Fainting
60,36.4,93,0,Fainting
31,36.1,91,0,Fainting
33,36.2,86,0,Fainting
42,36.1,95,1,Fainting
58,36.1,93,0,Fainting
54,36.2,91,0,Fainting
49,35.9,94,0,Fainting
53,35.9,89,0,Fainting
58,35.9,88,1,Fainting
74,36.9,98,2,Awake/Idle
79,36.9,100,3,Awake/Idle
63,36.8,100,3,Awake/Idle
63,37,97,3,Awake/Idle
67,36.7,98,2,Awake/Idle
68,36.9,95,2,Awake/Idle
66,36.7,99,1,Awake/Idle
64,37,99,2,Awake/Idle
74,36.5,100,3,Awake/Idle
63,36.6,96,2,Awake/Idle
49,36.3,89,0,Fainting
60,35.9,88,1,Fainting
32,35.7,91,0,Fainting
31,36.4,87,1,Fainting
35,35.8,94,0,Fainting
47,35.6,94,0,Fainting
31,36.1,86,1,Fainting
47,36.3,88,1,Fainting
43,36.1,85,0,Fainting
49,36.3,93,0,Fainting
48,35.1,89,0,Unconscious
32,36.1,88,0,Unconscious
36,35.8,85,0,Unconscious
36,36.3,86,1,Unconscious
34,35.4,80,1,Unconscious
32,35.3,89,0,Unconscious
41,35.1,83,0,Unconscious
49,35,90,1,Unconscious
44,35.9,89,0,Unconscious
48,36.4,90,1,Unconscious
57,35.9,91,1,Fainting
33,35.9,91,1,Fainting
42,35.7,91,1,Fainting
31,36.3,88,0,Fainting
33,36.2,86,0,Fainting
58,35.9,92,0,Fainting
55,35.6,90,0,Fainting
46,35.7,90,0,Fainting
59,36,87,1,Fainting
36,36.4,95,0,Fainting
91,37.5,99,1,Post-Workout
113,37.4,100,3,Post-Workout
98,37,96,1,Post-Workout
110,37.1,99,2,Post-Workout
99,37.4,95,1,Post-Workout
93,37.2,98,2,Post-Workout
93,37.4,97,3,Post-Workout
110,37,100,1,Post-Workout
116,37,98,3,Post-Workout
112,37.1,95,3,Post-Workout
91,37.1,100,3,Post-Workout
97,37.3,100,1,Post-Workout
103,37,100,3,Post-Workout
108,37.1,97,3,Post-Workout
108,37.3,100,1,Post-Workout
101,37.5,97,1,Post-Workout
111,37.1,98,1,Post-Workout
105,37.1,97,3,Post-Workout
97,37.2,97,2,Post-Workout
100,37.3,96,2,Post-Workout
60,36.6,97,2,Awake/Idle
73,36.8,96,1,Awake/Idle
62,36.8,95,1,Awake/Idle
65,37,97,2,Awake/Idle
66,36.7,100,2,Awake/Idle
73,36.8,100,1,Awake/Idle
76,36.9,100,3,Awake/Idle
65,36.7,96,3,Awake/Idle
80,36.5,97,3,Awake/Idle
73,36.7,100,1,Awake/Idle
93,37.4,95,2,Post-Workout
97,37.5,97,2,Post-Workout
112,37.1,96,3,Post-Workout
111,37.2,100,2,Post-Workout
114,37,98,2,Post-Workout
109,37.4,100,3,Post-Workout
100,37.1,100,2,Post-Workout
110,37.4,95,3,Post-Workout
119,37.3,97,1,Post-Workout
118,37.2,96,1,Post-Workout
53,35.7,88,1,Fainting
54,35.8,94,0,Fainting
38,36.2,85,0,Fainting
51,36.2,89,0,Fainting
52,35.8,93,1,Fainting
47,36.3,89,1,Fainting
60,36.1,88,1,Fainting
35,35.9,85,1,Fainting
32,35.6,86,1,Fainting
31,35.8,86,1,Fainting
106,36.7,94,5,Stress/Panic
105,36.9,93,2,Stress/Panic
104,37,96,5,Stress/Panic
120,36.7,96,3,Stress/Panic
117,36.6,96,2,Stress/Panic
104,36.7,94,4,Stress/Panic
116,37,93,2,Stress/Panic
113,37,95,5,Stress/Panic
120,37.2,93,3,Stress/Panic
129,36.8,96,4,Stress/Panic
90,37,100,4,Walking
81,36.9,99,5,Walking
92,36.9,96,4,Walking
102,36.7,96,5,Walking
85,37,95,6,Walking
92,36.8,97,7,Walking
95,36.8,96,5,Walking
91,36.8,96,7,Walking
97,36.8,96,4,Walking
89,37.1,97,7,Walking
83,37,96,4,Walking
91,37,95,7,Walking
93,36.9,99,5,Walking
88,37.1,100,5,Walking
107,36.9,99,6,Walking
92,37,95,5,Walking
92,36.8,98,7,Walking
96,36.8,96,6,Walking
82,36.7,100,7,Walking
95,36.9,97,7,Walking
171,37.6,97,10,Running
137,37.9,96,10,Running
172,37.8,97,10,Running
124,37.1,93,10,Running
157,37.9,96,9,Running
140,37.7,96,8,Running
134,37.7,94,10,Running
137,37.8,98,8,Running
125,37.5,98,10,Running
155,37.8,98,8,Running
71,36.9,95,3,Awake/Idle
67,36.7,99,1,Awake/Idle
76,36.8,97,2,Awake/Idle
71,36.6,98,1,Awake/Idle
73,36.7,97,2,Awake/Idle
67,36.6,100,2,Awake/Idle
69,36.7,95,2,Awake/Idle
64,36.9,95,2,Awake/Idle
63,36.5,100,1,Awake/Idle
72,36.8,95,2,Awake/Idle
104,37.3,98,1,Post-Workout
109,37.2,96,3,Post-Workout
99,37.5,98,2,Post-Workout
116,37,97,2,Post-Workout
115,37,97,1,Post-Workout
98,37.2,100,1,Post-Workout
104,37.4,98,2,Post-Workout
112,37.5,95,1,Post-Workout
110,37.2,98,1,Post-Workout
110,37.2,95,1,Post-Workout
103,36.6,94,4,Stress/Panic
105,36.9,94,3,Stress/Panic
117,36.6,94,5,Stress/Panic
128,36.7,95,2,Stress/Panic
117,36.9,96,2,Stress/Panic
107,36.9,96,5,Stress/Panic
115,36.5,94,4,Stress/Panic
128,36.6,93,5,Stress/Panic
117,36.8,95,3,Stress/Panic
115,36.8,96,5,Stress/Panic
98,37,97,7,Walking
95,37,95,6,Walking
88,37,95,7,Walking
107,36.8,99,4,Walking
103,36.7,96,7,Walking
91,37.1,96,5,Walking
88,36.9,99,6,Walking
105,36.8,100,4,Walking
97,37.2,98,4,Walking
98,37.1,99,6,Walking
115,36.9,95,9,Seizure
119,37.1,94,9,Seizure
107,37,95,10,Seizure
131,37.3,89,10,Seizure
140,37.4,94,9,Seizure
132,37.2,89,9,Seizure
94,37.3,93,9,Seizure
98,36.9,89,10,Seizure
132,36.9,92,10,Seizure
129,37.3,89,10,Seizure
114,37.2,95,3,Post-Workout
120,37.2,99,2,Post-Workout
104,37.4,98,1,Post-Workout
108,37.1,97,3,Post-Workout
95,37.3,99,3,Post-Workout
105,37.4,95,1,Post-Workout
108,37.3,97,1,Post-Workout
98,37.2,95,1,Post-Workout
111,37.2,99,2,Post-Workout
92,37.4,95,1,Post-Workout
49,35.6,92,1,Fainting
44,36.3,91,1,Fainting
44,36.3,95,0,Fainting
45,36,92,0,Fainting
36,35.9,85,0,Fainting
56,36.4,87,0,Fainting
38,35.5,94,0,Fainting
36,36.3,92,1,Fainting
59,36.2,85,0,Fainting
47,35.7,93,1,Fainting
62,36.6,98,1,Awake/Idle
78,37,97,2,Awake/Idle
77,36.8,99,3,Awake/Idle
64,36.6,96,3,Awake/Idle
67,36.6,97,2,Awake/Idle
62,37,99,2,Awake/Idle
64,36.5,100,2,Awake/Idle
74,36.8,100,2,Awake/Idle
74,36.5,99,2,Awake/Idle
69,36.9,100,2,Awake/Idle
51,36.6,100,0,Meditation
53,36.7,97,1,Meditation
62,36.7,99,1,Meditation
65,36.5,96,0,Meditation
51,36.7,99,1,Meditation
68,36.7,100,1,Meditation
56,36.8,100,1,Meditation
54,36.5,96,0,Meditation
70,36.8,100,0,Meditation
61,36.5,96,1,Meditation
105,36.8,99,7,Walking
87,36.8,96,5,Walking
96,37.1,96,5,Walking
104,37.2,99,5,Walking
84,37,98,6,Walking
81,37.1,95,7,Walking
97,36.7,97,4,Walking
95,36.9,97,4,Walking
107,37,96,5,Walking
109,36.8,98,5,Walking
75,36.8,100,1,Awake/Idle
65,36.9,99,2,Awake/Idle
77,36.5,98,2,Awake/Idle
75,36.8,95,1,Awake/Idle
62,36.5,99,2,Awake/Idle
64,36.9,98,1,Awake/Idle
78,37,98,3,Awake/Idle
73,37,96,2,Awake/Idle
75,36.9,99,3,Awake/Idle
77,36.6,100,3,Awake/Idle
139,37.3,88,10,Seizure
104,37.1,91,9,Seizure
106,36.9,89,10,Seizure
139,37.1,94,10,Seizure
110,37.3,95,9,Seizure
128,36.8,89,9,Seizure
126,37,92,10,Seizure
111,36.8,94,10,Seizure
140,36.6,95,9,Seizure
95,36.9,91,10,Seizure
61,36.8,97,2,Awake/Idle
60,36.9,97,1,Awake/Idle
80,36.7,98,3,Awake/Idle
71,36.9,99,3,Awake/Idle
71,36.8,96,3,Awake/Idle
79,36.7,99,1,Awake/Idle
77,36.6,95,3,Awake/Idle
70,36.6,100,3,Awake/Idle
80,36.9,95,2,Awake/Idle
72,36.7,99,3,Awake/Idle
56,36.9,95,0,Meditation
56,36.7,98,1,Meditation
70,36.6,98,1,Meditation
69,36.6,95,1,Meditation
70,36.6,97,1,Meditation
63,36.7,95,0,Meditation
70,36.7,98,1,Meditation
68,36.6,100,0,Meditation
60,36.5,98,1,Meditation
64,36.8,98,0,Meditation
67,36.6,99,1,Meditation
61,36.9,100,0,Meditation
58,36.8,97,0,Meditation
68,36.8,96,1,Meditation
53,36.7,97,1,Meditation
62,36.7,96,0,Meditation
60,36.6,99,0,Meditation
63,36.8,97,1,Meditation
51,36.7,98,0,Meditation
65,36.6,95,0,Meditation
44,36.4,86,1,Fainting
37,36.5,90,1,Fainting
37,35.6,92,0,Fainting
34,35.8,89,0,Fainting
55,36.3,92,1,Fainting
30,35.9,85,0,Fainting
35,36.1,88,1,Fainting
51,36.2,94,0,Fainting
60,35.8,87,1,Fainting
49,36.4,91,0,Fainting
66,36.8,97,3,Awake/Idle
77,36.7,96,1,Awake/Idle
72,36.5,97,2,Awake/Idle
61,36.6,100,3,Awake/Idle
67,36.7,95,3,Awake/Idle
78,36.9,96,1,Awake/Idle
66,37,95,3,Awake/Idle
67,36.9,99,3,Awake/Idle
62,36.6,96,3,Awake/Idle
78,36.6,95,3,Awake/Idle
60,36.4,100,1,Sleeping
65,36.2,96,1,Sleeping
57,36.1,95,1,Sleeping
50,36.3,98,1,Sleeping
55,36.4,100,0,Sleeping
59,36.5,97,0,Sleeping
56,36.7,98,1,Sleeping
64,36.1,97,0,Sleeping
53,36.1,100,0,Sleeping
60,36,100,0,Sleeping
65,37,98,1,Awake/Idle
66,36.9,100,3,Awake/Idle
63,36.8,97,2,Awake/Idle
80,36.6,99,2,Awake/Idle
64,36.7,98,1,Awake/Idle
61,36.9,95,3,Awake/Idle
71,36.5,97,3,Awake/Idle
75,36.7,100,2,Awake/Idle
60,36.7,100,3,Awake/Idle
70,36.9,100,3,Awake/Idle
104,37,95,9,Seizure
98,37.1,89,10,Seizure
121,36.8,91,9,Seizure
109,37.1,89,10,Seizure
98,36.7,91,10,Seizure
115,36.9,89,10,Seizure
137,37,94,10,Seizure
105,37.4,92,10,Seizure
106,37,95,9,Seizure
108,37.4,93,10,Seizure
109,37,98,5,Walking
84,36.7,95,5,Walking
80,36.9,96,4,Walking
110,37.1,95,6,Walking
108,36.7,97,5,Walking
102,36.7,98,5,Walking
99,36.9,96,6,Walking
106,37,100,4,Walking
85,37,95,7,Walking
87,37.1,99,5,Walking
33,35.9,84,1,Unconscious
42,36.1,89,1,Unconscious
30,36,90,1,Unconscious
37,35.5,81,0,Unconscious
37,35.3,88,1,Unconscious
39,36,83,0,Unconscious
45,35.4,83,0,Unconscious
46,36,83,0,Unconscious
38,35.1,89,0,Unconscious
49,35.4,86,0,Unconscious
38,35,84,0,Unconscious
33,36,81,1,Unconscious
38,36.4,87,1,Unconscious
48,35.2,84,1,Unconscious
47,35.6,85,1,Unconscious
41,35,85,1,Unconscious
46,35.7,87,1,Unconscious
49,35.2,85,1,Unconscious
43,36.1,80,0,Unconscious
38,35.3,87,0,Unconscious
127,36.9,95,5,Stress/Panic
127,36.7,96,5,Stress/Panic
115,36.6,94,5,Stress/Panic
124,37.1,94,3,Stress/Panic
105,36.8,94,2,Stress/Panic
100,36.9,96,3,Stress/Panic
107,36.7,93,5,Stress/Panic
125,36.6,95,4,Stress/Panic
125,37,94,5,Stress/Panic
109,36.8,95,3,Stress/Panic
110,37.2,96,2,Post-Workout
104,37,97,1,Post-Workout
96,37.3,99,2,Post-Workout
100,37.2,96,1,Post-Workout
115,37,95,2,Post-Workout
94,37.3,99,3,Post-Workout
91,37.5,99,3,Post-Workout
112,37.1,96,1,Post-Workout
102,37.4,99,1,Post-Workout
98,37.4,97,3,Post-Workout
53,36.9,97,1,Meditation
53,36.7,97,1,Meditation
52,36.7,96,0,Meditation
70,36.6,97,1,Meditation
54,36.8,100,0,Meditation
63,36.7,99,0,Meditation
61,36.7,99,1,Meditation
55,36.8,95,1,Meditation
57,36.6,99,0,Meditation
65,36.8,95,0,Meditation
94,36.9,95,6,Walking
82,37.2,96,7,Walking
108,36.8,96,6,Walking
83,36.9,96,4,Walking
109,36.8,97,6,Walking
93,36.8,99,6,Walking
106,36.9,100,6,Walking
96,37.1,98,6,Walking
103,36.8,97,6,Walking
88,37.1,97,4,Walking
96,36.9,91,10,Seizure
103,37,94,9,Seizure
120,36.8,91,9,Seizure
115,37.4,89,10,Seizure
129,36.6,91,10,Seizure
135,36.9,94,10,Seizure
128,37.3,88,10,Seizure
118,37.2,94,10,Seizure
101,36.7,94,10,Seizure
113,37.2,91,9,Seizure
64,36.5,99,0,Sleeping
56,36.3,95,0,Sleeping
56,36.3,95,0,Sleeping
56,36.2,97,0,Sleeping
56,36.4,95,1,Sleeping
60,36.5,96,1,Sleeping
51,36.3,100,1,Sleeping
65,36.4,95,1,Sleeping
54,36.5,97,1,Sleeping
57,36.5,100,1,Sleeping
65,36.2,97,0,Sleeping
52,36.5,97,1,Sleeping
63,36.1,96,0,Sleeping
53,36.4,95,1,Sleeping
56,36.6,98,0,Sleeping
58,36.2,96,1,Sleeping
57,36.3,96,0,Sleeping
56,36.1,96,1,Sleeping
57,36.5,99,0,Sleeping
65,36.1,99,0,Sleeping
174,37.4,95,8,Running
175,37.1,95,8,Running
174,37.6,93,8,Running
137,37.8,98,9,Running
171,37.3,95,9,Running
179,37.4,93,8,Running
155,37.6,96,8,Running
128,37.2,92,9,Running
166,37.5,95,9,Running
160,37.6,93,9,Running
109,37.3,99,2,Post-Workout
119,37.1,100,3,Post-Workout
94,37.2,98,2,Post-Workout
103,37.5,95,3,Post-Workout
114,37.4,99,2,Post-Workout
111,37.1,98,1,Post-Workout
111,37.5,98,2,Post-Workout
110,37.1,98,3,Post-Workout
104,37.3,99,1,Post-Workout
106,37,96,3,Post-Workout
102,36.6,95,2,Stress/Panic
100,36.9,95,2,Stress/Panic
106,36.7,96,3,Stress/Panic
122,36.8,94,3,Stress/Panic
118,36.9,94,4,Stress/Panic
100,36.5,96,5,Stress/Panic
109,36.9,95,2,Stress/Panic
120,36.9,95,2,Stress/Panic
110,37.2,93,4,Stress/Panic
107,36.5,96,5,Stress/Panic
133,37,95,10,Seizure
137,37,92,10,Seizure
100,36.8,93,9,Seizure
94,36.5,91,10,Seizure
138,36.6,91,10,Seizure
125,36.6,90,10,Seizure
118,37.4,91,9,Seizure
99,37.4,94,9,Seizure
118,36.9,89,10,Seizure
139,36.8,94,10,Seizure
64,36.6,99,2,Awake/Idle
73,36.7,98,2,Awake/Idle
63,36.9,97,3,Awake/Idle
73,36.6,100,1,Awake/Idle
61,36.8,95,1,Awake/Idle
72,36.7,100,2,Awake/Idle
79,36.5,97,3,Awake/Idle
79,36.5,96,3,Awake/Idle
60,36.9,95,2,Awake/Idle
76,36.6,100,3,Awake/Idle
128,36.8,95,2,Stress/Panic
115,37.1,93,4,Stress/Panic
100,36.5,95,2,Stress/Panic
128,36.7,95,3,Stress/Panic
121,36.7,93,3,Stress/Panic
117,36.7,94,3,Stress/Panic
101,37.2,93,4,Stress/Panic
120,36.7,94,4,Stress/Panic
104,36.8,96,4,Stress/Panic
105,36.7,96,2,Stress/Panic
51,36.6,99,0,Sleeping
61,36,97,0,Sleeping
58,36.3,96,1,Sleeping
59,36,97,0,Sleeping
60,36.5,96,0,Sleeping
55,36.5,99,1,Sleeping
63,36.4,100,1,Sleeping
57,36,97,0,Sleeping
63,36,96,0,Sleeping
53,36.7,97,0,Sleeping
50,35.4,83,1,Unconscious
48,35.2,84,1,Unconscious
38,35.3,84,1,Unconscious
33,36.1,82,0,Unconscious
50,36.2,90,0,Unconscious
30,36.1,87,1,Unconscious
32,36.4,87,1,Unconscious
31,35.1,88,0,Unconscious
40,35.5,89,0,Unconscious
32,36.2,83,0,Unconscious
67,36.2,72,2,Hypoxia
60,36,83,2,Hypoxia
68,36,75,1,Hypoxia
66,36.6,77,1,Hypoxia
76,36,91,1,Hypoxia
79,36.9,72,2,Hypoxia
80,36.3,81,2,Hypoxia
66,36.9,82,1,Hypoxia
78,36.1,77,1,Hypoxia
73,36.4,77,1,Hypoxia
79,36.5,100,1,Awake/Idle
74,36.7,100,2,Awake/Idle
71,36.7,98,2,Awake/Idle
76,36.8,99,1,Awake/Idle
76,36.7,98,3,Awake/Idle
76,36.8,96,1,Awake/Idle
80,36.9,98,3,Awake/Idle
79,36.8,99,2,Awake/Idle
80,36.6,97,2,Awake/Idle
60,36.8,98,1,Awake/Idle
114,37,93,5,Stress/Panic
127,36.6,94,5,Stress/Panic
114,37.2,93,2,Stress/Panic
118,36.8,96,2,Stress/Panic
119,36.9,94,4,Stress/Panic
126,36.6,95,3,Stress/Panic
119,37,96,2,Stress/Panic
111,36.7,95,3,Stress/Panic
119,36.9,93,2,Stress/Panic
125,37.1,93,4,Stress/Panic
109,36.6,93,3,Stress/Panic
110,37,96,4,Stress/Panic
103,36.9,93,5,Stress/Panic
112,36.6,94,4,Stress/Panic
120,37.1,95,3,Stress/Panic
108,36.9,93,5,Stress/Panic
119,36.5,96,3,Stress/Panic
120,36.8,94,3,Stress/Panic
111,37.2,96,4,Stress/Panic
103,37,95,3,Stress/Panic
51,36.6,97,1,Meditation
63,36.7,98,0,Meditation
58,36.9,96,0,Meditation
57,36.7,100,1,Meditation
58,36.7,99,0,Meditation
64,36.7,98,0,Meditation
68,36.6,95,0,Meditation
59,36.5,95,1,Meditation
56,36.5,100,1,Meditation
62,36.7,95,1,Meditation
52,36.3,92,0,Fainting
45,35.9,88,0,Fainting
33,36.4,88,0,Fainting
44,35.7,92,0,Fainting
40,36.5,91,0,Fainting
59,35.6,86,1,Fainting
30,36.2,95,1,Fainting
56,36.4,85,1,Fainting
51,35.9,93,0,Fainting
30,36.4,93,0,Fainting
89,36.2,75,1,Hypoxia
88,36.3,75,1,Hypoxia
94,36.5,86,2,Hypoxia
89,36.5,78,2,Hypoxia
99,36.7,77,0,Hypoxia
97,36.6,79,1,Hypoxia
77,36.4,76,1,Hypoxia
91,36.4,75,2,Hypoxia
74,36.8,74,2,Hypoxia
64,36.5,79,2,Hypoxia
105,36.7,99,4,Walking
92,36.8,100,6,Walking
106,37,95,7,Walking
104,37.1,100,5,Walking
104,37.2,98,6,Walking
92,37.1,97,7,Walking
80,36.7,99,4,Walking
87,36.8,96,5,Walking
91,36.9,96,4,Walking
106,37,100,4,Walking
112,37.1,99,2,Post-Workout
106,37.2,98,3,Post-Workout
109,37.3,96,1,Post-Workout
113,37.1,96,3,Post-Workout
107,37.5,98,1,Post-Workout
99,37.1,97,2,Post-Workout
109,37.1,98,1,Post-Workout
97,37.2,96,3,Post-Workout
106,37.4,95,1,Post-Workout
115,37.1,97,2,Post-Workout
103,36.9,95,6,Walking
89,37.2,99,4,Walking
110,36.8,95,6,Walking
108,36.8,97,6,Walking
85,37.1,97,5,Walking
95,37.2,99,5,Walking
110,37.2,95,5,Walking
92,36.8,98,4,Walking
98,36.8,96,6,Walking
99,37,99,4,Walking
41,35.8,83,1,Unconscious
38,36,80,1,Unconscious
38,35.9,85,0,Unconscious
42,35.5,87,0,Unconscious
35,36.3,80,0,Unconscious
39,35.1,81,1,Unconscious
32,36,87,1,Unconscious
44,35.8,83,0,Unconscious
47,35.6,84,1,Unconscious
41,35.6,89,1,Unconscious
124,36.9,91,10,Seizure
122,37.2,92,9,Seizure
117,36.7,94,10,Seizure
105,37,89,9,Seizure
138,37.2,95,9,Seizure
137,36.8,90,9,Seizure
99,37.3,91,10,Seizure
113,36.6,94,9,Seizure
130,36.9,90,9,Seizure
104,36.6,90,9,Seizure
91,37,100,6,Walking
106,36.8,96,4,Walking
96,37,99,6,Walking
88,37.2,97,5,Walking
109,37.1,99,5,Walking
95,36.7,100,7,Walking
81,36.8,96,7,Walking
97,36.9,96,4,Walking
101,36.8,97,6,Walking
101,36.9,96,7,Walking
61,36.3,96,0,Sleeping
50,36.3,97,0,Sleeping
62,36.6,95,0,Sleeping
58,36.1,96,0,Sleeping
52,36.4,100,1,Sleeping
63,36,97,0,Sleeping
52,36.7,96,0,Sleeping
64,36.2,100,0,Sleeping
62,36.5,100,1,Sleeping
58,36.2,99,0,Sleeping
92,37.2,97,5,Walking
103,36.9,99,4,Walking
106,36.8,97,7,Walking
97,37.2,98,7,Walking
95,37.2,97,4,Walking
103,37.1,95,6,Walking
93,37.1,96,7,Walking
83,37.1,96,6,Walking
80,37.2,97,4,Walking
104,36.7,95,7,Walking
70,36.5,100,1,Meditation
61,36.8,96,0,Meditation
52,36.7,99,1,Meditation
56,36.7,99,1,Meditation
68,36.7,95,0,Meditation
66,36.6,99,0,Meditation
50,36.8,96,1,Meditation
63,36.7,96,1,Meditation
55,36.7,95,1,Meditation
57,36.8,98,0,Meditation
94,37.1,100,3,Post-Workout
92,37.4,100,2,Post-Workout
97,37,99,2,Post-Workout
92,37.3,100,1,Post-Workout
102,37.3,98,1,Post-Workout
93,37.1,100,2,Post-Workout
107,37.1,98,3,Post-Workout
104,37.1,96,3,Post-Workout
112,37.1,97,3,Post-Workout
105,37.3,96,2,Post-Workout
85,36.8,100,6,Walking
96,36.8,100,4,Walking
89,36.7,95,6,Walking
87,36.9,98,4,Walking
106,36.9,100,7,Walking
85,37.1,100,7,Walking
88,36.8,96,4,Walking
95,36.7,97,5,Walking
87,36.9,95,4,Walking
89,37,100,7,Walking
107,37.5,100,3,Post-Workout
96,37.4,96,2,Post-Workout
112,37.3,98,1,Post-Workout
120,37.3,95,1,Post-Workout
104,37.3,96,2,Post-Workout
99,37.4,97,2,Post-Workout
104,37.3,95,3,Post-Workout
120,37.5,97,1,Post-Workout
106,37.5,96,2,Post-Workout
97,37.2,99,2,Post-Workout
42,36.5,95,1,Fainting
49,36.1,90,0,Fainting
33,36.3,86,0,Fainting
42,35.7,95,1,Fainting
50,36.5,85,0,Fainting
44,36.1,91,1,Fainting
41,36.5,92,0,Fainting
38,36.1,92,1,Fainting
57,36.2,85,1,Fainting
51,35.9,90,0,Fainting
49,36.1,84,0,Unconscious
45,36.3,85,1,Unconscious
37,35.5,85,0,Unconscious
49,36.5,82,1,Unconscious
44,36.3,88,0,Unconscious
46,36.2,89,0,Unconscious
35,35.9,90,1,Unconscious
50,35.2,88,1,Unconscious
44,35.4,90,1,Unconscious
42,35.7,90,0,Unconscious
63,36.7,99,2,Awake/Idle
71,36.8,99,1,Awake/Idle
76,36.6,95,1,Awake/Idle
65,36.7,95,1,Awake/Idle
77,36.6,99,3,Awake/Idle
65,37,96,2,Awake/Idle
62,36.8,98,3,Awake/Idle
65,36.6,100,2,Awake/Idle
70,36.9,96,2,Awake/Idle
67,36.9,96,2,Awake/Idle
96,36.9,96,4,Walking
97,36.7,98,4,Walking
83,37.1,95,5,Walking
85,37,98,6,Walking
85,36.9,96,7,Walking
109,36.8,99,4,Walking
102,37.2,99,6,Walking
89,36.7,96,4,Walking
96,36.8,95,7,Walking
99,36.9,99,4,Walking
98,36.9,98,5,Walking
82,37.2,96,6,Walking
90,37.1,98,5,Walking
108,37.1,97,4,Walking
89,36.7,98,4,Walking
83,36.8,100,7,Walking
88,37.1,99,4,Walking
102,36.8,97,7,Walking
97,37,96,4,Walking
80,37,99,4,Walking
67,36.9,99,0,Meditation
64,36.9,96,0,Meditation
70,36.5,100,1,Meditation
64,36.9,100,1,Meditation
54,36.8,95,0,Meditation
66,36.7,98,0,Meditation
59,36.8,96,1,Meditation
63,36.8,97,1,Meditation
50,36.6,98,0,Meditation
64,36.6,99,0,Meditation
156,37.8,96,10,Running
150,37.2,92,8,Running
122,37.2,93,8,Running
131,37.6,93,10,Running
123,37.9,95,8,Running
180,38,95,8,Running
147,37.5,94,9,Running
143,37.5,97,10,Running
141,37.1,96,8,Running
128,38,97,8,Running
65,36,100,1,Sleeping
56,36.3,97,0,Sleeping
51,36.5,95,0,Sleeping
53,36.2,100,1,Sleeping
57,36.5,97,0,Sleeping
54,36.4,98,1,Sleeping
51,36.4,95,0,Sleeping
62,36.2,95,0,Sleeping
61,36.6,100,1,Sleeping
50,36.5,97,1,Sleeping
38,35.9,90,0,Unconscious
45,35.6,83,0,Unconscious
36,35.3,86,1,Unconscious
50,35.3,89,0,Unconscious
46,35.3,81,0,Unconscious
47,35.6,83,1,Unconscious
49,35.2,86,0,Unconscious
37,35.6,82,1,Unconscious
47,35.8,84,1,Unconscious
41,36.5,81,0,Unconscious
123,36.9,93,5,Stress/Panic
120,36.6,95,2,Stress/Panic
101,36.8,96,2,Stress/Panic
104,37.1,95,2,Stress/Panic
106,36.7,94,2,Stress/Panic
128,37,94,4,Stress/Panic
129,37.1,94,4,Stress/Panic
105,36.5,96,4,Stress/Panic
114,37,94,5,Stress/Panic
108,36.7,95,4,Stress/Panic
116,37.1,93,5,Stress/Panic
109,36.6,96,5,Stress/Panic
105,37,94,5,Stress/Panic
128,36.7,96,3,Stress/Panic
124,37.1,93,3,Stress/Panic
103,36.6,94,3,Stress/Panic
119,36.8,96,5,Stress/Panic
100,37.2,96,3,Stress/Panic
112,36.7,93,5,Stress/Panic
123,36.6,94,3,Stress/Panic
59,36.6,96,1,Meditation
56,36.7,95,1,Meditation
57,36.7,100,1,Meditation
65,36.8,95,1,Meditation
67,36.5,100,0,Meditation
53,36.8,98,1,Meditation
55,36.6,99,1,Meditation
56,36.8,99,0,Meditation
50,36.8,100,1,Meditation
55,36.7,96,1,Meditation
56,36,100,0,Sleeping
56,36,98,0,Sleeping
57,36.2,97,0,Sleeping
53,36.3,97,0,Sleeping
56,36.6,95,0,Sleeping
63,36.1,96,1,Sleeping
58,36.3,99,0,Sleeping
54,36.4,98,1,Sleeping
58,36.5,97,1,Sleeping
61,36.2,97,0,Sleeping
98,37.4,97,2,Post-Workout
101,37.3,99,3,Post-Workout
120,37.5,99,3,Post-Workout
105,37.2,95,1,Post-Workout
101,37.1,98,3,Post-Workout
115,37.3,98,1,Post-Workout
95,37.3,95,2,Post-Workout
107,37.4,96,3,Post-Workout
96,37,98,2,Post-Workout
117,37,100,2,Post-Workout
73,36.9,100,3,Awake/Idle
73,37,100,3,Awake/Idle
75,36.9,100,2,Awake/Idle
68,36.9,96,2,Awake/Idle
80,36.6,99,2,Awake/Idle
76,36.8,95,1,Awake/Idle
77,36.6,97,1,Awake/Idle
63,36.9,97,2,Awake/Idle
80,36.8,99,2,Awake/Idle
76,36.9,95,1,Awake/Idle
56,36.5,98,0,Meditation
61,36.8,98,0,Meditation
57,36.8,99,0,Meditation
58,36.7,98,1,Meditation
61,36.7,99,1,Meditation
64,36.8,96,0,Meditation
54,36.7,100,1,Meditation
57,36.7,97,0,Meditation
62,36.8,96,1,Meditation
54,36.6,99,0,Meditation
58,36.3,99,0,Sleeping
59,36.4,100,1,Sleeping
51,36.2,100,1,Sleeping
63,36.1,100,0,Sleeping
52,36.5,97,1,Sleeping
60,36.3,98,1,Sleeping
50,36.3,99,0,Sleeping
59,36.1,95,0,Sleeping
60,36.4,98,0,Sleeping
52,36.5,96,0,Sleeping
98,37,98,2,Post-Workout
97,37.3,99,3,Post-Workout
102,37.2,97,1,Post-Workout
93,37.3,95,1,Post-Workout
108,37.3,96,1,Post-Workout
102,37.1,100,3,Post-Workout
109,37,96,1,Post-Workout
91,37.4,100,2,Post-Workout
113,37.3,97,3,Post-Workout
112,37.2,95,3,Post-Workout
57,36.5,97,1,Meditation
56,36.5,98,0,Meditation
63,36.5,97,1,Meditation
66,36.5,97,0,Meditation
52,36.8,100,0,Meditation
61,36.9,97,0,Meditation
64,36.9,96,1,Meditation
56,36.6,100,1,Meditation
54,36.7,100,1,Meditation
54,36.7,96,1,Meditation
140,37.4,90,9,Seizure
98,37.4,94,10,Seizure
99,36.9,92,10,Seizure
140,36.7,94,9,Seizure
115,36.6,95,9,Seizure
136,37.1,92,10,Seizure
99,36.7,90,9,Seizure
116,36.7,88,10,Seizure
134,36.9,89,10,Seizure
120,36.8,90,9,Seizure
78,36.8,70,2,Hypoxia
87,36.6,77,1,Hypoxia
77,36.4,90,1,Hypoxia
61,36.8,91,0,Hypoxia
98,36.6,76,0,Hypoxia
100,36.1,84,0,Hypoxia
60,36.2,71,1,Hypoxia
85,36.2,87,1,Hypoxia
61,36.5,73,2,Hypoxia
65,36.1,78,0,Hypoxia
91,37.2,99,1,Post-Workout
106,37.3,98,3,Post-Workout
117,37.4,100,1,Post-Workout
114,37,100,1,Post-Workout
100,37.4,100,1,Post-Workout
94,37.5,96,1,Post-Workout
116,37.2,98,2,Post-Workout
102,37.3,96,3,Post-Workout
93,37.3,96,2,Post-Workout
96,37.4,96,1,Post-Workout
96,36.3,77,2,Hypoxia
60,36,85,2,Hypoxia
75,36.3,91,0,Hypoxia
60,36.9,79,1,Hypoxia
99,36.8,88,1,Hypoxia
60,36.7,90,1,Hypoxia
72,36.5,75,0,Hypoxia
98,36.7,87,1,Hypoxia
67,36.2,72,2,Hypoxia
78,36.4,74,1,Hypoxia
120,36.6,95,9,Seizure
130,37.5,88,10,Seizure
131,37.1,90,10,Seizure
118,37.2,92,9,Seizure
126,36.9,88,10,Seizure
127,36.9,93,9,Seizure
133,37.5,90,9,Seizure
128,36.7,95,10,Seizure
134,37,92,10,Seizure
125,36.8,92,10,Seizure
52,36,95,1,Fainting
33,36.1,89,1,Fainting
40,36.3,92,1,Fainting
32,35.6,90,1,Fainting
33,35.6,90,1,Fainting
51,35.6,94,0,Fainting
51,35.6,85,0,Fainting
48,36,85,0,Fainting
49,35.8,85,1,Fainting
51,35.8,93,0,Fainting
30,36.4,94,0,Fainting
57,36.2,89,1,Fainting
35,36.1,90,1,Fainting
35,36,94,1,Fainting
45,36.4,93,0,Fainting
50,36.2,87,0,Fainting
30,35.9,85,0,Fainting
45,36.1,93,0,Fainting
35,35.6,89,0,Fainting
46,36.1,87,0,Fainting
64,36.5,78,2,Hypoxia
69,36.1,77,1,Hypoxia
67,36.9,70,0,Hypoxia
80,36.4,85,0,Hypoxia
99,36.9,70,0,Hypoxia
82,37,88,2,Hypoxia
93,36.1,80,2,Hypoxia
74,36.4,82,0,Hypoxia
87,36.6,82,1,Hypoxia
64,36.4,76,2,Hypoxia
69,36.9,80,1,Hypoxia
84,37,83,1,Hypoxia
72,36.1,71,0,Hypoxia
81,36.5,80,2,Hypoxia
78,36.4,85,0,Hypoxia
82,37,90,0,Hypoxia
95,36.7,72,1,Hypoxia
97,36.9,79,0,Hypoxia
74,36.5,85,2,Hypoxia
96,36.4,91,1,Hypoxia
142,37.4,96,8,Running
171,37.8,92,10,Running
124,37.4,93,9,Running
154,37.9,94,9,Running
145,37.1,97,10,Running
124,37.2,95,10,Running
139,37.7,96,9,Running
138,37.3,92,9,Running
130,37.2,96,8,Running
133,37.8,95,9,Running
104,37.1,94,5,Stress/Panic
117,36.8,93,4,Stress/Panic
103,36.7,94,5,Stress/Panic
130,36.5,95,2,Stress/Panic
102,36.9,94,2,Stress/Panic
111,37,93,3,Stress/Panic
100,36.7,95,4,Stress/Panic
130,37.1,93,2,Stress/Panic
111,36.9,96,5,Stress/Panic
119,37,93,3,Stress/Panic
52,35.8,90,0,Fainting
41,35.7,92,0,Fainting
31,35.7,92,1,Fainting
37,36.4,95,1,Fainting
38,35.7,91,0,Fainting
59,36.4,87,0,Fainting
48,35.5,92,1,Fainting
54,35.9,88,0,Fainting
40,35.6,86,1,Fainting
48,36.4,87,0,Fainting
96,36.8,99,4,Walking
108,36.8,96,5,Walking
94,37.2,97,5,Walking
97,37,96,6,Walking
83,37.2,97,5,Walking
95,37.1,100,4,Walking
90,37,95,6,Walking
94,37.2,98,7,Walking
109,37.2,96,6,Walking
84,36.8,96,4,Walking
114,37.4,98,1,Post-Workout
101,37.1,96,2,Post-Workout
100,37.4,99,3,Post-Workout
92,37.3,95,1,Post-Workout
104,37.5,98,2,Post-Workout
98,37.1,100,2,Post-Workout
105,37.3,95,2,Post-Workout
95,37.4,97,2,Post-Workout
116,37.3,95,1,Post-Workout
91,37.2,99,2,Post-Workout
105,37.1,96,2,Stress/Panic
102,36.8,96,5,Stress/Panic
130,36.6,94,4,Stress/Panic
127,36.7,96,3,Stress/Panic
127,36.8,96,5,Stress/Panic
116,36.8,93,5,Stress/Panic
127,37.1,95,2,Stress/Panic
104,36.8,95,3,Stress/Panic
128,36.6,93,4,Stress/Panic
129,36.8,95,4,Stress/Panic
113,37.4,91,10,Seizure
98,36.5,88,10,Seizure
135,37.3,94,9,Seizure
100,37.1,88,10,Seizure
135,37.1,94,9,Seizure
137,37.1,91,9,Seizure
138,36.5,94,10,Seizure
96,37.3,89,10,Seizure
96,36.8,93,9,Seizure
96,36.5,89,10,Seizure
61,36.8,97,1,Awake/Idle
71,37,100,2,Awake/Idle
65,36.7,99,2,Awake/Idle
65,36.9,98,3,Awake/Idle
64,36.6,96,2,Awake/Idle
60,36.8,98,1,Awake/Idle
77,36.8,96,3,Awake/Idle
77,36.7,95,2,Awake/Idle
66,36.7,96,1,Awake/Idle
78,37,99,3,Awake/Idle
39,36.1,94,0,Fainting
39,35.5,91,0,Fainting
49,35.7,87,0,Fainting
49,36.1,95,0,Fainting
34,35.8,92,0,Fainting
58,35.6,95,1,Fainting
35,36.3,93,0,Fainting
46,35.9,93,0,Fainting
36,36.2,90,0,Fainting
54,35.9,91,0,Fainting
94,36.6,89,2,Hypoxia
97,36.7,85,1,Hypoxia
96,36.1,75,2,Hypoxia
95,37,89,0,Hypoxia
60,36.9,72,2,Hypoxia
71,36.8,88,2,Hypoxia
73,36.9,77,1,Hypoxia
75,36.3,82,0,Hypoxia
92,37,81,0,Hypoxia
68,36.9,88,0,Hypoxia
75,36.9,73,1,Hypoxia
93,36.3,76,1,Hypoxia
73,36,75,1,Hypoxia
97,36.4,72,1,Hypoxia
87,36.5,86,2,Hypoxia
90,36.4,85,1,Hypoxia
65,36.7,72,1,Hypoxia
96,36.8,88,1,Hypoxia
78,36.4,89,2,Hypoxia
79,36.1,81,2,Hypoxia
108,36.7,90,10,Seizure
99,37.3,94,9,Seizure
114,37.1,93,10,Seizure
106,37.1,95,9,Seizure
125,36.9,94,9,Seizure
123,37.2,93,9,Seizure
131,37.2,88,10,Seizure
126,37,93,9,Seizure
140,37.4,88,10,Seizure
106,37.2,95,9,Seizure
85,36.4,87,1,Hypoxia
61,36.8,70,1,Hypoxia
93,36.7,81,2,Hypoxia
87,36.1,77,2,Hypoxia
88,37,75,0,Hypoxia
84,36.4,91,2,Hypoxia
61,37,75,1,Hypoxia
95,36.1,83,2,Hypoxia
76,36.6,76,0,Hypoxia
67,36.3,75,0,Hypoxia
74,36.7,95,3,Awake/Idle
62,36.6,98,3,Awake/Idle
70,36.5,100,3,Awake/Idle
72,36.8,100,1,Awake/Idle
64,36.6,100,3,Awake/Idle
67,36.9,98,1,Awake/Idle
67,36.9,99,2,Awake/Idle
71,36.8,96,1,Awake/Idle
71,36.7,99,1,Awake/Idle
71,36.9,97,2,Awake/Idle
36,35.8,89,0,Unconscious
45,35.9,90,1,Unconscious
33,36,80,1,Unconscious
31,35.1,87,0,Unconscious
40,35.6,90,0,Unconscious
43,36.5,87,1,Unconscious
43,36.5,84,1,Unconscious
42,36.1,81,1,Unconscious
44,35.6,86,1,Unconscious
43,35.8,89,1,Unconscious
81,36.4,72,1,Hypoxia
69,36.3,90,2,Hypoxia
77,36,90,2,Hypoxia
95,36.5,70,1,Hypoxia
66,36.1,82,2,Hypoxia
61,36.4,73,0,Hypoxia
95,36.3,81,1,Hypoxia
86,36.9,87,0,Hypoxia
91,36.7,71,0,Hypoxia
60,36.6,71,2,Hypoxia
119,37.5,95,3,Post-Workout
115,37,96,1,Post-Workout
116,37.1,99,1,Post-Workout
91,37.2,97,2,Post-Workout
94,37.3,98,2,Post-Workout
109,37.1,97,2,Post-Workout
116,37.1,97,3,Post-Workout
113,37.3,98,1,Post-Workout
95,37.5,98,1,Post-Workout
107,37.2,96,3,Post-Workout
122,36.7,93,10,Seizure
124,37.1,91,10,Seizure
119,36.5,90,9,Seizure
114,36.6,93,9,Seizure
102,37.3,95,10,Seizure
101,37.1,94,9,Seizure
122,36.7,93,9,Seizure
119,37.2,95,10,Seizure
97,36.7,88,9,Seizure
118,37.1,94,10,Seizure
63,36.6,99,0,Sleeping
59,36.4,98,1,Sleeping
55,36.6,98,0,Sleeping
53,36.3,96,0,Sleeping
50,36.2,99,0,Sleeping
52,36,100,1,Sleeping
51,36.3,97,1,Sleeping
53,36.4,96,1,Sleeping
62,36.6,95,1,Sleeping
51,36.6,100,0,Sleeping
101,37,96,4,Walking
97,36.9,97,5,Walking
108,36.8,97,5,Walking
83,36.7,95,6,Walking
87,36.9,97,7,Walking
109,36.7,96,7,Walking
99,36.7,97,5,Walking
97,37.2,95,5,Walking
81,36.8,98,5,Walking
110,36.9,100,5,Walking
151,37.4,93,9,Running
144,37.8,96,8,Running
151,37.7,92,8,Running
158,37,97,9,Running
151,37.7,92,10,Running
165,37,98,8,Running
133,37.9,96,10,Running
167,37.2,95,9,Running
124,37.3,92,9,Running
143,37.8,95,9,Running
125,36.8,90,9,Seizure
113,37.3,88,10,Seizure
140,37,90,9,Seizure
132,36.8,93,10,Seizure
92,37.2,88,9,Seizure
133,37,95,10,Seizure
96,36.7,88,9,Seizure
126,36.5,94,9,Seizure
139,36.7,88,9,Seizure
126,36.9,88,9,Seizure
55,36.5,97,0,Sleeping
61,36.5,97,0,Sleeping
55,36.3,99,0,Sleeping
59,36.6,95,1,Sleeping
58,36.6,97,1,Sleeping
50,36.6,99,0,Sleeping
53,36.7,97,0,Sleeping
57,36.6,95,1,Sleeping
55,36.5,98,0,Sleeping
56,36.5,96,1,Sleeping
49,35.3,87,1,Unconscious
40,36.3,88,1,Unconscious
49,35.1,88,1,Unconscious
49,35.9,84,1,Unconscious
42,35.8,84,1,Unconscious
50,35.6,89,0,Unconscious
45,35.6,82,1,Unconscious
42,35.5,80,0,Unconscious
31,35.1,89,1,Unconscious
42,35.7,83,0,Unconscious
135,37,93,10,Seizure
117,37.1,89,9,Seizure
104,36.9,95,10,Seizure
107,36.9,90,9,Seizure
104,36.7,88,9,Seizure
99,37.2,89,10,Seizure
94,37,89,10,Seizure
104,37,88,10,Seizure
112,36.8,92,10,Seizure
94,37.2,88,9,Seizure
99,37.5,94,10,Seizure
120,37.2,95,10,Seizure
133,36.7,88,9,Seizure
135,36.6,90,10,Seizure
135,36.9,88,9,Seizure
99,36.8,93,9,Seizure
138,37.4,93,10,Seizure
92,37,95,9,Seizure
119,36.5,93,9,Seizure
96,36.8,95,9,Seizure
52,36.6,97,0,Meditation
68,36.5,100,0,Meditation
60,36.9,99,1,Meditation
58,36.6,99,1,Meditation
65,36.9,96,1,Meditation
53,36.6,100,1,Meditation
60,36.8,95,0,Meditation
68,36.8,97,1,Meditation
69,36.5,100,0,Meditation
53,36.5,100,0,Meditation
77,36.8,74,2,Hypoxia
75,36.7,84,2,Hypoxia
87,36.1,81,0,Hypoxia
99,36.1,85,2,Hypoxia
87,36.9,89,0,Hypoxia
70,36.2,86,1,Hypoxia
84,36.3,73,2,Hypoxia
67,36.8,84,1,Hypoxia
81,36.9,75,2,Hypoxia
80,36.7,89,0,Hypoxia
120,37.9,94,8,Running
170,37.2,98,9,Running
179,37.3,95,9,Running
149,37.8,93,9,Running
155,37.8,98,10,Running
123,37.1,95,9,Running
120,37.7,96,9,Running
154,37.9,92,10,Running
170,37.9,92,8,Running
179,37.6,98,9,Running
117,37.2,90,10,Seizure
112,37.2,88,9,Seizure
90,37.1,93,10,Seizure
122,36.8,89,9,Seizure
102,37.4,95,10,Seizure
126,37.5,88,10,Seizure
129,37.1,88,10,Seizure
103,37.4,94,9,Seizure
124,37.1,95,9,Seizure
104,37.1,88,9,Seizure
111,37.1,94,3,Stress/Panic
108,36.5,93,2,Stress/Panic
130,36.6,93,3,Stress/Panic
113,36.9,94,4,Stress/Panic
103,36.8,94,5,Stress/Panic
101,36.5,94,4,Stress/Panic
109,37,93,5,Stress/Panic
100,36.7,95,4,Stress/Panic
103,37.2,96,2,Stress/Panic
111,37.1,95,4,Stress/Panic
37,35.2,80,0,Unconscious
36,35.9,85,1,Unconscious
49,35.2,88,1,Unconscious
38,36.2,89,0,Unconscious
48,35.7,81,0,Unconscious
48,36,81,0,Unconscious
43,36.3,80,1,Unconscious
44,35,90,0,Unconscious
49,36.1,82,1,Unconscious
44,36.3,84,1,Unconscious
84,36.8,99,7,Walking
105,37.1,98,6,Walking
109,36.8,98,4,Walking
89,37,96,7,Walking
81,36.8,98,5,Walking
98,37.1,98,6,Walking
88,36.8,99,5,Walking
105,36.9,98,4,Walking
98,37,96,5,Walking
86,36.9,100,4,Walking
66,36.7,97,2,Awake/Idle
72,36.8,96,2,Awake/Idle
64,36.7,99,2,Awake/Idle
75,36.8,95,2,Awake/Idle
60,36.9,100,1,Awake/Idle
67,36.6,97,1,Awake/Idle
72,36.9,99,2,Awake/Idle
78,36.8,100,2,Awake/Idle
61,36.5,98,3,Awake/Idle
62,36.6,98,1,Awake/Idle
138,36.9,88,10,Seizure
127,37.2,91,10,Seizure
122,37.1,90,9,Seizure
118,37.2,93,10,Seizure
134,36.9,88,9,Seizure
101,36.5,89,10,Seizure
101,37.2,92,10,Seizure
99,37.1,94,9,Seizure
138,36.6,94,9,Seizure
125,37,94,10,Seizure
153,37.4,94,9,Running
125,37.2,95,9,Running
171,37.2,93,9,Running
159,37.8,94,10,Running
140,37.5,93,9,Running
138,37.4,92,8,Running
177,37.8,98,10,Running
120,37.4,96,9,Running
128,37.8,95,9,Running
178,37.5,93,8,Running
63,36.6,97,1,Sleeping
65,36.3,100,1,Sleeping
53,36.3,99,1,Sleeping
50,36.6,100,0,Sleeping
52,36.7,96,0,Sleeping
62,36,95,1,Sleeping
61,36.6,98,0,Sleeping
58,36.1,98,1,Sleeping
61,36.1,97,1,Sleeping
58,36.4,100,0,Sleeping
106,37.5,95,3,Post-Workout
104,37.2,100,2,Post-Workout
106,37,100,1,Post-Workout
93,37.3,98,3,Post-Workout
93,37.5,97,3,Post-Workout
107,37.3,99,1,Post-Workout
108,37.4,95,1,Post-Workout
111,37.2,98,3,Post-Workout
91,37,97,3,Post-Workout
107,37.2,100,3,Post-Workout
109,37.3,96,3,Post-Workout
111,37.3,98,1,Post-Workout
106,37.1,99,3,Post-Workout
105,37.2,99,2,Post-Workout
110,37.3,100,1,Post-Workout
91,37,97,1,Post-Workout
99,37.5,98,3,Post-Workout
96,37.5,98,2,Post-Workout
107,37.1,99,1,Post-Workout
106,37.2,100,1,Post-Workout
143,37.4,93,10,Running
132,37,97,8,Running
166,37.2,93,10,Running
148,37.5,96,10,Running
154,37.5,93,8,Running
155,37.9,95,8,Running
152,37.8,98,8,Running
124,37.5,92,8,Running
136,37.1,95,10,Running
129,37.7,92,10,Running
62,36.6,95,1,Meditation
69,36.8,99,0,Meditation
54,36.8,99,0,Meditation
66,36.6,95,0,Meditation
67,36.5,100,1,Meditation
64,36.5,100,0,Meditation
62,36.7,98,0,Meditation
63,36.8,95,0,Meditation
67,36.7,100,1,Meditation
70,36.7,97,0,Meditation
158,37.6,92,10,Running
159,37.5,93,10,Running
173,37.3,92,10,Running
168,37.9,95,10,Running
122,37.9,92,8,Running
138,37.4,97,9,Running
167,37.3,92,9,Running
174,37.5,92,9,Running
179,37.3,95,9,Running
180,37.4,94,10,Running
103,37.1,99,2,Post-Workout
106,37.2,96,1,Post-Workout
90,37.4,99,3,Post-Workout
94,37.2,96,3,Post-Workout
93,37.2,98,1,Post-Workout
102,37.4,98,2,Post-Workout
111,37.4,95,3,Post-Workout
92,37.3,100,2,Post-Workout
111,37.2,95,1,Post-Workout
92,37.3,96,3,Post-Workout
60,36.8,97,0,Meditation
61,36.7,100,1,Meditation
53,36.8,97,1,Meditation
59,36.7,99,1,Meditation
68,36.9,100,1,Meditation
64,36.8,98,1,Meditation
59,36.5,98,0,Meditation
63,36.6,99,1,Meditation
63,36.6,100,1,Meditation
56,36.8,97,0,Meditation
78,36.8,97,2,Awake/Idle
71,36.7,100,1,Awake/Idle
63,36.8,97,2,Awake/Idle
66,36.5,96,2,Awake/Idle
75,36.6,98,2,Awake/Idle
71,36.6,99,2,Awake/Idle
70,36.8,100,3,Awake/Idle
77,36.7,95,3,Awake/Idle
71,36.8,99,3,Awake/Idle
78,36.7,97,1,Awake/Idle
43,36.5,88,0,Fainting
40,36.4,90,1,Fainting
31,35.7,90,0,Fainting
43,35.8,95,1,Fainting
48,36,95,0,Fainting
50,36.1,90,0,Fainting
44,35.6,87,0,Fainting
38,36.2,91,0,Fainting
47,35.6,88,0,Fainting
42,35.7,92,0,Fainting
61,36.6,95,3,Awake/Idle
62,36.6,100,1,Awake/Idle
66,36.6,97,3,Awake/Idle
73,36.8,98,1,Awake/Idle
74,36.9,97,1,Awake/Idle
77,36.5,98,1,Awake/Idle
73,36.9,98,3,Awake/Idle
68,36.8,99,3,Awake/Idle
76,36.9,95,3,Awake/Idle
70,36.8,96,3,Awake/Idle
96,37.4,95,2,Post-Workout
99,37.2,99,3,Post-Workout
116,37.2,98,1,Post-Workout
97,37.1,99,3,Post-Workout
93,37.5,99,3,Post-Workout
94,37.2,95,3,Post-Workout
95,37.4,97,3,Post-Workout
96,37.2,99,2,Post-Workout
109,37.5,95,2,Post-Workout
114,37.2,99,2,Post-Workout
110,37,98,7,Walking
89,37.1,96,4,Walking
98,37.1,95,4,Walking
84,36.8,97,5,Walking
92,37,95,6,Walking
103,36.8,95,7,Walking
105,36.9,99,7,Walking
98,37.2,96,7,Walking
83,37.2,97,6,Walking
106,36.8,99,4,Walking
94,36.8,81,0,Hypoxia
73,36.3,73,1,Hypoxia
91,36.4,88,1,Hypoxia
64,36.8,86,0,Hypoxia
86,36.8,75,0,Hypoxia
98,37,91,2,Hypoxia
64,36.3,77,0,Hypoxia
68,36.1,91,0,Hypoxia
84,36.3,91,0,Hypoxia
76,36.4,86,0,Hypoxia
123,37,96,4,Stress/Panic
109,36.9,96,5,Stress/Panic
116,36.6,94,4,Stress/Panic
107,36.5,93,5,Stress/Panic
123,36.5,96,4,Stress/Panic
113,37.1,93,4,Stress/Panic
104,36.6,93,2,Stress/Panic
103,36.7,93,5,Stress/Panic
106,37.1,94,2,Stress/Panic
115,36.9,95,5,Stress/Panic
97,36.8,98,5,Walking
103,36.9,99,7,Walking
104,36.9,98,4,Walking
93,36.9,99,5,Walking
98,37.2,98,4,Walking
98,37.2,100,4,Walking
89,36.9,96,5,Walking
86,36.9,98,4,Walking
99,36.8,98,7,Walking
93,37.1,99,7,Walking
73,36.7,100,1,Awake/Idle
77,36.9,99,3,Awake/Idle
69,36.9,95,3,Awake/Idle
73,36.8,100,1,Awake/Idle
71,36.6,95,1,Awake/Idle
72,36.9,100,2,Awake/Idle
77,37,100,1,Awake/Idle
74,36.7,98,1,Awake/Idle
71,36.6,99,2,Awake/Idle
79,36.7,99,1,Awake/Idle
168,37.4,94,10,Running
123,37.2,92,9,Running
139,38,98,8,Running
177,37,98,9,Running
175,38,94,9,Running
164,37.9,95,8,Running
144,37.5,93,10,Running
180,37.3,94,8,Running
167,37.4,96,9,Running
145,37,98,10,Running
41,36.4,81,0,Unconscious
36,35.1,84,0,Unconscious
33,35.1,83,0,Unconscious
42,35.9,87,0,Unconscious
48,36,84,1,Unconscious
42,36.5,88,1,Unconscious
48,35.5,83,0,Unconscious
37,35.8,90,1,Unconscious
34,36.2,89,1,Unconscious
47,36.3,86,1,Unconscious
59,36.7,100,0,Meditation
54,36.6,99,0,Meditation
50,36.7,97,1,Meditation
59,36.6,99,1,Meditation
66,36.7,96,0,Meditation
69,36.9,99,0,Meditation
50,36.8,99,0,Meditation
70,36.6,100,1,Meditation
51,36.7,96,1,Meditation
65,36.5,100,1,Meditation
65,36.3,90,1,Hypoxia
61,36.1,70,0,Hypoxia
99,36.4,77,2,Hypoxia
67,36.5,83,1,Hypoxia
64,36.1,82,1,Hypoxia
70,36.2,84,1,Hypoxia
94,36.2,78,2,Hypoxia
97,36.7,84,0,Hypoxia
61,36.5,86,0,Hypoxia
93,36.3,78,1,Hypoxia
110,37.4,96,1,Post-Workout
111,37.3,98,1,Post-Workout
113,37.4,99,3,Post-Workout
119,37.1,96,1,Post-Workout
94,37.4,96,3,Post-Workout
119,37.1,97,3,Post-Workout
113,37.3,98,1,Post-Workout
94,37.2,100,2,Post-Workout
112,37.4,99,3,Post-Workout
110,37.3,98,1,Post-Workout
62,36.8,99,0,Meditation
50,36.9,97,1,Meditation
70,36.7,97,0,Meditation
53,36.9,97,0,Meditation
65,36.7,96,0,Meditation
53,36.8,100,1,Meditation
68,36.6,95,0,Meditation
64,36.7,100,1,Meditation
50,36.5,95,0,Meditation
51,36.8,98,1,Meditation
92,36,74,0,Hypoxia
81,36.1,82,2,Hypoxia
84,36.1,79,0,Hypoxia
60,36.4,70,1,Hypoxia
60,36.4,78,2,Hypoxia
85,36,90,1,Hypoxia
64,36.5,78,0,Hypoxia
98,36.5,85,2,Hypoxia
67,36.8,75,2,Hypoxia
82,36.4,86,0,Hypoxia
97,37.2,100,2,Post-Workout
95,37.3,95,3,Post-Workout
109,37.4,98,3,Post-Workout
115,37.4,95,1,Post-Workout
108,37.4,98,1,Post-Workout
96,37.3,100,2,Post-Workout
113,37,98,3,Post-Workout
120,37,99,3,Post-Workout
93,37.3,99,1,Post-Workout
107,37.1,100,3,Post-Workout
64,36.9,97,1,Meditation
53,36.9,100,1,Meditation
50,36.7,100,0,Meditation
53,36.5,95,0,Meditation
57,36.9,97,0,Meditation
53,36.9,95,0,Meditation
66,36.9,97,0,Meditation
67,36.6,100,0,Meditation
58,36.7,96,0,Meditation
66,36.5,96,1,Meditation
72,36.8,98,2,Awake/Idle
77,36.9,96,1,Awake/Idle
73,36.9,99,1,Awake/Idle
74,36.7,95,2,Awake/Idle
72,36.7,99,3,Awake/Idle
69,36.8,98,1,Awake/Idle
79,36.9,95,3,Awake/Idle
75,36.6,97,1,Awake/Idle
75,36.8,98,2,Awake/Idle
75,36.7,99,3,Awake/Idle
136,37.3,94,8,Running
121,37.3,94,8,Running
165,37.5,96,8,Running
138,37.5,97,10,Running
139,37.4,92,8,Running
154,37.9,98,8,Running
127,37.3,95,8,Running
132,37.2,92,8,Running
168,37.9,97,10,Running
169,37.1,97,9,Running
117,37,94,4,Stress/Panic
123,37,94,3,Stress/Panic
101,36.6,96,5,Stress/Panic
106,36.8,95,5,Stress/Panic
118,36.7,95,3,Stress/Panic
118,37,95,5,Stress/Panic
121,37,95,4,Stress/Panic
120,36.5,95,5,Stress/Panic
101,37,96,3,Stress/Panic
103,37.1,96,3,Stress/Panic
122,36.6,93,2,Stress/Panic
120,36.7,96,4,Stress/Panic
106,37.1,96,5,Stress/Panic
116,36.9,94,5,Stress/Panic
103,36.9,96,5,Stress/Panic
124,36.7,93,2,Stress/Panic
108,36.8,96,5,Stress/Panic
122,36.6,96,2,Stress/Panic
130,37,95,4,Stress/Panic
111,36.9,96,2,Stress/Panic
128,37.4,97,10,Running
172,37.9,96,10,Running
175,37.8,97,8,Running
153,37.8,94,8,Running
138,37.6,95,10,Running
129,37,97,10,Running
144,37.2,94,10,Running
128,37.6,96,10,Running
151,37,97,10,Running
173,37.6,96,10,Running
55,36.4,98,0,Sleeping
57,36.4,99,0,Sleeping
61,36.2,97,1,Sleeping
56,36.3,95,0,Sleeping
55,36.6,96,1,Sleeping
52,36,100,1,Sleeping
54,36.2,100,0,Sleeping
63,36.5,100,1,Sleeping
61,36,95,1,Sleeping
56,36.5,96,0,Sleeping
39,36.2,88,1,Unconscious
43,36.2,82,1,Unconscious
45,36.2,83,0,Unconscious
40,36.4,81,1,Unconscious
38,35.3,88,1,Unconscious
50,35.7,80,0,Unconscious
33,36.4,88,0,Unconscious
39,35.6,87,0,Unconscious
49,35.3,90,1,Unconscious
45,35.8,89,0,Unconscious
93,36.9,72,1,Hypoxia
62,36.4,73,2,Hypoxia
70,36.1,86,0,Hypoxia
99,36.9,78,2,Hypoxia
60,36.4,72,1,Hypoxia
75,36.9,76,0,Hypoxia
83,36.5,90,0,Hypoxia
66,36.1,70,2,Hypoxia
68,36.4,77,1,Hypoxia
65,36.9,80,2,Hypoxia
90,37.3,97,3,Post-Workout
108,37.2,97,2,Post-Workout
112,37.2,98,2,Post-Workout
108,37.3,99,3,Post-Workout
94,37.2,96,3,Post-Workout
115,37.4,98,3,Post-Workout
100,37.1,98,2,Post-Workout
97,37.1,95,2,Post-Workout
104,37.3,96,1,Post-Workout
97,37,96,1,Post-Workout
51,35.8,92,0,Fainting
33,36.4,87,0,Fainting
58,35.5,90,1,Fainting
42,36,93,1,Fainting
59,36.2,88,1,Fainting
50,35.8,89,0,Fainting
54,36.4,91,1,Fainting
48,35.5,91,1,Fainting
59,35.9,94,0,Fainting
47,35.8,87,1,Fainting
56,36.7,97,0,Sleeping
58,36.2,96,1,Sleeping
56,36.2,96,1,Sleeping
59,36.2,98,1,Sleeping
53,36.7,100,0,Sleeping
64,36.2,98,0,Sleeping
60,36.4,96,1,Sleeping
51,36.1,95,0,Sleeping
56,36.4,100,1,Sleeping
62,36,100,0,Sleeping
58,36.8,98,1,Meditation
53,36.7,96,1,Meditation
61,36.5,96,1,Meditation
61,36.8,97,0,Meditation
67,36.8,99,1,Meditation
65,36.6,98,1,Meditation
60,36.6,98,0,Meditation
65,36.8,100,0,Meditation
63,36.9,96,0,Meditation
66,36.5,95,0,Meditation
143,38,98,10,Running
129,37.7,94,9,Running
164,37.6,96,10,Running
168,37.5,92,8,Running
154,37.4,93,8,Running
141,37.2,94,10,Running
164,37.4,96,8,Running
139,37.6,94,9,Running
167,37.7,94,9,Running
141,38,95,8,Running
32,36.1,83,1,Unconscious
40,35.3,88,1,Unconscious
36,36.2,81,0,Unconscious
32,35.9,82,0,Unconscious
35,35.2,85,0,Unconscious
43,35.9,82,1,Unconscious
33,35.2,87,0,Unconscious
35,36.3,86,1,Unconscious
49,35.2,83,1,Unconscious
38,36.2,86,1,Unconscious
60,36.8,98,0,Meditation
65,36.6,96,1,Meditation
62,36.7,100,0,Meditation
57,36.7,95,1,Meditation
68,36.7,95,0,Meditation
59,36.5,96,0,Meditation
59,36.6,99,0,Meditation
50,36.8,99,1,Meditation
56,36.9,97,0,Meditation
69,36.6,98,0,Meditation
84,36.8,82,1,Hypoxia
70,36.8,74,1,Hypoxia
76,36.6,72,1,Hypoxia
86,36.8,83,2,Hypoxia
80,36,80,1,Hypoxia
81,36.4,87,1,Hypoxia
93,37,70,0,Hypoxia
86,36.4,75,0,Hypoxia
62,36.4,90,1,Hypoxia
83,37,77,2,Hypoxia
63,36.1,73,1,Hypoxia
91,36.6,70,0,Hypoxia
64,36.6,91,0,Hypoxia
64,36.6,75,2,Hypoxia
82,36.6,70,2,Hypoxia
97,36.7,70,1,Hypoxia
78,36.8,81,1,Hypoxia
85,36.2,85,1,Hypoxia
84,36.4,91,0,Hypoxia
98,36.6,70,1,Hypoxia
63,36,97,0,Sleeping
55,36,97,0,Sleeping
55,36.7,95,0,Sleeping
61,36.3,95,0,Sleeping
55,36.6,100,1,Sleeping
51,36.6,97,1,Sleeping
61,36.7,99,1,Sleeping
51,36.3,100,0,Sleeping
51,36.2,95,0,Sleeping
54,36,98,0,Sleeping
57,35.5,95,0,Fainting
55,35.6,87,1,Fainting
53,35.7,90,0,Fainting
60,35.9,91,1,Fainting
44,35.5,88,1,Fainting
40,36.2,94,0,Fainting
32,35.6,89,1,Fainting
59,36.2,91,0,Fainting
48,35.9,94,1,Fainting
45,36.4,85,1,Fainting
112,36.7,94,2,Stress/Panic
120,37.2,95,5,Stress/Panic
118,37.2,96,5,Stress/Panic
120,36.7,93,5,Stress/Panic
126,37,95,5,Stress/Panic
125,37.1,95,5,Stress/Panic
121,36.6,94,2,Stress/Panic
126,37.2,94,4,Stress/Panic
124,37,95,4,Stress/Panic
118,36.7,94,5,Stress/Panic
120,37.5,94,10,Seizure
119,36.6,90,9,Seizure
129,36.7,95,9,Seizure
103,37.4,94,10,Seizure
127,36.8,89,9,Seizure
103,36.6,95,10,Seizure
134,37,95,9,Seizure
132,37.3,95,10,Seizure
136,37.4,88,10,Seizure
113,37.1,92,9,Seizure
46,35.1,84,1,Unconscious
48,36.1,83,1,Unconscious
49,35.6,89,0,Unconscious
41,36.3,90,0,Unconscious
41,36.4,86,0,Unconscious
48,35.3,83,1,Unconscious
38,35.7,87,0,Unconscious
39,36.4,84,0,Unconscious
32,35.5,86,0,Unconscious
48,35.9,85,0,Unconscious
100,37.4,97,3,Post-Workout
94,37.3,97,1,Post-Workout
102,37.4,96,3,Post-Workout
99,37,98,1,Post-Workout
107,37.3,100,2,Post-Workout
120,37,98,1,Post-Workout
99,37.5,97,2,Post-Workout
120,37.5,96,2,Post-Workout
96,37.4,96,2,Post-Workout
93,37.1,97,1,Post-Workout
120,37.3,95,1,Post-Workout
97,37.2,100,2,Post-Workout
106,37,99,3,Post-Workout
116,37.4,97,1,Post-Workout
96,37,96,3,Post-Workout
107,37.1,100,1,Post-Workout
95,37.1,95,1,Post-Workout
108,37.1,96,2,Post-Workout
105,37.3,99,2,Post-Workout
94,37.3,97,3,Post-Workout
57,36.7,98,0,Meditation
69,36.8,98,1,Meditation
60,36.6,99,0,Meditation
69,36.8,99,0,Meditation
68,36.6,96,0,Meditation
70,36.9,96,0,Meditation
58,36.8,98,1,Meditation
67,36.8,98,0,Meditation
62,36.7,99,0,Meditation
54,36.8,95,0,Meditation
93,37,96,4,Walking
110,37,99,7,Walking
80,37,99,5,Walking
82,37.2,99,4,Walking
89,37.2,99,6,Walking
85,36.8,100,6,Walking
100,36.9,96,6,Walking
85,37,97,4,Walking
81,37.2,100,4,Walking
110,37,100,6,Walking
56,36.9,97,1,Meditation
64,36.7,95,1,Meditation
51,36.7,98,0,Meditation
63,36.6,100,0,Meditation
55,36.7,95,1,Meditation
51,36.8,98,1,Meditation
53,36.6,100,0,Meditation
69,36.6,96,1,Meditation
53,36.8,97,1,Meditation
68,36.7,100,1,Meditation
99,37.1,96,6,Walking
103,37,95,5,Walking
98,36.9,97,7,Walking
85,36.9,99,5,Walking
98,36.7,97,6,Walking
89,37,99,6,Walking
108,37.1,97,4,Walking
84,36.8,98,6,Walking
100,37,98,6,Walking
103,37.1,100,4,Walking
39,36,81,1,Unconscious
35,35.1,85,0,Unconscious
44,36.3,80,0,Unconscious
31,36.3,80,1,Unconscious
32,35.9,80,0,Unconscious
34,35.2,83,1,Unconscious
38,35.9,85,0,Unconscious
37,35.3,90,0,Unconscious
36,35.6,86,1,Unconscious
31,35.6,87,1,Unconscious
92,36.7,99,7,Walking
102,36.8,95,4,Walking
109,36.9,96,4,Walking
97,37.1,95,7,Walking
89,36.9,97,4,Walking
89,37.2,98,5,Walking
100,36.9,97,4,Walking
97,36.7,100,5,Walking
110,36.9,100,6,Walking
80,36.7,97,7,Walking
61,36.7,95,3,Awake/Idle
68,36.8,100,2,Awake/Idle
68,36.9,97,3,Awake/Idle
70,36.7,97,1,Awake/Idle
66,36.6,99,1,Awake/Idle
69,36.9,96,2,Awake/Idle
65,36.8,98,3,Awake/Idle
66,36.6,96,2,Awake/Idle
76,36.8,99,2,Awake/Idle
77,36.5,99,1,Awake/Idle
168,37.6,97,8,Running
130,37.9,93,8,Running
151,37.7,97,10,Running
135,37.6,94,10,Running
128,37.1,92,8,Running
148,37.6,93,9,Running
172,37.5,93,9,Running
151,37.5,92,8,Running
125,37.4,93,9,Running
138,37.9,98,10,Running
102,36.9,94,4,Stress/Panic
101,36.9,93,4,Stress/Panic
107,36.8,93,2,Stress/Panic
114,36.6,94,2,Stress/Panic
123,36.7,93,4,Stress/Panic
102,37.1,95,5,Stress/Panic
104,36.9,95,3,Stress/Panic
104,36.8,96,4,Stress/Panic
105,36.6,94,5,Stress/Panic
125,36.6,96,2,Stress/Panic
174,37.9,96,8,Running
177,37.9,97,8,Running
154,37.2,93,10,Running
126,37.5,98,9,Running
126,37.8,93,9,Running
159,37.3,95,9,Running
164,37.9,96,10,Running
171,37.2,98,9,Running
134,37.4,97,10,Running
170,37.5,96,8,Running
58,36.1,96,0,Sleeping
60,36.5,95,0,Sleeping
63,36.1,97,0,Sleeping
63,36.1,100,0,Sleeping
51,36,97,1,Sleeping
54,36.3,96,1,Sleeping
61,36.6,97,0,Sleeping
57,36.4,96,1,Sleeping
62,36.1,98,0,Sleeping
58,36.7,97,0,Sleeping
128,37.6,92,10,Running
174,37.3,98,10,Running
154,37,93,10,Running
121,38,93,8,Running
147,37.4,94,9,Running
179,37.5,97,9,Running
169,37.1,93,8,Running
137,37.5,94,10,Running
134,37.8,95,8,Running
128,37.6,96,9,Running
72,36.4,78,1,Hypoxia
64,36.4,73,0,Hypoxia
89,36.2,91,1,Hypoxia
86,36.6,78,2,Hypoxia
60,36.1,75,0,Hypoxia
60,36.5,85,0,Hypoxia
91,36.2,88,1,Hypoxia
71,36.9,90,1,Hypoxia
60,36.5,73,1,Hypoxia
72,36.5,79,0,Hypoxia
64,36.4,100,1,Sleeping
52,36.5,98,0,Sleeping
60,36.2,95,1,Sleeping
57,36.4,96,1,Sleeping
50,36.5,96,1,Sleeping
51,36.4,98,0,Sleeping
56,36.4,99,0,Sleeping
58,36.1,96,1,Sleeping
58,36.5,100,0,Sleeping
57,36.6,95,0,Sleeping
41,36.5,88,1,Unconscious
45,36.1,89,1,Unconscious
44,36.4,83,1,Unconscious
38,35.3,83,1,Unconscious
45,36.1,82,1,Unconscious
41,35.9,84,0,Unconscious
33,36.5,81,1,Unconscious
39,36.1,82,0,Unconscious
47,35,85,1,Unconscious
44,36.4,85,0,Unconscious
91,36,91,1,Hypoxia
60,36.4,78,2,Hypoxia
92,36.7,73,2,Hypoxia
62,36.7,71,2,Hypoxia
88,36.5,91,0,Hypoxia
63,37,74,1,Hypoxia
87,36.5,85,0,Hypoxia
98,36.9,80,2,Hypoxia
93,36.2,84,0,Hypoxia
88,36.8,83,2,Hypoxia
63,36.9,98,1,Awake/Idle
62,36.9,95,3,Awake/Idle
61,36.9,98,3,Awake/Idle
73,36.8,95,1,Awake/Idle
70,37,98,3,Awake/Idle
77,36.7,98,3,Awake/Idle
69,36.7,97,2,Awake/Idle
62,36.6,95,1,Awake/Idle
63,36.5,98,2,Awake/Idle
60,37,100,2,Awake/Idle
131,37.8,92,8,Running
129,38,94,8,Running
127,37.1,92,8,Running
135,37.6,97,10,Running
160,37.6,92,9,Running
166,37.9,98,8,Running
139,38,93,10,Running
158,37.2,98,8,Running
143,37.4,93,8,Running
174,37.4,97,10,Running
163,37.6,94,9,Running
156,37.2,98,8,Running
139,37.8,96,9,Running
175,37.4,94,8,Running
133,37.2,95,8,Running
138,37.8,98,8,Running
129,37.7,93,8,Running
130,37.2,95,8,Running
154,37.9,98,10,Running
175,37.3,92,9,Running
118,37.2,95,2,Stress/Panic
102,37.2,93,3,Stress/Panic
107,36.8,93,4,Stress/Panic
110,36.9,94,2,Stress/Panic
124,36.6,93,4,Stress/Panic
100,36.5,96,3,Stress/Panic
107,37,94,3,Stress/Panic
109,36.8,94,2,Stress/Panic
120,36.7,93,5,Stress/Panic
130,36.6,95,2,Stress/Panic
55,36.1,98,0,Sleeping
52,36.1,97,0,Sleeping
57,36.1,96,0,Sleeping
61,36.1,95,1,Sleeping
60,36.3,99,0,Sleeping
54,36.5,97,1,Sleeping
52,36,99,1,Sleeping
52,36.3,96,0,Sleeping
62,36.1,95,0,Sleeping
53,36.1,99,0,Sleeping
98,37.2,100,3,Post-Workout
114,37.1,97,2,Post-Workout
108,37.1,99,1,Post-Workout
93,37.4,98,3,Post-Workout
98,37.3,99,2,Post-Workout
96,37.1,98,1,Post-Workout
119,37.4,99,2,Post-Workout
109,37.3,97,3,Post-Workout
106,37.5,99,2,Post-Workout
97,37.3,97,3,Post-Workout
86,36.2,76,0,Hypoxia
74,36.6,87,0,Hypoxia
96,36.5,86,2,Hypoxia
64,36.8,82,0,Hypoxia
72,37,83,0,Hypoxia
98,36.3,82,2,Hypoxia
97,36.7,75,0,Hypoxia
64,36.2,75,1,Hypoxia
86,36.4,83,0,Hypoxia
60,36.3,91,1,Hypoxia
97,37.5,100,1,Post-Workout
109,37.2,98,3,Post-Workout
114,37.5,99,2,Post-Workout
116,37.2,98,2,Post-Workout
95,37.2,98,1,Post-Workout
101,37.2,95,3,Post-Workout
107,37,100,2,Post-Workout
97,37.3,95,2,Post-Workout
106,37.3,100,3,Post-Workout
102,37.3,100,3,Post-Workout
100,37.1,96,2,Post-Workout
100,37.2,99,3,Post-Workout
104,37.3,98,3,Post-Workout
120,37.4,98,3,Post-Workout
115,37.1,97,2,Post-Workout
103,37.2,96,1,Post-Workout
100,37.4,98,1,Post-Workout
115,37.2,99,3,Post-Workout
99,37.2,96,2,Post-Workout
109,37.5,99,3,Post-Workout
132,37,91,10,Seizure
137,36.7,95,9,Seizure
104,37.3,95,10,Seizure
127,36.5,90,9,Seizure
126,37.3,91,10,Seizure
125,37.3,95,10,Seizure
123,37,89,9,Seizure
139,37.1,91,10,Seizure
90,36.6,91,10,Seizure
101,36.7,94,9,Seizure
103,36.8,100,4,Walking
106,37,98,5,Walking
110,37,95,6,Walking
80,37.1,95,6,Walking
98,37,100,7,Walking
94,36.8,97,4,Walking
91,37.2,98,4,Walking
103,36.8,100,6,Walking
102,37.1,96,6,Walking
106,37.2,96,6,Walking
174,37,93,10,Running
177,37.6,95,9,Running
154,37.2,97,8,Running
174,37.1,94,10,Running
169,37.6,93,10,Running
123,37.7,96,9,Running
129,37.3,97,8,Running
133,37.7,97,10,Running
133,37.9,96,8,Running
162,37.8,98,10,Running
67,36.9,84,2,Hypoxia
97,36.6,70,0,Hypoxia
87,36.6,90,0,Hypoxia
99,36.5,70,2,Hypoxia
86,36.4,81,2,Hypoxia
74,36.9,84,2,Hypoxia
63,36.1,79,0,Hypoxia
96,36.5,81,1,Hypoxia
87,36.8,78,1,Hypoxia
66,36.6,75,0,Hypoxia
60,36.9,99,3,Awake/Idle
69,36.5,100,2,Awake/Idle
70,36.5,97,3,Awake/Idle
77,36.5,97,1,Awake/Idle
71,36.9,100,2,Awake/Idle
64,36.5,95,1,Awake/Idle
70,36.9,100,2,Awake/Idle
74,36.7,99,2,Awake/Idle
62,36.8,96,3,Awake/Idle
75,36.6,97,3,Awake/Idle
99,37.4,100,1,Post-Workout
107,37.2,97,2,Post-Workout
120,37.3,97,3,Post-Workout
110,37.3,95,2,Post-Workout
90,37.3,96,1,Post-Workout
100,37.4,97,1,Post-Workout
103,37.4,96,2,Post-Workout
103,37.3,95,2,Post-Workout
94,37.2,95,2,Post-Workout
92,37.2,100,2,Post-Workout
125,37.6,98,8,Running
142,37.6,97,8,Running
170,37.3,93,9,Running
159,37.3,98,9,Running
133,37.5,93,9,Running
165,37.5,98,10,Running
139,37.5,98,8,Running
137,37.9,93,8,Running
168,37.3,95,10,Running
165,37,94,8,Running
96,37.2,97,2,Post-Workout
99,37.5,98,2,Post-Workout
97,37.2,96,2,Post-Workout
116,37.2,99,3,Post-Workout
116,37.1,95,2,Post-Workout
90,37.1,99,3,Post-Workout
96,37.1,95,2,Post-Workout
114,37.2,96,3,Post-Workout
113,37.3,99,3,Post-Workout
110,37.3,100,2,Post-Workout
64,36.7,71,2,Hypoxia
70,36,86,0,Hypoxia
73,36,71,1,Hypoxia
62,36.9,91,0,Hypoxia
64,36.3,73,0,Hypoxia
83,36.6,82,1,Hypoxia
85,36.2,88,0,Hypoxia
67,36.6,89,1,Hypoxia
69,36.5,84,0,Hypoxia
65,36.7,78,0,Hypoxia
52,36.2,97,1,Sleeping
62,36.4,99,1,Sleeping
51,36.3,96,0,Sleeping
52,36.3,95,0,Sleeping
52,36.3,97,1,Sleeping
50,36.4,97,1,Sleeping
54,36.5,100,0,Sleeping
61,36.5,100,0,Sleeping
59,36.4,98,1,Sleeping
51,36.4,97,1,Sleeping
179,37.1,93,9,Running
150,37.7,94,10,Running
140,37.7,96,10,Running
134,37.5,96,8,Running
174,37.2,97,8,Running
166,37.4,93,9,Running
123,37.2,95,10,Running
146,37.2,95,10,Running
156,37.9,97,9,Running
145,37.2,92,9,Running
122,37.3,91,10,Seizure
105,36.7,90,10,Seizure
139,37.1,89,10,Seizure
119,36.8,89,9,Seizure
106,36.7,94,9,Seizure
112,36.8,88,10,Seizure
107,36.6,92,10,Seizure
121,36.9,93,10,Seizure
128,36.8,90,10,Seizure
137,36.6,91,9,Seizure
97,36.9,71,2,Hypoxia
60,36.5,71,1,Hypoxia
81,36.3,86,1,Hypoxia
69,36.2,83,0,Hypoxia
68,36.8,72,2,Hypoxia
62,36.7,91,1,Hypoxia
78,36.4,76,1,Hypoxia
68,36.4,74,2,Hypoxia
99,36.7,88,0,Hypoxia
96,36.5,85,2,Hypoxia
94,36.8,96,6,Walking
85,37.1,96,5,Walking
110,36.8,98,7,Walking
103,36.9,97,5,Walking
107,36.9,97,6,Walking
100,37.2,97,4,Walking
106,37.1,100,4,Walking
106,36.8,97,7,Walking
96,36.9,100,5,Walking
105,36.9,95,6,Walking
70,36.8,95,1,Meditation
58,36.5,98,0,Meditation
52,36.8,100,0,Meditation
68,36.6,99,0,Meditation
69,36.6,95,0,Meditation
59,36.6,96,0,Meditation
54,36.8,96,1,Meditation
56,36.6,98,0,Meditation
56,36.6,95,0,Meditation
58,36.7,97,1,Meditation
93,37.3,90,9,Seizure
131,37,94,10,Seizure
122,36.7,92,10,Seizure
110,36.7,92,10,Seizure
103,36.5,92,10,Seizure
106,37.5,88,9,Seizure
135,36.5,88,10,Seizure
138,36.6,95,9,Seizure
96,37.5,88,10,Seizure
120,36.7,93,9,Seizure
110,37.1,96,3,Stress/Panic
116,36.7,94,4,Stress/Panic
124,36.7,94,4,Stress/Panic
104,36.8,94,4,Stress/Panic
122,37.1,96,5,Stress/Panic
110,36.8,93,3,Stress/Panic
124,36.9,95,3,Stress/Panic
130,36.8,93,3,Stress/Panic
107,37,96,3,Stress/Panic
120,37.1,94,2,Stress/Panic
126,37.1,95,2,Stress/Panic
102,36.6,94,2,Stress/Panic
120,36.8,95,3,Stress/Panic
102,36.7,94,3,Stress/Panic
123,37.1,93,4,Stress/Panic
106,36.8,96,5,Stress/Panic
115,37,93,2,Stress/Panic
115,36.8,96,4,Stress/Panic
100,37,96,3,Stress/Panic
109,37.1,94,2,Stress/Panic
70,36.9,99,2,Awake/Idle
73,37,100,3,Awake/Idle
79,36.7,96,3,Awake/Idle
69,36.9,99,2,Awake/Idle
80,36.6,99,3,Awake/Idle
68,36.9,99,3,Awake/Idle
72,36.6,95,3,Awake/Idle
72,36.9,100,2,Awake/Idle
65,36.5,98,1,Awake/Idle
72,36.7,97,1,Awake/Idle
107,36.7,95,7,Walking
94,36.8,95,7,Walking
88,37,95,7,Walking
106,37.1,97,5,Walking
84,36.9,98,7,Walking
106,37.1,96,4,Walking
108,37.1,100,4,Walking
91,37.2,95,6,Walking
95,37.1,97,4,Walking
90,37,99,5,Walking
37,35.7,93,0,Fainting
58,35.9,88,0,Fainting
34,36.2,86,1,Fainting
36,36.1,95,0,Fainting
41,36.1,93,0,Fainting
52,35.8,95,0,Fainting
42,35.9,92,0,Fainting
40,35.7,93,0,Fainting
59,36,94,0,Fainting
36,36.4,87,1,Fainting
92,37,99,7,Walking
106,37.1,95,5,Walking
106,37,95,5,Walking
85,37,96,7,Walking
96,37,99,4,Walking
86,36.9,100,7,Walking
102,36.8,98,7,Walking
84,37.2,97,7,Walking
81,37.2,98,6,Walking
103,37.1,99,5,Walking
64,36.4,72,0,Hypoxia
71,36.1,91,1,Hypoxia
77,36,80,0,Hypoxia
86,36.7,84,2,Hypoxia
87,36.1,84,1,Hypoxia
99,36.9,88,1,Hypoxia
87,36.7,89,0,Hypoxia
100,36.3,81,0,Hypoxia
75,36.1,79,1,Hypoxia
63,36,72,0,Hypoxia
50,36.1,98,0,Sleeping
53,36.4,95,0,Sleeping
52,36.4,95,0,Sleeping
61,36.6,100,1,Sleeping
58,36.5,95,1,Sleeping
57,36.2,96,1,Sleeping
61,36.1,97,0,Sleeping
64,36.1,97,0,Sleeping
51,36.1,96,0,Sleeping
56,36.5,100,1,Sleeping
64,36.4,96,0,Sleeping
64,36.2,99,0,Sleeping
65,36.4,95,0,Sleeping
57,36.6,95,0,Sleeping
50,36.6,96,1,Sleeping
54,36.4,98,1,Sleeping
56,36.5,98,0,Sleeping
64,36.5,96,1,Sleeping
61,36.5,100,0,Sleeping
61,36.3,95,0,Sleeping
175,37.1,95,9,Running
141,37.7,98,9,Running
154,37.7,92,10,Running
171,37.1,98,10,Running
135,37.3,95,9,Running
150,37.3,92,9,Running
136,37.7,93,10,Running
128,38,92,8,Running
157,37.6,96,9,Running
164,37.6,92,10,Running
88,36.8,99,7,Walking
80,36.8,97,4,Walking
109,36.9,96,4,Walking
92,37.1,97,6,Walking
110,37,95,5,Walking
106,37.2,98,7,Walking
104,37.2,99,7,Walking
92,37.1,98,5,Walking
84,37.1,96,4,Walking
88,37.1,97,5,Walking
102,36.9,99,5,Walking
90,36.7,100,6,Walking
105,37.1,99,6,Walking
83,37.1,96,6,Walking
86,36.8,97,4,Walking
109,37.2,99,7,Walking
97,36.8,97,7,Walking
94,37.1,96,4,Walking
93,37.2,96,5,Walking
110,36.8,97,4,Walking
108,36.8,99,6,Walking
104,37.1,99,6,Walking
90,37,100,4,Walking
86,37,99,4,Walking
83,36.8,97,4,Walking
110,36.7,95,4,Walking
91,37.1,98,7,Walking
104,36.9,99,7,Walking
92,36.7,95,7,Walking
100,36.8,99,5,Walking
79,36.1,89,1,Hypoxia
98,36.1,83,0,Hypoxia
64,36.2,72,1,Hypoxia
90,36.5,74,2,Hypoxia
79,36.9,74,2,Hypoxia
80,36.5,87,0,Hypoxia
93,36.8,82,1,Hypoxia
96,36.5,71,1,Hypoxia
92,36.9,77,0,Hypoxia
85,36.6,70,2,Hypoxia
114,37.1,97,3,Post-Workout
115,37.3,97,2,Post-Workout
95,37.1,100,2,Post-Workout
98,37,97,1,Post-Workout
90,37.2,95,1,Post-Workout
92,37.2,100,1,Post-Workout
97,37.4,99,2,Post-Workout
110,37.1,96,2,Post-Workout
102,37.3,99,2,Post-Workout
116,37.3,99,2,Post-Workout
119,36.6,95,4,Stress/Panic
126,36.9,96,2,Stress/Panic
125,37,94,5,Stress/Panic
124,36.6,93,3,Stress/Panic
106,36.9,95,4,Stress/Panic
128,36.7,96,4,Stress/Panic
121,37,93,4,Stress/Panic
102,37,94,2,Stress/Panic
100,36.7,96,5,Stress/Panic
103,37,96,3,Stress/Panic
101,36.8,98,5,Walking
95,37,96,7,Walking
99,37,99,5,Walking
110,37.1,98,4,Walking
100,37,98,5,Walking
105,36.9,95,7,Walking
100,37.1,98,4,Walking
96,36.8,98,7,Walking
97,36.8,100,7,Walking
96,36.9,96,6,Walking
62,36.6,84,1,Hypoxia
86,36.7,74,0,Hypoxia
89,36.9,88,2,Hypoxia
62,36,77,0,Hypoxia
92,36.3,79,0,Hypoxia
70,36.5,71,0,Hypoxia
91,36.3,88,2,Hypoxia
86,36.8,79,2,Hypoxia
97,36.4,71,1,Hypoxia
63,36.2,90,0,Hypoxia
58,36.6,95,1,Sleeping
52,36.4,100,1,Sleeping
54,36.1,95,0,Sleeping
57,36.2,100,1,Sleeping
63,36.4,98,0,Sleeping
60,36.4,99,1,Sleeping
59,36.4,100,1,Sleeping
60,36.1,97,0,Sleeping
57,36.4,96,1,Sleeping
64,36.6,95,1,Sleeping
68,36.8,95,1,Awake/Idle
67,37,96,3,Awake/Idle
80,36.5,96,3,Awake/Idle
61,36.8,95,2,Awake/Idle
64,36.7,99,2,Awake/Idle
63,36.6,97,2,Awake/Idle
65,36.6,99,2,Awake/Idle
61,36.7,98,1,Awake/Idle
75,36.8,100,3,Awake/Idle
72,36.5,95,3,Awake/Idle
47,35.6,83,1,Unconscious
35,35.5,80,1,Unconscious
33,36.1,84,0,Unconscious
32,36,82,1,Unconscious
41,35.1,89,0,Unconscious
30,35.3,88,0,Unconscious
41,35.5,81,0,Unconscious
42,35.4,82,0,Unconscious
41,36.1,86,0,Unconscious
48,36.4,85,0,Unconscious
118,37.1,98,2,Post-Workout
108,37.2,98,3,Post-Workout
119,37.3,99,1,Post-Workout
104,37.5,97,3,Post-Workout
104,37.4,96,3,Post-Workout
100,37.1,95,1,Post-Workout
96,37.1,98,2,Post-Workout
90,37,99,1,Post-Workout
111,37.3,96,3,Post-Workout
93,37.4,98,3,Post-Workout
40,35.8,81,1,Unconscious
38,36.4,87,0,Unconscious
38,35.4,81,1,Unconscious
38,36.5,84,0,Unconscious
44,35.1,82,0,Unconscious
36,36.5,87,1,Unconscious
45,35.9,90,1,Unconscious
50,36.5,85,1,Unconscious
49,35.1,87,1,Unconscious
45,36.2,81,1,Unconscious
58,36.3,99,0,Sleeping
53,36.4,98,1,Sleeping
63,36.5,97,1,Sleeping
55,36.6,100,1,Sleeping
51,36.5,97,0,Sleeping
52,36.5,98,1,Sleeping
51,36.3,97,0,Sleeping
63,36.5,96,0,Sleeping
62,36.3,96,0,Sleeping
56,36.7,97,0,Sleeping
93,37.3,95,3,Post-Workout
113,37.3,98,3,Post-Workout
93,37.3,100,2,Post-Workout
116,37.2,100,3,Post-Workout
103,37.4,97,3,Post-Workout
117,37.2,95,1,Post-Workout
117,37.1,100,3,Post-Workout
94,37.3,100,2,Post-Workout
111,37.3,95,3,Post-Workout
101,37.1,97,3,Post-Workout
93,37.1,89,10,Seizure
140,37.2,94,9,Seizure
110,36.5,92,10,Seizure
126,37.1,94,9,Seizure
118,37.1,89,10,Seizure
92,37,89,9,Seizure
108,36.9,88,9,Seizure
135,36.7,90,10,Seizure
140,36.6,92,9,Seizure
115,37.4,94,9,Seizure
78,36.5,100,1,Awake/Idle
74,36.7,96,3,Awake/Idle
75,36.9,95,2,Awake/Idle
75,36.7,99,2,Awake/Idle
69,37,100,2,Awake/Idle
69,36.8,99,3,Awake/Idle
62,36.6,96,3,Awake/Idle
80,36.7,99,3,Awake/Idle
75,36.5,100,3,Awake/Idle
69,37,95,1,Awake/Idle
165,37.1,98,9,Running
148,37.3,92,10,Running
148,37.2,97,8,Running
160,37.5,98,10,Running
165,37.9,96,8,Running
149,37.7,97,10,Running
138,37.5,97,8,Running
154,37.1,96,10,Running
178,37,95,9,Running
156,38,97,9,Running
121,37.3,92,9,Seizure
94,37.2,88,9,Seizure
122,36.9,92,9,Seizure
133,37.4,89,9,Seizure
125,36.6,93,10,Seizure
98,37.1,89,10,Seizure
125,37,95,9,Seizure
137,36.5,91,9,Seizure
132,37.1,90,10,Seizure
102,36.9,94,9,Seizure
107,36.9,95,4,Stress/Panic
111,36.9,95,5,Stress/Panic
119,37,94,2,Stress/Panic
107,36.9,95,5,Stress/Panic
117,36.5,95,5,Stress/Panic
109,36.9,94,4,Stress/Panic
125,37.1,95,4,Stress/Panic
122,37.1,95,4,Stress/Panic
100,36.9,94,4,Stress/Panic
108,36.7,95,2,Stress/Panic
99,37,98,4,Walking
104,37,96,7,Walking
108,36.9,100,6,Walking
89,36.7,95,6,Walking
93,36.8,97,4,Walking
104,36.8,96,7,Walking
85,36.9,98,6,Walking
85,36.8,100,5,Walking
94,36.9,100,4,Walking
110,36.8,97,5,Walking
60,36.5,97,1,Awake/Idle
72,36.8,95,1,Awake/Idle
74,36.6,100,3,Awake/Idle
65,36.6,96,3,Awake/Idle
74,36.8,99,1,Awake/Idle
76,36.9,97,1,Awake/Idle
70,36.6,95,1,Awake/Idle
68,36.9,97,2,Awake/Idle
61,36.7,95,2,Awake/Idle
65,36.5,100,1,Awake/Idle
82,36.7,74,1,Hypoxia
64,36.3,89,1,Hypoxia
62,36.8,83,2,Hypoxia
88,36.1,71,1,Hypoxia
83,36.5,87,2,Hypoxia
75,36.3,88,0,Hypoxia
74,36.1,83,1,Hypoxia
60,36.6,80,2,Hypoxia
99,36.6,80,1,Hypoxia
89,36.7,73,2,Hypoxia
52,36.8,100,1,Meditation
56,36.9,99,0,Meditation
66,36.9,97,1,Meditation
63,36.8,99,0,Meditation
60,36.8,100,0,Meditation
50,36.6,98,1,Meditation
53,36.6,96,0,Meditation
67,36.6,96,1,Meditation
52,36.9,99,1,Meditation
65,36.5,95,1,Meditation
92,36.7,96,7,Walking
92,37,96,5,Walking
91,37.1,99,6,Walking
82,36.8,100,6,Walking
98,37,99,6,Walking
110,36.9,97,5,Walking
96,36.9,99,6,Walking
86,36.8,98,6,Walking
87,36.9,99,6,Walking
95,37.2,97,5,Walking
101,37.1,98,1,Post-Workout
120,37.1,95,1,Post-Workout
112,37.3,95,3,Post-Workout
110,37.4,95,3,Post-Workout
118,37.2,99,2,Post-Workout
93,37.3,98,3,Post-Workout
111,37.3,95,2,Post-Workout
117,37.2,98,1,Post-Workout
102,37.1,100,3,Post-Workout
100,37.3,100,2,Post-Workout
71,36.8,82,2,Hypoxia
92,36.1,85,2,Hypoxia
77,37,76,2,Hypoxia
60,36.3,75,2,Hypoxia
72,36.4,73,2,Hypoxia
80,36.2,75,0,Hypoxia
100,36.5,72,2,Hypoxia
72,36.4,86,1,Hypoxia
69,36.8,76,0,Hypoxia
100,36.7,73,1,Hypoxia
106,36.9,93,5,Stress/Panic
104,37,93,3,Stress/Panic
118,36.5,93,2,Stress/Panic
127,36.7,95,3,Stress/Panic
107,36.9,94,5,Stress/Panic
111,37,95,2,Stress/Panic
129,36.9,93,5,Stress/Panic
112,36.8,94,4,Stress/Panic
127,36.9,95,2,Stress/Panic
108,36.6,94,4,Stress/Panic
95,37.3,98,2,Post-Workout
93,37,99,3,Post-Workout
99,37.1,97,1,Post-Workout
108,37.3,98,3,Post-Workout
94,37.1,97,3,Post-Workout
103,37.4,98,2,Post-Workout
116,37,100,3,Post-Workout
100,37.2,99,1,Post-Workout
101,37.2,100,3,Post-Workout
112,37.4,99,2,Post-Workout
57,36.6,97,1,Sleeping
56,36.5,95,1,Sleeping
62,36.7,98,0,Sleeping
65,36.4,97,1,Sleeping
62,36.2,98,1,Sleeping
54,36.1,96,0,Sleeping
59,36.2,98,0,Sleeping
52,36.4,97,0,Sleeping
61,36,100,0,Sleeping
63,36.6,99,1,Sleeping
33,35.4,90,1,Unconscious
36,35.6,80,1,Unconscious
30,35.8,89,0,Unconscious
32,35.4,88,0,Unconscious
37,35.4,86,0,Unconscious
49,36,89,0,Unconscious
42,35.6,90,1,Unconscious
40,35.3,87,1,Unconscious
45,35.6,90,1,Unconscious
43,35.7,84,1,Unconscious
96,37,96,7,Walking
95,37.2,97,7,Walking
89,36.9,100,7,Walking
81,36.9,96,7,Walking
107,36.8,100,5,Walking
90,37.1,96,4,Walking
86,36.7,99,7,Walking
110,36.9,99,7,Walking
87,36.9,95,7,Walking
83,37.1,99,4,Walking
115,36.9,93,4,Stress/Panic
128,36.8,95,2,Stress/Panic
119,37.2,95,2,Stress/Panic
130,36.7,95,2,Stress/Panic
126,36.9,95,2,Stress/Panic
113,37.1,96,5,Stress/Panic
127,36.8,93,3,Stress/Panic
119,37.2,94,4,Stress/Panic
117,36.9,95,3,Stress/Panic
102,36.6,93,5,Stress/Panic
52,36.3,94,0,Fainting
59,35.9,87,0,Fainting
34,35.9,87,0,Fainting
59,36.4,89,0,Fainting
30,35.8,93,1,Fainting
57,36.2,92,1,Fainting
34,35.5,91,1,Fainting
47,36.4,92,1,Fainting
51,35.5,94,1,Fainting
32,35.7,90,1,Fainting
109,37,95,2,Stress/Panic
100,36.8,95,2,Stress/Panic
120,36.6,95,5,Stress/Panic
111,37.2,93,2,Stress/Panic
119,36.5,96,4,Stress/Panic
126,36.7,93,3,Stress/Panic
110,36.9,94,3,Stress/Panic
100,37.1,95,3,Stress/Panic
119,37.2,95,2,Stress/Panic
124,37.1,93,2,Stress/Panic
30,35.3,81,0,Unconscious
41,35,80,1,Unconscious
41,35.2,87,1,Unconscious
38,36.4,90,1,Unconscious
47,36.5,83,1,Unconscious
49,36.3,90,0,Unconscious
37,35.3,85,0,Unconscious
38,36.5,87,0,Unconscious
50,36.3,81,1,Unconscious
47,35.2,86,1,Unconscious
86,36.9,100,6,Walking
82,37.1,100,4,Walking
104,36.9,99,4,Walking
89,37,97,7,Walking
93,37.1,95,7,Walking
80,37.1,95,6,Walking
90,36.8,95,5,Walking
99,36.8,98,6,Walking
109,37,100,4,Walking
101,36.7,96,5,Walking
83,37.1,98,4,Walking
87,37.1,99,5,Walking
80,36.8,98,5,Walking
108,37,99,4,Walking
102,37,96,5,Walking
87,36.8,97,6,Walking
87,37.1,98,7,Walking
96,37.2,96,7,Walking
108,37.2,100,4,Walking
104,36.7,99,5,Walking
62,36.1,95,0,Sleeping
54,36.1,98,1,Sleeping
56,36.2,100,0,Sleeping
58,36.2,97,0,Sleeping
60,36.5,97,1,Sleeping
53,36.3,100,1,Sleeping
54,36.1,96,0,Sleeping
58,36.3,96,1,Sleeping
56,36.3,97,0,Sleeping
51,36.4,95,0,Sleeping
49,35.9,91,0,Fainting
35,36.4,85,0,Fainting
37,35.7,88,0,Fainting
46,36.1,95,1,Fainting
34,36.4,88,1,Fainting
47,36.2,89,0,Fainting
31,35.9,93,0,Fainting
53,36.3,85,1,Fainting
55,36.1,86,1,Fainting
33,36.2,89,0,Fainting
46,36.3,83,0,Unconscious
39,35.3,85,1,Unconscious
33,35.4,85,1,Unconscious
37,35.1,90,1,Unconscious
46,35.3,85,1,Unconscious
47,35.2,81,0,Unconscious
35,35.1,81,1,Unconscious
41,36.2,82,1,Unconscious
42,35,80,0,Unconscious
42,35.5,85,0,Unconscious
61,36.6,75,2,Hypoxia
78,36.8,71,1,Hypoxia
94,36.2,90,2,Hypoxia
62,36.5,78,2,Hypoxia
76,36.4,91,2,Hypoxia
76,36.9,75,2,Hypoxia
61,36.6,78,2,Hypoxia
61,37,73,0,Hypoxia
64,36.4,79,1,Hypoxia
69,36.9,77,1,Hypoxia
99,37,96,1,Post-Workout
114,37.4,96,3,Post-Workout
93,37.5,97,1,Post-Workout
116,37.3,95,2,Post-Workout
105,37.2,97,2,Post-Workout
110,37.5,98,2,Post-Workout
99,37,95,2,Post-Workout
96,37.3,95,3,Post-Workout
120,37.1,98,2,Post-Workout
113,37.4,95,1,Post-Workout
32,35.8,83,0,Unconscious
40,35.2,83,0,Unconscious
39,36.4,85,1,Unconscious
42,35.4,80,1,Unconscious
38,35.8,83,1,Unconscious
44,35.9,87,1,Unconscious
49,36.3,85,1,Unconscious
35,35.6,81,1,Unconscious
40,36.3,84,0,Unconscious
42,36.2,85,1,Unconscious
81,36,83,0,Hypoxia
60,36.5,84,0,Hypoxia
66,36.4,80,0,Hypoxia
77,36.1,87,0,Hypoxia
89,36.9,74,1,Hypoxia
71,36,72,1,Hypoxia
96,36.9,74,2,Hypoxia
71,36.9,91,1,Hypoxia
92,36.3,83,2,Hypoxia
73,36.4,83,0,Hypoxia
122,37.5,88,10,Seizure
137,36.7,95,9,Seizure
108,37.1,88,9,Seizure
90,36.5,89,10,Seizure
110,37.4,95,9,Seizure
91,37,90,9,Seizure
139,37.3,88,10,Seizure
139,36.5,95,9,Seizure
134,36.6,93,9,Seizure
108,37.3,91,9,Seizure
130,37.2,88,10,Seizure
140,36.9,95,9,Seizure
101,36.7,94,10,Seizure
138,36.6,91,9,Seizure
114,37.2,90,9,Seizure
124,37.1,89,9,Seizure
132,36.7,95,10,Seizure
127,36.8,88,9,Seizure
125,37.1,92,10,Seizure
140,36.6,93,10,Seizure
169,38,94,8,Running
146,37.8,95,9,Running
122,37,98,8,Running
129,37.9,96,8,Running
125,37.9,95,9,Running
176,37.5,97,8,Running
133,37.8,94,10,Running
175,37.1,97,8,Running
133,37.5,95,9,Running
171,37.3,92,10,Running
57,36.8,95,0,Meditation
62,36.5,100,1,Meditation
62,36.7,97,1,Meditation
57,36.6,99,1,Meditation
62,36.7,95,0,Meditation
55,36.7,99,1,Meditation
55,36.7,96,1,Meditation
58,36.8,97,1,Meditation
53,36.5,100,0,Meditation
64,36.9,97,0,Meditation
92,37,100,1,Post-Workout
94,37,97,1,Post-Workout
91,37.1,100,1,Post-Workout
108,37.4,100,2,Post-Workout
103,37.1,97,3,Post-Workout
112,37.1,99,1,Post-Workout
97,37.2,95,1,Post-Workout
113,37.1,99,3,Post-Workout
119,37.2,95,2,Post-Workout
97,37.3,97,2,Post-Workout
140,37.9,94,8,Running
180,37.2,96,8,Running
164,37.4,93,9,Running
155,37.8,97,9,Running
180,37.2,95,8,Running
120,37.8,92,8,Running
176,37.5,94,9,Running
164,37.6,94,8,Running
137,38,92,10,Running
136,37.7,94,9,Running
179,37.4,93,9,Running
139,37.6,94,10,Running
171,37.9,94,9,Running
151,37.9,93,10,Running
151,37.4,93,9,Running
143,37.7,98,10,Running
147,37.7,98,10,Running
151,37.6,92,10,Running
178,37.3,94,8,Running
160,37.1,97,9,Running
38,36.5,85,0,Fainting
58,36.3,92,0,Fainting
42,35.7,95,1,Fainting
48,35.8,89,1,Fainting
55,35.7,85,0,Fainting
50,36,87,1,Fainting
37,35.8,93,1,Fainting
41,35.5,88,1,Fainting
43,35.5,86,1,Fainting
56,35.7,88,0,Fainting
62,36.7,99,1,Awake/Idle
70,36.9,99,3,Awake/Idle
75,36.9,95,2,Awake/Idle
79,36.9,95,2,Awake/Idle
79,36.5,96,3,Awake/Idle
69,36.7,97,1,Awake/Idle
80,36.5,99,2,Awake/Idle
80,36.7,96,3,Awake/Idle
60,36.9,95,3,Awake/Idle
74,36.9,99,2,Awake/Idle
58,36.3,93,1,Fainting
59,35.7,93,1,Fainting
42,36.4,85,0,Fainting
52,36.5,90,1,Fainting
58,35.6,94,1,Fainting
54,36,90,1,Fainting
35,36.5,90,0,Fainting
56,35.5,91,1,Fainting
57,35.6,86,0,Fainting
51,36,89,1,Fainting
165,37.7,98,8,Running
151,37.6,94,10,Running
128,37.9,93,10,Running
122,37.8,94,10,Running
142,37.7,98,10,Running
161,37.2,93,8,Running
132,37.3,98,10,Running
125,37.4,92,10,Running
126,37.3,98,8,Running
120,37.5,96,8,Running
102,36.7,96,2,Stress/Panic
103,36.8,94,2,Stress/Panic
116,36.5,96,3,Stress/Panic
111,37,96,3,Stress/Panic
103,36.8,96,3,Stress/Panic
118,36.6,95,5,Stress/Panic
123,36.6,95,5,Stress/Panic
117,36.9,94,4,Stress/Panic
116,36.6,93,4,Stress/Panic
107,37,93,5,Stress/Panic
36,36.4,83,1,Unconscious
43,36.5,84,1,Unconscious
32,36.5,88,1,Unconscious
37,35.5,88,0,Unconscious
48,36.4,82,0,Unconscious
32,35.4,84,1,Unconscious
47,35.6,86,0,Unconscious
47,36.3,81,0,Unconscious
35,36.1,80,1,Unconscious
42,35.5,80,1,Unconscious
65,36.5,96,2,Awake/Idle
71,36.6,97,1,Awake/Idle
77,36.8,97,1,Awake/Idle
66,36.9,98,3,Awake/Idle
77,37,98,1,Awake/Idle
74,36.9,99,1,Awake/Idle
63,37,96,2,Awake/Idle
69,36.9,95,2,Awake/Idle
74,36.8,95,2,Awake/Idle
65,36.6,97,3,Awake/Idle
65,36.4,97,0,Sleeping
56,36.5,99,0,Sleeping
54,36.1,98,1,Sleeping
61,36.3,99,1,Sleeping
51,36.2,100,1,Sleeping
62,36,98,1,Sleeping
55,36.2,95,0,Sleeping
64,36.5,96,1,Sleeping
62,36,98,1,Sleeping
53,36.5,98,0,Sleeping
130,37.9,93,9,Running
177,37.4,92,8,Running
120,37.7,93,9,Running
158,37.3,97,10,Running
171,37.1,93,10,Running
160,37.3,95,9,Running
133,37.6,96,10,Running
175,37.8,92,9,Running
126,37.4,96,10,Running
122,37.8,92,9,Running
68,36.6,97,2,Awake/Idle
68,36.7,98,1,Awake/Idle
78,36.7,98,3,Awake/Idle
69,36.9,96,1,Awake/Idle
62,36.7,97,1,Awake/Idle
72,37,98,2,Awake/Idle
62,36.8,97,3,Awake/Idle
68,36.5,98,3,Awake/Idle
69,36.8,99,3,Awake/Idle
64,37,97,2,Awake/Idle
54,36.3,92,0,Fainting
44,35.6,94,1,Fainting
30,35.6,88,1,Fainting
37,35.6,92,1,Fainting
31,35.7,94,1,Fainting
46,36.2,91,0,Fainting
53,35.8,89,0,Fainting
48,35.7,92,1,Fainting
46,36.4,94,0,Fainting
55,36,90,0,Fainting
162,37.4,96,9,Running
138,37.7,95,10,Running
150,37.8,95,8,Running
128,37.5,98,8,Running
161,37,95,8,Running
148,37.8,96,8,Running
175,37.6,92,8,Running
169,38,92,9,Running
123,37.2,95,9,Running
158,37.1,94,9,Running
61,36.5,97,0,Sleeping
51,36.5,95,1,Sleeping
50,36.2,95,0,Sleeping
56,36.2,96,1,Sleeping
51,36,98,0,Sleeping
50,36.5,97,1,Sleeping
50,36.1,97,1,Sleeping
59,36.6,98,1,Sleeping
55,36.3,96,0,Sleeping
62,36,98,0,Sleeping
165,37.3,98,10,Running
136,37,96,8,Running
152,37.2,94,10,Running
133,37.3,95,9,Running
139,37.3,93,10,Running
131,37.9,94,9,Running
143,37.7,96,10,Running
171,37.7,94,10,Running
174,37.3,92,9,Running
142,37.6,95,9,Running
102,36.9,95,7,Walking
104,37,96,4,Walking
95,36.9,98,7,Walking
91,36.8,96,4,Walking
108,37,98,7,Walking
95,37,99,7,Walking
93,37,98,5,Walking
92,36.9,99,5,Walking
89,36.8,99,6,Walking
95,37.2,100,6,Walking
62,36.8,90,0,Hypoxia
79,36.8,78,0,Hypoxia
66,36.9,80,0,Hypoxia
68,36.5,71,0,Hypoxia
62,36.9,82,1,Hypoxia
94,36.6,79,0,Hypoxia
71,36.2,70,2,Hypoxia
68,36.5,76,1,Hypoxia
98,36.9,87,1,Hypoxia
81,36.9,75,0,Hypoxia
96,37.4,90,10,Seizure
91,36.8,89,10,Seizure
102,36.7,89,9,Seizure
91,36.6,91,9,Seizure
102,37.2,93,10,Seizure
116,37,89,9,Seizure
136,37.3,88,9,Seizure
104,37,90,10,Seizure
90,37.2,90,9,Seizure
121,37.1,94,10,Seizure
90,37,96,3,Post-Workout
105,37.3,97,1,Post-Workout
112,37.2,95,3,Post-Workout
93,37.2,95,1,Post-Workout
96,37.4,98,1,Post-Workout
97,37.4,95,1,Post-Workout
119,37.1,96,1,Post-Workout
113,37,96,1,Post-Workout
104,37.5,100,3,Post-Workout
102,37.3,95,3,Post-Workout
49,36,82,1,Unconscious
46,35.9,86,0,Unconscious
38,35.9,80,1,Unconscious
48,35.3,89,1,Unconscious
43,35.9,80,0,Unconscious
48,35.3,82,0,Unconscious
43,35.3,80,0,Unconscious
49,35.6,87,1,Unconscious
41,35.8,80,1,Unconscious
48,35.9,82,1,Unconscious
69,36.9,95,3,Awake/Idle
80,36.5,98,2,Awake/Idle
61,36.7,98,2,Awake/Idle
68,36.9,98,2,Awake/Idle
75,36.6,95,1,Awake/Idle
67,36.7,98,3,Awake/Idle
78,36.6,96,1,Awake/Idle
66,36.7,98,2,Awake/Idle
64,36.9,100,1,Awake/Idle
78,36.5,98,2,Awake/Idle
78,36.7,98,2,Awake/Idle
62,36.7,95,3,Awake/Idle
72,36.5,98,2,Awake/Idle
76,36.6,96,3,Awake/Idle
60,36.5,100,1,Awake/Idle
79,37,100,2,Awake/Idle
60,36.6,95,1,Awake/Idle
62,36.7,99,2,Awake/Idle
62,36.7,99,3,Awake/Idle
68,36.7,99,3,Awake/Idle
101,37.1,100,7,Walking
101,36.9,95,5,Walking
82,37.2,98,4,Walking
108,37,96,7,Walking
110,37,99,4,Walking
97,37.2,100,7,Walking
84,37,95,6,Walking
105,36.7,97,6,Walking
101,37,96,4,Walking
81,37.1,95,6,Walking
87,36.4,78,1,Hypoxia
83,36.2,87,2,Hypoxia
67,36.5,75,1,Hypoxia
75,36.7,82,1,Hypoxia
97,37,70,1,Hypoxia
71,36,79,2,Hypoxia
92,36.4,85,1,Hypoxia
84,36.3,72,1,Hypoxia
72,36.6,79,1,Hypoxia
87,36.8,82,0,Hypoxia
60,36.9,99,1,Meditation
52,36.7,100,0,Meditation
55,36.8,97,1,Meditation
68,36.5,97,1,Meditation
68,36.7,100,0,Meditation
65,36.7,99,0,Meditation
50,36.8,99,1,Meditation
58,36.8,99,0,Meditation
65,36.9,96,1,Meditation
51,36.5,96,0,Meditation
58,36.9,98,0,Meditation
69,36.6,99,0,Meditation
66,36.5,98,1,Meditation
65,36.5,97,0,Meditation
65,36.8,96,0,Meditation
67,36.8,99,1,Meditation
61,36.7,95,0,Meditation
66,36.7,97,1,Meditation
56,36.8,100,1,Meditation
53,36.9,98,0,Meditation
122,37,96,4,Stress/Panic
103,37.1,95,2,Stress/Panic
119,36.8,96,4,Stress/Panic
109,37,95,3,Stress/Panic
130,36.9,94,3,Stress/Panic
124,36.8,95,2,Stress/Panic
111,36.8,96,4,Stress/Panic
122,36.7,95,3,Stress/Panic
113,36.8,94,2,Stress/Panic
124,37.2,96,3,Stress/Panic
69,36.6,95,1,Meditation
70,36.6,98,0,Meditation
55,36.8,96,1,Meditation
57,36.7,96,0,Meditation
67,36.8,95,1,Meditation
50,36.6,98,1,Meditation
67,36.9,96,1,Meditation
54,36.7,99,0,Meditation
53,36.7,99,0,Meditation
53,36.6,100,1,Meditation
83,36.8,99,6,Walking
89,36.8,98,5,Walking
91,37.2,98,5,Walking
101,37.1,95,5,Walking
84,37.2,97,7,Walking
90,37.1,97,5,Walking
82,37,98,5,Walking
92,36.9,97,7,Walking
84,36.8,96,4,Walking
90,37,98,6,Walking
130,37.4,97,10,Running
136,37.6,95,9,Running
130,37.3,92,8,Running
156,37.9,96,8,Running
171,37.1,92,8,Running
120,37.1,94,10,Running
136,37.2,94,8,Running
122,37.8,92,10,Running
157,38,97,8,Running
160,37,96,8,Running
58,36.8,100,1,Meditation
60,36.8,98,0,Meditation
52,36.6,95,1,Meditation
61,36.8,99,0,Meditation
51,36.6,95,0,Meditation
54,36.8,96,1,Meditation
64,36.9,95,1,Meditation
60,36.7,100,1,Meditation
61,36.7,100,1,Meditation
58,36.6,98,0,Meditation
65,36.6,89,1,Hypoxia
63,37,84,0,Hypoxia
77,37,77,2,Hypoxia
66,36.6,87,0,Hypoxia
98,36.4,82,2,Hypoxia
76,36.9,88,1,Hypoxia
88,36.5,71,1,Hypoxia
61,37,72,0,Hypoxia
81,36.1,91,1,Hypoxia
96,36.4,90,0,Hypoxia
59,36.3,89,1,Fainting
50,35.7,94,0,Fainting
30,36,95,1,Fainting
46,35.6,88,1,Fainting
52,35.7,90,0,Fainting
36,36.4,94,0,Fainting
42,36.5,87,1,Fainting
31,35.8,91,1,Fainting
39,36,89,1,Fainting
44,36,91,0,Fainting
50,36.1,100,0,Sleeping
51,36.4,99,0,Sleeping
63,36.7,97,1,Sleeping
53,36.4,95,0,Sleeping
63,36.4,96,1,Sleeping
55,36.7,97,1,Sleeping
62,36.1,100,1,Sleeping
59,36.6,100,0,Sleeping
52,36.2,97,1,Sleeping
58,36.1,95,1,Sleeping
99,37,100,7,Walking
81,36.9,98,7,Walking
98,36.8,98,5,Walking
110,37,96,6,Walking
87,36.8,98,7,Walking
97,36.8,100,4,Walking
100,36.8,96,7,Walking
101,36.8,100,5,Walking
99,36.9,96,4,Walking
102,36.7,99,7,Walking
104,37.1,99,3,Post-Workout
110,37.4,100,2,Post-Workout
91,37.3,96,3,Post-Workout
117,37,95,3,Post-Workout
112,37.5,100,3,Post-Workout
98,37.3,97,2,Post-Workout
117,37.3,96,3,Post-Workout
112,37.1,96,1,Post-Workout
99,37.4,100,3,Post-Workout
119,37.2,96,1,Post-Workout
60,36,90,1,Fainting
50,36.2,87,0,Fainting
50,36.1,90,1,Fainting
47,35.6,85,0,Fainting
34,35.7,88,0,Fainting
49,35.8,94,0,Fainting
43,36.3,86,0,Fainting
53,35.8,93,1,Fainting
35,36.5,86,0,Fainting
52,35.7,92,1,Fainting
109,37.2,100,6,Walking
93,37,97,4,Walking
103,37.2,98,7,Walking
93,36.8,99,6,Walking
94,37.1,95,4,Walking
101,36.8,98,4,Walking
89,36.8,98,4,Walking
80,36.9,98,5,Walking
85,36.8,99,6,Walking
84,37.1,96,6,Walking
37,36.3,88,1,Fainting
53,35.7,91,1,Fainting
31,36.1,87,0,Fainting
49,35.9,89,1,Fainting
52,35.7,91,1,Fainting
54,35.9,95,0,Fainting
51,36.5,94,0,Fainting
32,36,87,0,Fainting
56,36.3,88,0,Fainting
38,36.4,95,0,Fainting
52,36.1,98,1,Sleeping
55,36.7,98,1,Sleeping
51,36.2,97,1,Sleeping
63,36.2,95,1,Sleeping
55,36.1,99,1,Sleeping
65,36.4,99,0,Sleeping
64,36.4,96,1,Sleeping
54,36.3,97,1,Sleeping
55,36.4,99,0,Sleeping
52,36.2,99,1,Sleeping
56,35.6,86,1,Fainting
30,36,88,0,Fainting
57,35.8,89,1,Fainting
44,36.4,87,0,Fainting
45,35.6,88,1,Fainting
46,36.1,93,0,Fainting
40,36.4,88,1,Fainting
51,35.7,87,1,Fainting
39,36.2,88,1,Fainting
40,36.1,86,1,Fainting
129,37,93,5,Stress/Panic
103,37,93,5,Stress/Panic
109,37.1,95,5,Stress/Panic
129,36.9,96,2,Stress/Panic
105,37.1,96,3,Stress/Panic
110,36.8,95,5,Stress/Panic
119,37.2,95,5,Stress/Panic
110,37.1,93,2,Stress/Panic
107,37,93,4,Stress/Panic
121,36.9,95,4,Stress/Panic
53,36.7,98,1,Meditation
68,36.6,99,0,Meditation
52,36.5,96,1,Meditation
62,36.7,100,0,Meditation
51,36.6,100,1,Meditation
54,36.5,95,0,Meditation
58,36.6,99,1,Meditation
67,36.6,95,0,Meditation
58,36.6,100,1,Meditation
57,36.9,96,1,Meditation
86,36.9,99,4,Walking
103,37.2,95,4,Walking
98,37,97,4,Walking
100,37.1,98,5,Walking
98,37,98,5,Walking
89,37,100,5,Walking
99,37,100,6,Walking
84,36.8,100,7,Walking
89,36.8,97,6,Walking
90,37,98,4,Walking
70,36.6,95,1,Awake/Idle
77,36.5,97,1,Awake/Idle
73,36.5,100,2,Awake/Idle
71,37,98,2,Awake/Idle
75,36.9,99,1,Awake/Idle
68,36.9,97,2,Awake/Idle
60,36.6,97,2,Awake/Idle
69,36.7,96,1,Awake/Idle
78,36.9,98,3,Awake/Idle
72,36.6,99,1,Awake/Idle
50,35.7,85,0,Fainting
45,36.3,87,1,Fainting
59,35.9,94,1,Fainting
52,35.6,89,0,Fainting
57,35.8,87,0,Fainting
31,35.7,94,0,Fainting
36,36.5,94,0,Fainting
43,36.5,86,1,Fainting
39,35.7,95,0,Fainting
53,35.8,95,0,Fainting
51,35.6,89,1,Fainting
59,36.4,89,1,Fainting
50,36.1,85,0,Fainting
39,36,90,0,Fainting
55,36,89,1,Fainting
60,35.8,88,1,Fainting
42,36.1,95,0,Fainting
48,35.8,90,1,Fainting
34,36.2,95,1,Fainting
56,35.7,92,1,Fainting
49,35.9,80,0,Unconscious
40,35.7,84,1,Unconscious
40,36.4,85,1,Unconscious
49,36.2,85,0,Unconscious
39,35.2,89,0,Unconscious
45,35.4,90,1,Unconscious
48,35.1,87,1,Unconscious
46,35.9,84,1,Unconscious
41,36.4,86,1,Unconscious
32,36.4,85,1,Unconscious
127,37.6,95,10,Running
168,37.9,93,8,Running
151,37.7,94,10,Running
122,38,93,8,Running
125,37.1,96,8,Running
128,37.8,94,10,Running
123,37.2,94,8,Running
137,37.1,96,9,Running
151,37.7,94,9,Running
132,37.2,98,8,Running
50,36.3,85,1,Fainting
55,35.6,88,0,Fainting
51,36.1,95,1,Fainting
60,36.5,93,1,Fainting
34,36.5,88,0,Fainting
42,36.1,87,1,Fainting
34,36.2,94,0,Fainting
52,36.1,93,1,Fainting
58,35.7,92,1,Fainting
43,35.6,85,0,Fainting
68,37,98,3,Awake/Idle
77,36.9,98,2,Awake/Idle
78,36.8,100,1,Awake/Idle
72,36.5,97,2,Awake/Idle
77,36.9,100,1,Awake/Idle
72,36.9,100,3,Awake/Idle
77,36.8,96,2,Awake/Idle
69,36.8,96,3,Awake/Idle
79,36.7,100,3,Awake/Idle
77,36.5,100,1,Awake/Idle
107,37.1,94,5,Stress/Panic
125,36.9,95,3,Stress/Panic
108,36.7,94,2,Stress/Panic
118,36.8,96,4,Stress/Panic
112,36.8,94,5,Stress/Panic
128,36.5,94,2,Stress/Panic
109,36.9,96,2,Stress/Panic
122,36.9,95,4,Stress/Panic
113,36.6,96,3,Stress/Panic
118,37.2,96,5,Stress/Panic
116,36.9,96,4,Stress/Panic
127,37,96,5,Stress/Panic
119,37.1,94,4,Stress/Panic
106,36.6,96,3,Stress/Panic
119,36.6,96,4,Stress/Panic
114,36.9,94,4,Stress/Panic
108,36.7,93,5,Stress/Panic
127,36.8,95,2,Stress/Panic
111,37,95,5,Stress/Panic
102,36.7,96,5,Stress/Panic
56,35.8,94,1,Fainting
30,35.9,93,1,Fainting
56,36.1,91,1,Fainting
36,35.8,88,0,Fainting
41,35.9,91,1,Fainting
40,36,88,0,Fainting
37,36.1,87,0,Fainting
36,36.5,89,0,Fainting
57,35.6,95,1,Fainting
40,36.2,91,1,Fainting
92,36.7,100,4,Walking
101,37.2,100,6,Walking
84,36.9,97,4,Walking
89,36.7,99,7,Walking
97,37,96,7,Walking
97,36.9,100,6,Walking
83,36.8,95,6,Walking
81,36.8,98,5,Walking
89,37,98,4,Walking
110,37.1,97,6,Walking
176,37.3,96,8,Running
172,37.1,92,9,Running
146,37.5,94,8,Running
128,38,98,9,Running
180,37.3,96,9,Running
168,37.4,96,8,Running
137,37.5,94,9,Running
121,37.6,92,10,Running
123,37.5,93,9,Running
151,37.5,95,8,Running
38,35.7,84,0,Unconscious
40,35.6,90,1,Unconscious
37,36.4,90,1,Unconscious
30,36.1,80,0,Unconscious
32,35.3,89,0,Unconscious
32,36,90,0,Unconscious
31,35,83,0,Unconscious
39,35.4,88,0,Unconscious
38,35.3,81,0,Unconscious
30,36.2,88,1,Unconscious
46,35.9,81,0,Unconscious
45,35.7,89,0,Unconscious
44,36.3,83,1,Unconscious
37,36.4,84,1,Unconscious
32,35.8,90,0,Unconscious
49,35.1,88,0,Unconscious
39,35.4,89,0,Unconscious
30,35.5,80,0,Unconscious
46,35,83,1,Unconscious
43,35.5,87,0,Unconscious
104,37.3,96,2,Post-Workout
113,37.5,95,3,Post-Workout
112,37.1,97,3,Post-Workout
119,37.5,96,1,Post-Workout
98,37.5,98,1,Post-Workout
103,37.1,99,2,Post-Workout
110,37.3,98,3,Post-Workout
108,37.1,100,3,Post-Workout
96,37.1,95,3,Post-Workout
92,37,96,1,Post-Workout
74,36.6,89,2,Hypoxia
96,36.7,84,0,Hypoxia
78,36.5,81,1,Hypoxia
91,36.4,88,0,Hypoxia
86,36.9,84,0,Hypoxia
83,36.4,71,2,Hypoxia
95,36.5,80,2,Hypoxia
82,36.1,91,2,Hypoxia
89,37,74,2,Hypoxia
86,36.4,81,2,Hypoxia
73,36.6,99,3,Awake/Idle
60,37,100,3,Awake/Idle
75,36.8,98,3,Awake/Idle
68,36.9,98,1,Awake/Idle
70,36.6,100,1,Awake/Idle
63,36.6,95,2,Awake/Idle
78,36.8,95,3,Awake/Idle
70,37,100,3,Awake/Idle
61,36.7,96,3,Awake/Idle
70,36.9,96,1,Awake/Idle
109,36.7,94,2,Stress/Panic
104,36.9,94,4,Stress/Panic
104,36.6,96,2,Stress/Panic
106,36.9,93,5,Stress/Panic
114,37.1,96,4,Stress/Panic
120,37,94,4,Stress/Panic
127,36.8,95,5,Stress/Panic
104,37,94,5,Stress/Panic
108,36.8,96,5,Stress/Panic
121,36.9,95,5,Stress/Panic
65,36.4,99,0,Sleeping
59,36.1,100,1,Sleeping
64,36.6,99,1,Sleeping
58,36.1,95,0,Sleeping
53,36.2,97,1,Sleeping
62,36.2,98,0,Sleeping
61,36.3,95,0,Sleeping
60,36.2,99,1,Sleeping
64,36.4,95,1,Sleeping
62,36.4,98,0,Sleeping
66,36.7,96,2,Awake/Idle
61,36.8,95,1,Awake/Idle
73,36.5,97,1,Awake/Idle
63,36.6,99,2,Awake/Idle
61,36.9,100,3,Awake/Idle
76,36.6,97,1,Awake/Idle
62,36.6,100,1,Awake/Idle
66,37,99,2,Awake/Idle
76,36.6,97,2,Awake/Idle
66,36.8,99,2,Awake/Idle
54,36.7,97,1,Sleeping
65,36.6,99,1,Sleeping
64,36.6,97,1,Sleeping
61,36,99,0,Sleeping
51,36.5,98,0,Sleeping
52,36,96,1,Sleeping
50,36.1,98,1,Sleeping
62,36.2,98,1,Sleeping
64,36.4,96,1,Sleeping
61,36,98,0,Sleeping
50,36.8,96,0,Meditation
58,36.8,95,0,Meditation
57,36.8,97,0,Meditation
70,36.8,98,1,Meditation
52,36.8,96,0,Meditation
62,36.5,96,0,Meditation
52,36.6,98,0,Meditation
56,36.7,96,1,Meditation
59,36.5,98,1,Meditation
61,36.7,95,0,Meditation
45,35.7,95,0,Fainting
33,35.9,94,1,Fainting
49,36.4,93,1,Fainting
42,35.9,86,0,Fainting
44,36.1,93,1,Fainting
52,36.5,93,0,Fainting
42,36.2,86,0,Fainting
54,36.3,91,0,Fainting
54,36.1,89,0,Fainting
60,36.4,85,1,Fainting
57,36.5,100,1,Sleeping
64,36.6,100,0,Sleeping
58,36.7,98,0,Sleeping
63,36.5,97,1,Sleeping
64,36.5,99,0,Sleeping
62,36.2,96,1,Sleeping
62,36.6,99,1,Sleeping
61,36.6,100,0,Sleeping
61,36.5,97,1,Sleeping
51,36.5,96,1,Sleeping
123,37.1,96,2,Stress/Panic
109,37.1,95,5,Stress/Panic
110,36.9,93,3,Stress/Panic
100,36.6,94,2,Stress/Panic
106,37,95,5,Stress/Panic
103,37.1,93,4,Stress/Panic
117,37,95,2,Stress/Panic
118,36.7,93,5,Stress/Panic
129,36.9,93,3,Stress/Panic
105,37.1,94,2,Stress/Panic
92,37.1,100,1,Post-Workout
102,37.4,99,2,Post-Workout
92,37.3,96,2,Post-Workout
91,37.1,95,3,Post-Workout
110,37.2,98,1,Post-Workout
93,37.3,100,2,Post-Workout
118,37.4,98,3,Post-Workout
102,37.3,98,2,Post-Workout
95,37,98,1,Post-Workout
118,37.4,99,1,Post-Workout
68,36.9,98,3,Awake/Idle
72,36.9,95,3,Awake/Idle
78,36.8,98,2,Awake/Idle
79,36.7,98,3,Awake/Idle
63,36.6,97,1,Awake/Idle
75,36.6,100,3,Awake/Idle
60,36.7,95,3,Awake/Idle
78,36.7,97,2,Awake/Idle
61,37,99,2,Awake/Idle
66,36.7,96,2,Awake/Idle
33,35.1,83,1,Unconscious
43,35.1,85,0,Unconscious
44,35.9,86,0,Unconscious
44,36.2,82,0,Unconscious
37,35.6,87,0,Unconscious
47,35.8,85,1,Unconscious
40,35.2,88,0,Unconscious
34,36.1,82,0,Unconscious
47,35.3,82,1,Unconscious
49,35.7,82,0,Unconscious
70,36.8,98,1,Meditation
57,36.9,96,1,Meditation
53,36.6,98,1,Meditation
70,36.8,100,0,Meditation
59,36.5,96,0,Meditation
53,36.7,98,1,Meditation
52,36.7,95,1,Meditation
63,36.6,100,0,Meditation
59,36.9,99,1,Meditation
67,36.8,99,1,Meditation
107,36.6,94,5,Stress/Panic
113,36.9,93,3,Stress/Panic
127,37.1,93,2,Stress/Panic
127,36.6,96,5,Stress/Panic
130,36.6,93,5,Stress/Panic
115,37.1,93,3,Stress/Panic
123,37,95,3,Stress/Panic
102,37,94,5,Stress/Panic
120,37.1,93,4,Stress/Panic
106,36.7,94,5,Stress/Panic
104,37,100,6,Walking
98,37.1,100,7,Walking
92,37.2,96,6,Walking
97,37.1,96,4,Walking
82,37.2,97,6,Walking
85,37.1,100,6,Walking
95,36.8,96,6,Walking
87,37,100,7,Walking
80,37.2,97,5,Walking
93,37.1,96,7,Walking
54,36.6,97,1,Meditation
58,36.7,98,1,Meditation
61,36.6,98,1,Meditation
59,36.8,96,0,Meditation
52,36.6,100,1,Meditation
52,36.5,97,0,Meditation
54,36.9,98,0,Meditation
67,36.7,95,0,Meditation
64,36.7,96,0,Meditation
59,36.8,98,1,Meditation
110,36.8,95,5,Stress/Panic
109,36.6,94,4,Stress/Panic
111,37.1,94,4,Stress/Panic
117,36.5,93,2,Stress/Panic
107,36.8,93,4,Stress/Panic
105,36.6,93,2,Stress/Panic
126,36.9,94,5,Stress/Panic
121,36.8,94,4,Stress/Panic
103,36.7,93,4,Stress/Panic
118,37.1,93,5,Stress/Panic
143,37.2,98,10,Running
171,37.5,92,8,Running
130,37.9,96,10,Running
157,37.7,93,8,Running
178,37.3,93,9,Running
156,37,92,10,Running
171,37.4,93,9,Running
130,37.7,92,8,Running
129,37.3,95,9,Running
135,37.6,94,9,Running
177,37.5,92,8,Running
149,37.6,98,8,Running
121,37.7,95,10,Running
125,37.6,93,10,Running
137,37.1,97,10,Running
145,37.6,96,8,Running
147,37.5,96,8,Running
120,37.1,96,9,Running
166,37.5,94,9,Running
133,37.4,96,10,Running
96,37,97,2,Post-Workout
96,37,97,1,Post-Workout
104,37.4,98,2,Post-Workout
103,37.4,96,2,Post-Workout
93,37.2,99,2,Post-Workout
95,37.1,98,1,Post-Workout
97,37.4,98,1,Post-Workout
102,37.2,99,2,Post-Workout
105,37.1,98,2,Post-Workout
93,37.3,98,1,Post-Workout
69,36.6,96,1,Meditation
61,36.9,97,1,Meditation
65,36.7,100,1,Meditation
63,36.7,98,0,Meditation
55,36.7,98,1,Meditation
62,36.8,96,1,Meditation
58,36.8,97,0,Meditation
55,36.8,99,0,Meditation
50,36.6,97,0,Meditation
69,36.7,99,0,Meditation
79,36.6,99,2,Awake/Idle
79,36.9,100,3,Awake/Idle
79,36.8,96,3,Awake/Idle
68,36.5,100,1,Awake/Idle
78,36.8,100,2,Awake/Idle
67,36.5,95,2,Awake/Idle
76,36.9,97,2,Awake/Idle
64,36.9,100,3,Awake/Idle
66,36.8,99,2,Awake/Idle
67,36.8,95,3,Awake/Idle
110,37.1,96,2,Post-Workout
99,37.2,96,3,Post-Workout
98,37.4,95,1,Post-Workout
109,37.4,97,1,Post-Workout
119,37.3,99,1,Post-Workout
97,37.2,100,2,Post-Workout
93,37.5,98,1,Post-Workout
104,37.4,95,1,Post-Workout
100,37.3,96,2,Post-Workout
115,37.2,99,2,Post-Workout
50,36.6,96,0,Sleeping
54,36.2,96,1,Sleeping
52,36.3,100,1,Sleeping
50,36.5,95,1,Sleeping
54,36.4,98,0,Sleeping
57,36,100,0,Sleeping
62,36,97,0,Sleeping
60,36.3,96,1,Sleeping
54,36.5,98,0,Sleeping
63,36.2,99,0,Sleeping
51,36.8,99,0,Meditation
53,36.9,100,0,Meditation
56,36.8,96,0,Meditation
67,36.5,100,1,Meditation
65,36.7,96,1,Meditation
59,36.6,100,1,Meditation
68,36.7,96,1,Meditation
68,36.8,95,1,Meditation
59,36.7,95,0,Meditation
55,36.5,99,0,Meditation
61,36.9,97,1,Meditation
50,36.5,96,0,Meditation
66,36.8,99,1,Meditation
60,36.6,100,1,Meditation
61,36.8,96,0,Meditation
68,36.9,99,1,Meditation
63,36.9,98,0,Meditation
59,36.8,99,1,Meditation
66,36.6,98,0,Meditation
58,36.6,97,1,Meditation
98,36.8,70,2,Hypoxia
66,36.1,87,1,Hypoxia
95,36.6,80,1,Hypoxia
66,36.4,86,0,Hypoxia
84,36.5,83,1,Hypoxia
62,36.2,90,1,Hypoxia
89,36.9,81,0,Hypoxia
97,36.3,88,2,Hypoxia
66,36.7,73,1,Hypoxia
81,36.4,79,0,Hypoxia
51,36.1,87,1,Fainting
39,35.8,89,1,Fainting
51,35.7,86,0,Fainting
41,36.1,94,1,Fainting
56,36.1,94,1,Fainting
59,35.7,91,0,Fainting
48,35.6,87,0,Fainting
31,36.2,89,1,Fainting
56,35.6,85,1,Fainting
37,35.6,85,1,Fainting
118,36.9,94,3,Stress/Panic
109,37,93,2,Stress/Panic
115,36.9,94,2,Stress/Panic
127,36.7,96,3,Stress/Panic
117,36.8,93,4,Stress/Panic
114,37,94,3,Stress/Panic
102,36.5,94,4,Stress/Panic
126,36.6,93,4,Stress/Panic
119,36.8,94,5,Stress/Panic
126,36.6,96,3,Stress/Panic
63,36.7,99,0,Meditation
60,36.8,96,0,Meditation
50,36.6,96,1,Meditation
64,36.8,99,1,Meditation
55,36.6,97,1,Meditation
67,36.8,95,1,Meditation
59,36.6,97,0,Meditation
58,36.8,95,1,Meditation
64,36.6,100,1,Meditation
59,36.8,97,1,Meditation
110,36.8,93,4,Stress/Panic
107,37,95,4,Stress/Panic
111,36.6,93,4,Stress/Panic
127,37,95,2,Stress/Panic
122,36.6,94,2,Stress/Panic
120,37,93,2,Stress/Panic
106,37.2,95,5,Stress/Panic
107,36.7,94,4,Stress/Panic
103,36.9,93,5,Stress/Panic
109,36.6,94,2,Stress/Panic
100,36.8,87,1,Hypoxia
70,36,81,2,Hypoxia
74,36.5,87,0,Hypoxia
95,36.8,73,2,Hypoxia
64,36.7,70,2,Hypoxia
87,36.6,87,2,Hypoxia
71,36.7,82,1,Hypoxia
69,36.3,83,2,Hypoxia
84,36.3,81,1,Hypoxia
73,36.3,88,2,Hypoxia
131,37.6,94,8,Running
178,37.9,97,10,Running
130,37.5,94,10,Running
156,37.5,98,10,Running
154,37.5,96,10,Running
135,37.6,94,10,Running
133,37.3,97,8,Running
138,37.6,98,8,Running
161,37.5,95,8,Running
124,37.3,95,8,Running
34,35,84,1,Unconscious
50,35.9,87,1,Unconscious
43,36.3,87,1,Unconscious
32,35.5,86,1,Unconscious
37,35.2,86,1,Unconscious
32,35.7,87,1,Unconscious
44,36.2,88,0,Unconscious
35,36.1,86,0,Unconscious
42,35.1,87,1,Unconscious
36,36,84,1,Unconscious
124,37.2,92,10,Running
157,37.8,92,8,Running
154,37.8,97,9,Running
152,37.6,98,8,Running
152,37.1,95,9,Running
159,37.1,98,9,Running
128,37.5,92,9,Running
172,37.8,97,9,Running
132,37.1,98,9,Running
148,37.9,97,9,Running
63,36.4,95,1,Sleeping
61,36.3,99,0,Sleeping
58,36.6,100,0,Sleeping
58,36.1,96,0,Sleeping
65,36.7,96,1,Sleeping
57,36.2,98,0,Sleeping
63,36.4,97,0,Sleeping
65,36.1,99,1,Sleeping
50,36,97,1,Sleeping
65,36.4,97,0,Sleeping
64,37,95,1,Awake/Idle
64,36.9,97,3,Awake/Idle
60,36.9,98,3,Awake/Idle
71,36.5,98,3,Awake/Idle
62,36.6,99,2,Awake/Idle
63,36.9,100,2,Awake/Idle
62,36.5,97,3,Awake/Idle
70,36.7,100,3,Awake/Idle
73,36.5,97,1,Awake/Idle
75,37,97,3,Awake/Idle
112,37.4,97,1,Post-Workout
103,37.5,97,2,Post-Workout
118,37.2,95,2,Post-Workout
102,37.2,100,2,Post-Workout
108,37.5,96,1,Post-Workout
99,37.4,96,2,Post-Workout
94,37.4,95,1,Post-Workout
95,37,95,1,Post-Workout
105,37.1,96,2,Post-Workout
97,37.1,99,1,Post-Workout
65,36.3,96,0,Sleeping
64,36.7,96,1,Sleeping
63,36,99,0,Sleeping
56,36.5,100,0,Sleeping
54,36.5,100,1,Sleeping
62,36.4,99,1,Sleeping
52,36.2,100,1,Sleeping
65,36.3,99,1,Sleeping
53,36.4,96,0,Sleeping
53,36.6,95,0,Sleeping
64,36.7,96,1,Sleeping
64,36.5,96,0,Sleeping
60,36.1,99,1,Sleeping
57,36.4,98,1,Sleeping
52,36.4,99,1,Sleeping
55,36.3,97,1,Sleeping
58,36.5,98,1,Sleeping
63,36.6,99,1,Sleeping
56,36,95,1,Sleeping
62,36.1,98,1,Sleeping
69,36.5,95,2,Awake/Idle
61,36.8,100,1,Awake/Idle
67,36.8,96,3,Awake/Idle
79,36.7,96,3,Awake/Idle
67,37,96,3,Awake/Idle
79,36.9,97,2,Awake/Idle
65,36.5,99,3,Awake/Idle
65,36.6,99,1,Awake/Idle
68,36.8,96,3,Awake/Idle
78,37,98,2,Awake/Idle
91,36.5,73,2,Hypoxia
84,36.6,71,1,Hypoxia
79,36.4,91,2,Hypoxia
62,36.6,71,2,Hypoxia
63,36.4,73,0,Hypoxia
77,36.7,72,1,Hypoxia
98,36.6,85,1,Hypoxia
76,36.7,80,2,Hypoxia
93,36.4,88,1,Hypoxia
61,36.6,79,0,Hypoxia
114,37.5,100,1,Post-Workout
120,37,96,1,Post-Workout
93,37.4,99,2,Post-Workout
120,37.4,96,2,Post-Workout
98,37.3,100,2,Post-Workout
105,37.2,97,2,Post-Workout
90,37.3,95,3,Post-Workout
120,37.4,99,1,Post-Workout
100,37,95,2,Post-Workout
110,37.4,96,1,Post-Workout
88,37,100,7,Walking
87,36.8,99,5,Walking
107,37.1,99,5,Walking
101,36.9,95,4,Walking
98,36.8,100,5,Walking
83,37.1,98,6,Walking
97,36.8,100,6,Walking
110,37.1,99,6,Walking
82,37.2,97,7,Walking
92,36.8,97,7,Walking
42,35.2,89,1,Unconscious
50,36,85,1,Unconscious
50,35.8,90,0,Unconscious
34,36.4,85,1,Unconscious
42,36.5,90,1,Unconscious
40,35,87,0,Unconscious
38,35.6,89,1,Unconscious
44,35.6,86,1,Unconscious
41,35.8,83,0,Unconscious
37,36.2,89,1,Unconscious
56,36.4,100,1,Sleeping
58,36.5,97,1,Sleeping
65,36.1,96,0,Sleeping
55,36.5,96,0,Sleeping
59,36.7,100,1,Sleeping
65,36.6,96,0,Sleeping
53,36.5,99,0,Sleeping
59,36.1,95,1,Sleeping
58,36.1,98,1,Sleeping
62,36.1,97,0,Sleeping
84,36.8,95,5,Walking
95,37,98,6,Walking
82,37,99,4,Walking
105,37,96,7,Walking
87,36.9,96,7,Walking
87,37.2,95,5,Walking
97,36.9,96,6,Walking
82,36.9,96,7,Walking
102,37.1,97,4,Walking
110,36.9,97,7,Walking
42,36.3,93,0,Fainting
46,35.9,85,0,Fainting
58,35.8,90,0,Fainting
59,35.7,93,1,Fainting
50,35.7,90,1,Fainting
53,35.5,86,0,Fainting
43,35.9,94,0,Fainting
32,36,93,0,Fainting
52,35.6,93,1,Fainting
42,35.9,86,0,Fainting
98,37,96,7,Walking
83,36.7,97,7,Walking
86,37.1,99,5,Walking
102,36.8,97,4,Walking
91,37,98,6,Walking
105,36.9,96,4,Walking
110,37.1,99,7,Walking
85,36.8,97,6,Walking
104,36.7,95,4,Walking
82,37,97,4,Walking
72,36.7,96,3,Awake/Idle
60,36.7,95,3,Awake/Idle
80,36.6,96,3,Awake/Idle
78,36.8,97,3,Awake/Idle
62,36.5,99,2,Awake/Idle
70,36.9,96,2,Awake/Idle
68,36.8,99,2,Awake/Idle
60,36.7,99,2,Awake/Idle
70,36.8,95,1,Awake/Idle
67,36.5,99,3,Awake/Idle
64,36.4,99,0,Sleeping
59,36.6,95,1,Sleeping
57,36.5,97,1,Sleeping
60,36.3,99,0,Sleeping
63,36.5,99,1,Sleeping
62,36.5,98,1,Sleeping
57,36.5,96,0,Sleeping
62,36.1,97,1,Sleeping
57,36.3,100,1,Sleeping
56,36.2,95,1,Sleeping
109,36.5,91,9,Seizure
139,36.6,93,10,Seizure
121,36.5,91,10,Seizure
122,36.5,91,9,Seizure
133,36.9,88,9,Seizure
104,37.4,92,10,Seizure
95,37,91,10,Seizure
111,37.5,90,9,Seizure
120,37,92,10,Seizure
123,37.3,88,10,Seizure
